"SPECIES_SCIENTIFIC","SPECIES_COMMON","DATE OF COLLECTION (DD/MO/YYYY)","TAG .","TL(CM)","PCL (CM)","SEX (M/F)","LOCATION_SPECIFIC","GENERAL GEOGRAPHIC LOCATION","LATITUDE","LONGITUDE","DATATYPE","DAY","MONTH","YEAR"
"PORODERMA AFRICANUM","Pyjama catshark","07 OCTOBER 2010","A0161",56.5,47.3,"M","WALKER BAY","Hermanus",-34.422851,19.262768,"LINEFISHING","07","10","2010"
"MUSTELUS MUSTELUS","Smooth houndshark","03 MARCH 2011","A2957",146,118,"F","STRANDFONTEIN","False Bay",-34.087406,18.581635,"LINEFISHING","03","03","2011"
"MUSTELUS MUSTELUS","Smooth houndshark","03 MARCH 2011","A2958",155,120,"F","STRANDFONTEIN","False Bay",-34.087406,18.581635,"LINEFISHING","03","03","2011"
"MUSTELUS MUSTELUS","Smooth houndshark","03 MARCH 2011","A2959",149,123,"F","STRANDFONTEIN","False Bay",-34.087406,18.581635,"LINEFISHING","03","03","2011"
"MUSTELUS MUSTELUS","Smooth houndshark","03 MARCH 2011","A2960",147,117,"F","STRANDFONTEIN","False Bay",-34.087406,18.581635,"LINEFISHING","03","03","2011"
"HAPLOBLEPHARUS PICTUS","Dark shyshark","20 JANUARY 2014","finclip only",51,40,"F","OLD HARBOUR","Walker Bay",-34.421092,19.250323,"LINEFISHING","20","01","2014"
"CARCHARHINUS BRACHYURUS","Bronze whaler","01 MARCH 2011","A2962",168,119,"M","STRANDFONTEIN","False Bay",-34.087406,18.581635,"LINEFISHING","01","03","2011"
"CARCHARHINUS BRACHYURUS","Bronze whaler","01 MARCH 2011","A2963",171,125,"M","STRANDFONTEIN","False Bay",-34.087406,18.581635,"LINEFISHING","01","03","2011"
"CARCHARHINUS BRACHYURUS","Bronze whaler","01 MARCH 2011","A2964",154,113,"F","STRANDFONTEIN","False Bay",-34.087406,18.581635,"LINEFISHING","01","03","2011"
"PORODERMA PANTHERINUM","Leopard catshark","16 MAY 2011","A0178",57,46.5,"F","WALKER BAY","Hermanus",-34.422851,19.262768,"LINEFISHING","16","05","2011"
"HAPLOBLEPHARUS EDWARDSII","Puffadder shyshark","16 MAY 2011","A1720",58.5,47.5,"F","WALKER BAY","Hermanus",-34.422851,19.262768,"LINEFISHING","16","05","2011"
"MUSTELUS MUSTELUS","Smooth houndshark","03 MARCH 2011","A2951",NA,163.5,"F","STRANDFONTEIN","False Bay",-34.087406,18.581635,"LINEFISHING","03","03","2011"
"MUSTELUS MUSTELUS","Smooth houndshark","03 MARCH 2011","A2952",162,135,"F","STRANDFONTEIN","False Bay",-34.087406,18.581635,"LINEFISHING","03","03","2011"
"MUSTELUS MUSTELUS","Smooth houndshark","03 MARCH 2011","A2953",171,137,"F","STRANDFONTEIN","False Bay",-34.087406,18.581635,"LINEFISHING","03","03","2011"
"MUSTELUS MUSTELUS","Smooth houndshark","03 MARCH 2011","A2954",165,135,"F","STRANDFONTEIN","False Bay",-34.087406,18.581635,"LINEFISHING","03","03","2011"
"MUSTELUS MUSTELUS","Smooth houndshark","03 MARCH 2011","A2955",166,136,"F","STRANDFONTEIN","False Bay",-34.087406,18.581635,"LINEFISHING","03","03","2011"
"MUSTELUS MUSTELUS","Smooth houndshark","03 MARCH 2011","A2956",149,118,"F","STRANDFONTEIN","False Bay",-34.087406,18.581635,"LINEFISHING","03","03","2011"
"HAPLOBLEPHARUS PICTUS","Dark shyshark","21 FEBRUARY 2014","D136032",43,NA,"f","OLD HARBOUR","Walker Bay",-34.421092,19.250323,"LINEFISHING","21","02","2014"
"HAPLOBLEPHARUS PICTUS","Dark shyshark","21 FEBRUARY 2014","D136045",59.5,NA,"M","OLD HARBOUR","Walker Bay",-34.421092,19.250323,"LINEFISHING","21","02","2014"
"ACROTERIOBATUS ANNULATUS","Lesser sandshark","22 FEBRUARY 2013","A3229",85.5,NA,"F","DIE PLAAT","Struisbaai",-34.746433,20.068497,"LINEFISHING","22","02","2013"
"ACROTERIOBATUS ANNULATUS","A","22 FEBRUARY 2013","A5930",92,NA,"F","DIE PLAAT","Struisbaai",-34.746433,20.068497,"LINEFISHING","22","02","2013"
"ACROTERIOBATUS ANNULATUS","Lesser sandshark","22 FEBRUARY 2013","A3656",89.5,NA,"F","DIE PLAAT","Struisbaai",-34.746433,20.068497,"LINEFISHING","22","02","2013"
"ACROTERIOBATUS ANNULATUS","Lesser sandshark","22 FEBRUARY 2013","A3653",89.5,NA,"F","DIE PLAAT","Struisbaai",-34.746433,20.068497,"LINEFISHING","22","02","2013"
"ACROTERIOBATUS ANNULATUS","Lesser sandshark","21 FEBRUARY 2013","A5929",NA,NA,NA,"DIE PLAAT","Struisbaai",-34.746433,20.068497,"LINEFISHING","21","02","2013"
"ACROTERIOBATUS ANNULATUS","Lesser sandshark","21 FEBRUARY 2013","A3658",85,NA,"F","DIE PLAAT","Struisbaai",-34.746433,20.068497,"LINEFISHING","21","02","2013"
"ACROTERIOBATUS ANNULATUS","Lesser sandshark","21 FEBRUARY 2013","A3659",85,NA,"M","DIE PLAAT","Struisbaai",-34.746433,20.068497,"LINEFISHING","21","02","2013"
"PORODERMA AFRICANUM","Pyjama catshark","21 FEBRUARY 2013","A121519",88.5,NA,"M","OLD HARBOUR","Walker Bay",-34.421092,19.250323,"LINEFISHING","21","02","2013"
"HAPLOBLEPHARUS PICTUS","Dark shyshark","21 FEBRUARY 2013","D136020",57.5,NA,"M","OLD HARBOUR","Walker Bay",-34.421092,19.250323,"LINEFISHING","21","02","2013"
"ACROTERIOBATUS ANNULATUS","Lesser sandshark","21 FEBRUARY 2013","A3663 (2)",86.5,NA,"F","DIE PLAAT","Struisbaai",-34.746433,20.068497,"LINEFISHING","21","02","2013"
"ACROTERIOBATUS ANNULATUS","Lesser sandshark","21 FEBRUARY 2013","A3654",86,NA,"F","DIE PLAAT","Struisbaai",-34.746433,20.068497,"LINEFISHING","21","02","2013"
"ACROTERIOBATUS ANNULATUS","Lesser sandshark","21 FEBRUARY 2013","A5933",85,NA,"F","DIE PLAAT","Struisbaai",-34.746433,20.068497,"LINEFISHING","21","02","2013"
"ACROTERIOBATUS ANNULATUS","Lesser sandshark","22 FEBRUARY 2013","A3660",85,NA,"F","DIE PLAAT","Struisbaai",-34.746433,20.068497,"LINEFISHING","22","02","2013"
"CARCHARHINUS BRACHYURUS","Bronze whaler","01 MARCH 2011","A2965",143,NA,"F","STRANDFONTEIN","False Bay",-34.087406,18.581635,"LINEFISHING","01","03","2011"
"CARCHARHINUS BRACHYURUS","Bronze whaler","01 MARCH 2011","A2974",NA,120,"M","STRANDFONTEIN","False Bay",-34.087406,18.581635,"LINEFISHING","01","03","2011"
"CARCHARHINUS BRACHYURUS","Bronze whaler","01 MARCH 2011","A2975",189,NA,"F","STRANDFONTEIN","False Bay",-34.087406,18.581635,"LINEFISHING","01","03","2011"
"CARCHARHINUS BRACHYURUS","Bronze whaler","28 FEBRUARY 2011","A2976",277,NA,"F","STRANDFONTEIN","False Bay",-34.087406,18.581635,"LINEFISHING","28","02","2011"
"ACROTERIOBATUS ANNULATUS","Lesser sandshark","10 FEBRUARY 2014","A4930",86,NA,"F","DIE PLAAT","Struisbaai",-34.746433,20.068497,"LINEFISHING","10","02","2014"
"CARCHARHINUS BRACHYURUS","Bronze whaler","28 FEBRUARY 2011","A2978",143,NA,"M","STRANDFONTEIN","False Bay",-34.087406,18.581635,"LINEFISHING","28","02","2011"
"CARCHARHINUS BRACHYURUS","Bronze whaler","28 FEBRUARY 2011","A2979",231,NA,"F","STRANDFONTEIN","False Bay",-34.087406,18.581635,"LINEFISHING","28","02","2011"
"CARCHARHINUS BRACHYURUS","Bronze whaler","28 FEBRUARY 2011","A2980",200,NA,"F","STRANDFONTEIN","False Bay",-34.087406,18.581635,"LINEFISHING","28","02","2011"
"CARCHARHINUS BRACHYURUS","Bronze whaler","28 FEBRUARY 2011","A2981",166,NA,"F","STRANDFONTEIN","False Bay",-34.087406,18.581635,"LINEFISHING","28","02","2011"
"CARCHARHINUS BRACHYURUS","Bronze whaler","01 MARCH 2011","A2966",168,NA,"M","STRANDFONTEIN","False Bay",-34.087406,18.581635,"LINEFISHING","01","03","2011"
"CARCHARHINUS BRACHYURUS","Bronze whaler","01 MARCH 2011","A2967",129,NA,"F","STRANDFONTEIN","False Bay",-34.087406,18.581635,"LINEFISHING","01","03","2011"
"CARCHARHINUS BRACHYURUS","Bronze whaler","01 MARCH 2011","A2968",151,NA,"M","STRANDFONTEIN","False Bay",-34.087406,18.581635,"LINEFISHING","01","03","2011"
"ACROTERIOBATUS ANNULATUS","Lesser sandshark","10 FEBRUARY 2014","A3223",87.5,NA,"F","DIE PLAAT","Struisbaai",-34.746433,20.068497,"LINEFISHING","10","02","2014"
"MUSTELUS MUSTELUS","Smooth houndshark","01 MARCH 2011","A2970",155,NA,"F","STRANDFONTEIN","False Bay",-34.087406,18.581635,"LINEFISHING","01","03","2011"
"CARCHARHINUS BRACHYURUS","Bronze whaler","01 MARCH 2011","A2971",170,NA,"M","STRANDFONTEIN","False Bay",-34.087406,18.581635,"LINEFISHING","01","03","2011"
"CARCHARHINUS BRACHYURUS","Bronze whaler","01 MARCH 2011","A2972",NA,153,"F","STRANDFONTEIN","False Bay",-34.087406,18.581635,"LINEFISHING","01","03","2011"
"CARCHARHINUS BRACHYURUS","Bronze whaler","01 MARCH 2011","A2973",231,NA,"F","STRANDFONTEIN","False Bay",-34.087406,18.581635,"LINEFISHING","01","03","2011"
"ACROTERIOBATUS ANNULATUS","Lesser sandshark","21 FEBRUARY 2013","A3663(1)",84.5,74,"F","DIE PLAAT","Struisbaai",-34.746433,20.068497,"LINEFISHING","21","02","2013"
"ACROTERIOBATUS ANNULATUS","Lesser sandshark","20 FEBRUARY 2013","A5813",86,74,"M","DIE PLAAT","Struisbaai",-34.746433,20.068497,"LINEFISHING","20","02","2013"
"HAPLOBLEPHARUS PICTUS","Dark shyshark","21 FEBRUARY 2014","A121525",59.5,NA,"M","OLD HARBOUR","Walker Bay",-34.421092,19.250323,"LINEFISHING","21","02","2014"
"ACROTERIOBATUS ANNULATUS","Lesser sandshark","20 FEBRUARY 2013","A5809",88,NA,"F","DIE PLAAT","Struisbaai",-34.746433,20.068497,"LINEFISHING","20","02","2013"
"ACROTERIOBATUS ANNULATUS","Lesser sandshark","20 FEBRUARY 2013","A5812",88,NA,"F","DIE PLAAT","Struisbaai",-34.746433,20.068497,"LINEFISHING","20","02","2013"
"ACROTERIOBATUS ANNULATUS","Lesser sandshark","20 FEBRUARY 2013","A5807",84.5,NA,"F","DIE PLAAT","Struisbaai",-34.746433,20.068497,"LINEFISHING","20","02","2013"
"ACROTERIOBATUS ANNULATUS","Lesser sandshark","20 FEBRUARY 2013","A5816",78.5,NA,"M","DIE PLAAT","Struisbaai",-34.746433,20.068497,"LINEFISHING","20","02","2013"
"ACROTERIOBATUS ANNULATUS","Lesser sandshark","20 FEBRUARY 2013","A5814",81,NA,"F","DIE PLAAT","Struisbaai",-34.746433,20.068497,"LINEFISHING","20","02","2013"
"ACROTERIOBATUS ANNULATUS","Lesser sandshark","20 FEBRUARY 2013","A5815",74.5,NA,"F","DIE PLAAT","Struisbaai",-34.746433,20.068497,"LINEFISHING","20","02","2013"
"ACROTERIOBATUS ANNULATUS","Lesser sandshark","21 FEBRUARY 2013","A3655",94,NA,"F","DIE PLAAT","Struisbaai",-34.746433,20.068497,"LINEFISHING","21","02","2013"
"ACROTERIOBATUS ANNULATUS","Lesser sandshark","20 FEBRUARY 2013","A5805",86,NA,"F","DIE PLAAT","Struisbaai",-34.746433,20.068497,"LINEFISHING","20","02","2013"
"ACROTERIOBATUS ANNULATUS","Lesser sandshark","20 FEBRUARY 2013","A5824",98,NA,"F","DIE PLAAT","Struisbaai",-34.746433,20.068497,"LINEFISHING","20","02","2013"
"ACROTERIOBATUS ANNULATUS","Lesser sandshark","20 FEBRUARY 2013","A5802",84,NA,"F","DIE PLAAT","Struisbaai",-34.746433,20.068497,"LINEFISHING","20","02","2013"
"ACROTERIOBATUS ANNULATUS","Lesser sandshark","20 FEBRUARY 2013","A5801",82,NA,"F","DIE PLAAT","Struisbaai",-34.746433,20.068497,"LINEFISHING","20","02","2013"
"ACROTERIOBATUS ANNULATUS","Lesser sandshark","20 FEBRUARY 2013","A5818",85,NA,"F","DIE PLAAT","Struisbaai",-34.746433,20.068497,"LINEFISHING","20","02","2013"
"ACROTERIOBATUS ANNULATUS","Lesser sandshark","20 FEBRUARY 2013","A5806",89,NA,"F","DIE PLAAT","Struisbaai",-34.746433,20.068497,"LINEFISHING","20","02","2013"
"CARCHARHINUS BRACHYURUS","Bronze whaler","11 JANUARY 2014","A5935 (2)",NA,131,"F","BIRD SANCTUARY","False Bay",-34.074067,18.680121,"LINEFISHING","11","01","2014"
"CARCHARHINUS BRACHYURUS","Bronze whaler","28 JANUARY 2011","A2982",176,NA,"F","STRANDFONTEIN","False Bay",-34.087406,18.581635,"LINEFISHING","28","01","2011"
"ACROTERIOBATUS ANNULATUS","Lesser sandshark","10 FEBRUARY 2014","A4946",84,NA,"F","DIE PLAAT","Struisbaai",-34.746433,20.068497,"LINEFISHING","10","02","2014"
"CARCHARHINUS BRACHYURUS","Bronze whaler","28 FEBRUARY 2011","A2992",172,NA,"M","STRANDFONTEIN","False Bay",-34.087406,18.581635,"LINEFISHING","28","02","2011"
"CARCHARHINUS BRACHYURUS","Bronze whaler","28 FEBRUARY 2011","A2993",221,NA,"F","STRANDFONTEIN","False Bay",-34.087406,18.581635,"LINEFISHING","28","02","2011"
"CARCHARHINUS BRACHYURUS","Bronze whaler","28 FEBRUARY 2011","A2994",176,NA,"F","STRANDFONTEIN","False Bay",-34.087406,18.581635,"LINEFISHING","28","02","2011"
"ACROTERIOBATUS ANNULATUS","Lesser sandshark","10 FEBRUARY 2014","A4939",75,NA,"F","DIE PLAAT","Struisbaai",-34.746433,20.068497,"LINEFISHING","10","02","2014"
"ACROTERIOBATUS ANNULATUS","Lesser sandshark","10 FEBRUARY 2014","A4937",88,NA,"F","DIE PLAAT","Struisbaai",-34.746433,20.068497,"LINEFISHING","10","02","2014"
"CARCHARHINUS BRACHYURUS","Bronze whaler","07 DECEMBER 2011","A2997",80,NA,"F","STRANDFONTEIN","False Bay",-34.087406,18.581635,"LINEFISHING","07","12","2011"
"CARCHARHINUS BRACHYURUS","Bronze whaler","28 FEBRUARY 2011","A2998",163,NA,"F","STRANDFONTEIN","False Bay",-34.087406,18.581635,"LINEFISHING","28","02","2011"
"HAPLOBLEPHARUS PICTUS","Dark shyshark","20 JANUARY 2014","finclip only",66,NA,"M","OLD HARBOUR","Walker Bay",-34.421092,19.250323,"LINEFISHING","20","01","2014"
"CARCHARHINUS BRACHYURUS","Bronze whaler","28 FEBRUARY 2011","A2984",169,NA,"M","STRANDFONTEIN","False Bay",-34.087406,18.581635,"LINEFISHING","28","02","2011"
"CARCHARHINUS BRACHYURUS","Bronze whaler","28 FEBRUARY 2011","A2985",215,NA,"F","STRANDFONTEIN","False Bay",-34.087406,18.581635,"LINEFISHING","28","02","2011"
"CARCHARHINUS BRACHYURUS","Bronze whaler","28 FEBRUARY 2011","A2986",182,NA,"F","STRANDFONTEIN","False Bay",-34.087406,18.581635,"LINEFISHING","28","02","2011"
"CARCHARHINUS BRACHYURUS","Bronze whaler","28 FEBRUARY 2011","A2987",162,NA,"M","STRANDFONTEIN","False Bay",-34.087406,18.581635,"LINEFISHING","28","02","2011"
"HAPLOBLEPHARUS EDWARDSII","Puffadder shyshark","20 JANUARY 2014","finclip only",63.8,NA,"M","OLD HARBOUR","Walker Bay",-34.421092,19.250323,"LINEFISHING","20","01","2014"
"CARCHARHINUS BRACHYURUS","Bronze whaler","28 FEBRUARY 2011","A2989",174,NA,"F","STRANDFONTEIN","False Bay",-34.087406,18.581635,"LINEFISHING","28","02","2011"
"GALEORHINUS GALEUS","Soupfin shark","01 MARCH 2011","A2990",158,NA,"F","STRANDFONTEIN","False Bay",-34.087406,18.581635,"LINEFISHING","01","03","2011"
"ACROTERIOBATUS ANNULATUS","Lesser sandshark","20 FEBRUARY 2013","A5803",87,NA,"F","DIE PLAAT","Struisbaai",-34.746433,20.068497,"LINEFISHING","20","02","2013"
"ACROTERIOBATUS ANNULATUS","Lesser sandshark","20 FEBRUARY 2013","A3214",81,NA,"F","DIE PLAAT","Struisbaai",-34.746433,20.068497,"LINEFISHING","20","02","2013"
"ACROTERIOBATUS ANNULATUS","Lesser sandshark","20 FEBRUARY 2013","A3226",90,NA,"F","DIE PLAAT","Struisbaai",-34.746433,20.068497,"LINEFISHING","20","02","2013"
"ACROTERIOBATUS ANNULATUS","Lesser sandshark","20 FEBRUARY 2013","A5811",85,NA,"M","DIE PLAAT","Struisbaai",-34.746433,20.068497,"LINEFISHING","20","02","2013"
"HAPLOBLEPHARUS EDWARDSII","Puffadder shyshark","06 MARCH 2013","A3205",55,NA,"M","WALKER BAY","Hermanus",-34.422851,19.262768,"LINEFISHING","06","03","2013"
"PORODERMA PANTHERINUM","Leopard catshark","28 AUGUST 2013","finclip only",59.5,NA,"F","WALKER BAY","Hermanus",-34.422851,19.262768,"LINEFISHING","28","08","2013"
"HAPLOBLEPHARUS PICTUS","Dark shyshark","28 AUGUST 2013","finclip only",50,NA,"F","WALKER BAY","Hermanus",-34.422851,19.262768,"LINEFISHING","28","08","2013"
"HAPLOBLEPHARUS PICTUS","Dark shyshark","28 AUGUST 2013","finclip only",54,NA,"M","WALKER BAY","Hermanus",-34.422851,19.262768,"LINEFISHING","28","08","2013"
"HAPLOBLEPHARUS PICTUS","Dark shyshark","28 AUGUST 2013","finclip only",60,NA,"M","WALKER BAY","Hermanus",-34.422851,19.262768,"LINEFISHING","28","08","2013"
"ACROTERIOBATUS ANNULATUS","Lesser sandshark","20 FEBRUARY 2013","A3237",91,NA,"F","DIE PLAAT","Struisbaai",-34.746433,20.068497,"LINEFISHING","20","02","2013"
"HAPLOBLEPHARUS PICTUS","Dark shyshark","21 FEBRUARY 2014","D136029",56,NA,"F","OLD HARBOUR","Walker Bay",-34.421092,19.250323,"LINEFISHING","21","02","2014"
"ACROTERIOBATUS ANNULATUS","Lesser sandshark","20 FEBRUARY 2013","A5810",89,NA,"F","DIE PLAAT","Struisbaai",-34.746433,20.068497,"LINEFISHING","20","02","2013"
"ACROTERIOBATUS ANNULATUS","Lesser sandshark","20 FEBRUARY 2013","A5948",86,NA,"F","DIE PLAAT","Struisbaai",-34.746433,20.068497,"LINEFISHING","20","02","2013"
"ACROTERIOBATUS ANNULATUS","Lesser sandshark","20 FEBRUARY 2013","A5808",98,NA,"F","DIE PLAAT","Struisbaai",-34.746433,20.068497,"LINEFISHING","20","02","2013"
"ACROTERIOBATUS ANNULATUS","Lesser sandshark","20 FEBRUARY 2013","A5804",87,NA,"F","DIE PLAAT","Struisbaai",-34.746433,20.068497,"LINEFISHING","20","02","2013"
"PORODERMA AFRICANUM","Pyjama catshark","21 FEBRUARY 2014","A4840",82,NA,"M","OLD HARBOUR","Walker Bay",-34.421092,19.250323,"LINEFISHING","21","02","2014"
"ACROTERIOBATUS ANNULATUS","Lesser sandshark","20 FEBRUARY 2013","A5828",98,NA,"F","DIE PLAAT","Struisbaai",-34.746433,20.068497,"LINEFISHING","20","02","2013"
"ACROTERIOBATUS ANNULATUS","Lesser sandshark","07 FEBRUARY 2013","A5924 (?)",90.2,NA,"M","KABELJOUS","Jeffrey's Bay",-34.0141,24.93195,"LINEFISHING","07","02","2013"
"DASYATIS CHRYSONOTA","Blue stingray","07 DECEMBER 2011","A2937",30,NA,"NO SEX","OPPOSITE ST. CROIX ISLAND","Algoa Bay",-33.799881,25.757088,"LINEFISHING","07","12","2011"
"DASYATIS CHRYSONOTA","Blue stingray","07 FEBRUARY 2013","A5838",40,NA,"F","KABELJOUS","Jeffrey's Bay",-34.0141,24.93195,"LINEFISHING","07","02","2013"
"CARCHARIAS TAURUS","Ragged-tooth shark","11 FEBRUARY 2014","A5877",192,NA,"F","DIE PLAAT","Struisbaai",-34.746433,20.068497,"LINEFISHING","11","02","2014"
"PORODERMA AFRICANUM","Pyjama catshark","14 FEBRUARY 2014","A4848",93,NA,"F","DIE DAM","Agulhas",-34.768677,19.686647,"LINEFISHING","14","02","2014"
"ACROTERIOBATUS ANNULATUS","Lesser sandshark","10 FEBRUARY 2014","A4936",80,NA,"F","DIE PLAAT","Struisbaai",-34.746433,20.068497,"LINEFISHING","10","02","2014"
"MUSTELUS MUSTELUS","Smooth houndshark","13 FEBRUARY 2014","A4874",105,NA,"F","DIE MOND","Struisbaai",-34.716851,20.118269,"LINEFISHING","13","02","2014"
"ACROTERIOBATUS ANNULATUS","Lesser sandshark","10 FEBRUARY 2014","A4932",77,NA,"F","DIE PLAAT","Struisbaai",-34.746433,20.068497,"LINEFISHING","10","02","2014"
"ACROTERIOBATUS ANNULATUS","Lesser sandshark","10 FEBRUARY 2014","A4922 (1)",90.5,NA,"F","DIE PLAAT","Struisbaai",-34.746433,20.068497,"LINEFISHING","10","02","2014"
"CARCHARHINUS BRACHYURUS","Bronze whaler","28 FEBRUARY 2011","A3000",NA,170,"M","STRANDFONTEIN","False Bay",-34.087406,18.581635,"LINEFISHING","28","02","2011"
"CARCHARHINUS BRACHYURUS","Bronze whaler","28 FEBRUARY 2011","A3649",173,NA,"F","STRANDFONTEIN","False Bay",-34.087406,18.581635,"LINEFISHING","28","02","2011"
"ACROTERIOBATUS ANNULATUS","Lesser sandshark","10 FEBRUARY 2014","A4945",88,NA,"F","DIE PLAAT","Struisbaai",-34.746433,20.068497,"LINEFISHING","10","02","2014"
"ACROTERIOBATUS ANNULATUS","Lesser sandshark","10 FEBRUARY 2014","A4897",87,NA,"F","DIE PLAAT","Struisbaai",-34.746433,20.068497,"LINEFISHING","10","02","2014"
"NOTORHYNCHUS CEPEDIANUS","Sevengill cowshark","16 APRIL 2011","A1718",NA,149,"F","STONY POINT","Betty's Bay",-34.373282,18.898694,"LINEFISHING","16","04","2011"
"ACROTERIOBATUS ANNULATUS","Lesser sandshark","10 FEBRUARY 2014","A4943",82,NA,"F","DIE PLAAT","Struisbaai",-34.746433,20.068497,"LINEFISHING","10","02","2014"
"HAPLOBLEPHARUS EDWARDSII","Puffadder shyshark","03 JUNE 2011","A1650",56,NA,"M","WALKER BAY","Hermanus",-34.422851,19.262768,"LINEFISHING","03","06","2011"
"ACROTERIOBATUS ANNULATUS","Lesser sandshark","20 FEBRUARY 2013","A5928",92,NA,"F","DIE PLAAT","Struisbaai",-34.746433,20.068497,"LINEFISHING","20","02","2013"
"HAPLOBLEPHARUS EDWARDSII","Puffadder shyshark","28 AUGUST 2013","finclip only",57.5,NA,"M","WALKER BAY","Hermanus",-34.422851,19.262768,"LINEFISHING","28","08","2013"
"PORODERMA PANTHERINUM","Leopard catshark","21 FEBRUARY 2014","A121527",49,NA,"F","WALKER BAY","Hermanus",-34.422851,19.262768,"LINEFISHING","21","02","2014"
"PORODERMA AFRICANUM","Pyjama catshark","21 FEBRUARY 2014","finclip only",92,NA,"M","WALKER BAY","Hermanus",-34.422851,19.262768,"LINEFISHING","21","02","2014"
"CARCHARHINUS BRACHYURUS","Bronze whaler","06 MARCH 2013","A5872",104,NA,"F","DIE MOND","Struisbaai",-34.716851,20.118269,"LINEFISHING","06","03","2013"
"NOTORHYNCHUS CEPEDIANUS","Sevengill cowshark","06 APRIL 2013","A2913",NA,128,"F","STONY POINT","Betty's Bay",-34.373282,18.898694,"LINEFISHING","06","04","2013"
"SPHYRNA ZYGAENA","Smooth hammerhead shark","06 MARCH 2013","A5860",140,NA,"F","DIE MOND","Struisbaai",-34.716851,20.118269,"LINEFISHING","06","03","2013"
"NOTORHYNCHUS CEPEDIANUS","Sevengill cowshark","06 APRIL 2013","A3680",NA,144,"F","STONY POINT","Betty's Bay",-34.373282,18.898694,"LINEFISHING","06","04","2013"
"SPHYRNA ZYGAENA","Smooth hammerhead shark","06 MARCH 2013","A5867",137,NA,"F","DIE MOND","Struisbaai",-34.716851,20.118269,"LINEFISHING","06","03","2013"
"NOTORHYNCHUS CEPEDIANUS","Sevengill cowshark","10 APRIL 2013","DISSECTED",214,NA,"F","STONY POINT","Betty's Bay",-34.373282,18.898694,"LINEFISHING","10","04","2013"
"HAPLOBLEPHARUS PICTUS","Dark shyshark","28 AUGUST 2013","finclip only",55.3,NA,"M","WALKER BAY","Hermanus",-34.422851,19.262768,"LINEFISHING","28","08","2013"
"HAPLOBLEPHARUS EDWARDSII","Puffadder shyshark","28 AUGUST 2013","finclip only",59,NA,"M","WALKER BAY","Hermanus",-34.422851,19.262768,"LINEFISHING","28","08","2013"
"HAPLOBLEPHARUS EDWARDSII","Puffadder shyshark","28 AUGUST 2013","finclip only",51,NA,"F","WALKER BAY","Hermanus",-34.422851,19.262768,"LINEFISHING","28","08","2013"
"HAPLOBLEPHARUS PICTUS","Dark shyshark","28 AUGUST 2013","finclip only",59,NA,"M","WALKER BAY","Hermanus",-34.422851,19.262768,"LINEFISHING","28","08","2013"
"HAPLOBLEPHARUS EDWARDSII","Puffadder shyshark","28 AUGUST 2013","finclip only",57,NA,"F","WALKER BAY","Hermanus",-34.422851,19.262768,"LINEFISHING","28","08","2013"
"TRIAKIS MEGALOPTERUS","Spotted gullyshark","07 MARCH 2013","A5874",75,NA,"M","DIE MOND","Struisbaai",-34.716851,20.118269,"LINEFISHING","07","03","2013"
"NOTORHYNCHUS CEPEDIANUS","Sevengill cowshark","06 APRIL 2013","A5870",NA,181,"F","STONY POINT","Betty's Bay",-34.373282,18.898694,"LINEFISHING","06","04","2013"
"NOTORHYNCHUS CEPEDIANUS","Sevengill cowshark","06 APRIL 2013","A5880",NA,134,"M","STONY POINT","Betty's Bay",-34.373282,18.898694,"LINEFISHING","06","04","2013"
"ACROTERIOBATUS ANNULATUS","Lesser sandshark","10 FEBRUARY 2014","A4899",86.5,NA,"F","DIE PLAAT","Struisbaai",-34.746433,20.068497,"LINEFISHING","10","02","2014"
"PORODERMA AFRICANUM","Pyjama catshark","10 APRIL 2013","DISSECTED",88,NA,"F","STONY POINT","Betty's Bay",-34.373282,18.898694,"LINEFISHING","10","04","2013"
"MUSTELUS MUSTELUS","Smooth houndshark","19 JULY 2013","finclip only",56,NA,"F","STRAND","False Bay",-34.116257,18.820466,"LINEFISHING","19","07","2013"
"NOTORHYNCHUS CEPEDIANUS","Sevengill cowshark","10 AUGUST 2013","A5940",NA,110,"M","DIE EILAND","Betty's Bay",-34.374456,18.887722,"LINEFISHING","10","08","2013"
"NOTORHYNCHUS CEPEDIANUS","Sevengill cowshark","10 AUGUST 2013","A5947",NA,122,"M","JOCK SE BAAI","Betty's Bay",-34.361997,18.971145,"LINEFISHING","10","08","2013"
"GALEORHINUS GALEUS","Soupfin shark","10 AUGUST 2013","A5934",NA,119,"M","JOCK SE BAAI","Betty's Bay",-34.361997,18.971145,"LINEFISHING","10","08","2013"
"GALEORHINUS GALEUS","Soupfin shark","10 AUGUST 2013","A3220",NA,116,"M","JOCK SE BAAI","Betty's Bay",-34.361997,18.971145,"LINEFISHING","10","08","2013"
"GALEORHINUS GALEUS","Soupfin shark","13 AUGUST 2013","DISSECTED",154,NA,"M","NEW HARBOUR","Hermanus",-34.434375,19.231372,"LINEFISHING","13","08","2013"
"NOTORHYNCHUS CEPEDIANUS","Sevengill cowshark","10 APRIL 2013","DISSECTED",178,NA,"F","STONY POINT","Betty's Bay",-34.373282,18.898694,"LINEFISHING","10","04","2013"
"NOTORHYNCHUS CEPEDIANUS","Sevengill cowshark","10 APRIL 2013","DISSECTED",250,NA,"F","STONY POINT","Betty's Bay",-34.373282,18.898694,"LINEFISHING","10","04","2013"
"NOTORHYNCHUS CEPEDIANUS","Sevengill cowshark","10 APRIL 2013","DISSECTED",233,NA,"F","STONY POINT","Betty's Bay",-34.373282,18.898694,"LINEFISHING","10","04","2013"
"NOTORHYNCHUS CEPEDIANUS","Sevengill cowshark","10 APRIL 2013","DISSECTED",219,NA,"F","STONY POINT","Betty's Bay",-34.373282,18.898694,"LINEFISHING","10","04","2013"
"HAPLOBLEPHARUS PICTUS","Dark shyshark","27 FEBRUARY 2013","D136044",59,NA,"M","WALKER BAY","Hermanus",-34.422851,19.262768,"LINEFISHING","27","02","2013"
"MUSTELUS MUSTELUS","Smooth houndshark","19 JULY 2013","finclip only",68.5,NA,"M","STRAND","False Bay",-34.116257,18.820466,"LINEFISHING","19","07","2013"
"CALLORHINCHUS CAPENSIS","St Joseph's shark","19 JULY 2013","A2912",73.5,NA,"F","STRAND","False Bay",-34.116257,18.820466,"LINEFISHING","19","07","2013"
"MUSTELUS MUSTELUS","Smooth houndshark","14 SEPTEMBER 2013","A5941",90,NA,"M","DIE MOND, GORDONS BAY","False Bay",-34.158896,18.850428,"LINEFISHING","14","09","2013"
"TRIAKIS MEGALOPTERUS","Spotted gullyshark","09 SEPTEMBER 2013","finclip only",89,70,"M","DE HOOP MPA (LEKKERWATER)","St Sebastion Bay",-34.4533,20.634603,"LINEFISHING","09","09","2013"
"HAPLOBLEPHARUS EDWARDSII","Puffadder shyshark","09 SEPTEMBER 2013","finclip only",58,NA,"NO SEX","DE HOOP MPA (LEKKERWATER)","St Sebastion Bay",-34.4533,20.634603,"LINEFISHING","09","09","2013"
"HAPLOBLEPHARUS EDWARDSII","Puffadder shyshark","09 SEPTEMBER 2013","finclip only",68.5,NA,"M","DE HOOP MPA (LEKKERWATER)","St Sebastion Bay",-34.4533,20.634603,"LINEFISHING","09","09","2013"
"HAPLOBLEPHARUS EDWARDSII","Puffadder shyshark","09 SEPTEMBER 2013","finclip only",59.5,NA,"F","DE HOOP MPA (LEKKERWATER)","St Sebastion Bay",-34.4533,20.634603,"LINEFISHING","09","09","2013"
"MUSTELUS MUSTELUS","Smooth houndshark","14 SEPTEMBER 2013","A5751",69,NA,"F","DIE MOND, GORDONS BAY","False Bay",-34.158896,18.850428,"LINEFISHING","14","09","2013"
"MUSTELUS MUSTELUS","Smooth houndshark","14 SEPTEMBER 2013","A5752",60,NA,"F","DIE MOND, GORDONS BAY","False Bay",-34.158896,18.850428,"LINEFISHING","14","09","2013"
"TRIAKIS MEGALOPTERUS","Spotted gullyshark","09 SEPTEMBER 2013","finclip only",112,86,"F","DE HOOP MPA (LEKKERWATER)","St Sebastion Bay",-34.4533,20.634603,"LINEFISHING","09","09","2013"
"HAPLOBLEPHARUS PICTUS","Dark shyshark","21 FEBRUARY 2014","D136028",52,NA,"F","OLD HARBOUR","Walker Bay",-34.421092,19.250323,"LINEFISHING","21","02","2014"
"TRIAKIS MEGALOPTERUS","Spotted gullyshark","09 SEPTEMBER 2013","finclip only",100,80,"F","DE HOOP MPA (LEKKERWATER)","St Sebastion Bay",-34.4533,20.634603,"LINEFISHING","09","09","2013"
"HAPLOBLEPHARUS EDWARDSII","Puffadder shyshark","09 SEPTEMBER 2013","finclip only",62,NA,"NO SEX","DE HOOP MPA (LEKKERWATER)","St Sebastion Bay",-34.4533,20.634603,"LINEFISHING","09","09","2013"
"TRIAKIS MEGALOPTERUS","Spotted gullyshark","09 SEPTEMBER 2013","finclip only",96.4,74.2,"F","DE HOOP MPA (LEKKERWATER)","St Sebastion Bay",-34.4533,20.634603,"LINEFISHING","09","09","2013"
"TRIAKIS MEGALOPTERUS","Spotted gullyshark","09 SEPTEMBER 2013","finclip only",148,120,"M","DE HOOP MPA (LEKKERWATER)","St Sebastion Bay",-34.4533,20.634603,"LINEFISHING","09","09","2013"
"ACROTERIOBATUS ANNULATUS","Lesser sandshark","07 DECEMBER 2011","A3508",69.2,NA,"F","OPPOSITE ST. CROIX ISLAND","Algoa Bay",-33.799881,25.757088,"LINEFISHING","07","12","2011"
"ACROTERIOBATUS ANNULATUS","Lesser sandshark","07 DECEMBER 2011","A3505",97,NA,"F","OPPOSITE ST. CROIX ISLAND","Algoa Bay",-33.799881,25.757088,"LINEFISHING","07","12","2011"
"ACROTERIOBATUS ANNULATUS","Lesser sandshark","07 DECEMBER 2011","A3512",101,NA,"F","OPPOSITE ST. CROIX ISLAND","Algoa Bay",-33.799881,25.757088,"LINEFISHING","07","12","2011"
"ACROTERIOBATUS ANNULATUS","Lesser sandshark","07 DECEMBER 2011","A3511",99,NA,"F","OPPOSITE ST. CROIX ISLAND","Algoa Bay",-33.799881,25.757088,"LINEFISHING","07","12","2011"
"ACROTERIOBATUS ANNULATUS","Lesser sandshark","07 DECEMBER 2011","A3513",105,NA,"F","OPPOSITE ST. CROIX ISLAND","Algoa Bay",-33.799881,25.757088,"LINEFISHING","07","12","2011"
"ACROTERIOBATUS ANNULATUS","Lesser sandshark","07 DECEMBER 2011","A3515",108,NA,"F","OPPOSITE ST. CROIX ISLAND","Algoa Bay",-33.799881,25.757088,"LINEFISHING","07","12","2011"
"ACROTERIOBATUS ANNULATUS","Lesser sandshark","07 DECEMBER 2011","A3516",102,NA,"F","OPPOSITE ST. CROIX ISLAND","Algoa Bay",-33.799881,25.757088,"LINEFISHING","07","12","2011"
"ACROTERIOBATUS ANNULATUS","Lesser sandshark","07 DECEMBER 2011","A3510",109,NA,"F","OPPOSITE ST. CROIX ISLAND","Algoa Bay",-33.799881,25.757088,"LINEFISHING","07","12","2011"
"ACROTERIOBATUS ANNULATUS","Lesser sandshark","07 DECEMBER 2011","A3528",100,NA,"F","OPPOSITE ST. CROIX ISLAND","Algoa Bay",-33.799881,25.757088,"LINEFISHING","07","12","2011"
"ACROTERIOBATUS ANNULATUS","Lesser sandshark","07 DECEMBER 2011","A3501",98,NA,"F","OPPOSITE ST. CROIX ISLAND","Algoa Bay",-33.799881,25.757088,"LINEFISHING","07","12","2011"
"ACROTERIOBATUS ANNULATUS","Lesser sandshark","07 DECEMBER 2011","A3530",99,NA,"F","OPPOSITE ST. CROIX ISLAND","Algoa Bay",-33.799881,25.757088,"LINEFISHING","07","12","2011"
"DASYATIS CHRYSONOTA","Blue stingray","07 DECEMBER 2011","A3507",47,NA,"F","OPPOSITE ST. CROIX ISLAND","Algoa Bay",-33.799881,25.757088,"LINEFISHING","07","12","2011"
"ACROTERIOBATUS ANNULATUS","Lesser sandshark","07 DECEMBER 2011","A3502",106,NA,"F","OPPOSITE ST. CROIX ISLAND","Algoa Bay",-33.799881,25.757088,"LINEFISHING","07","12","2011"
"DASYATIS CHRYSONOTA","Blue stingray","07 DECEMBER 2011","A3509",45,NA,"NO SEX","OPPOSITE ST. CROIX ISLAND","Algoa Bay",-33.799881,25.757088,"LINEFISHING","07","12","2011"
"HAPLOBLEPHARUS EDWARDSII","Puffadder shyshark","2014","finclip only",54.5,NA,"F","OLD HARBOUR","Walker Bay",-34.421092,19.250323,"LINEFISHING",NA,NA,NA
"HAPLOBLEPHARUS EDWARDSII","Puffadder shyshark","2014","finclip only",48,NA,"M","OLD HARBOUR","Walker Bay",-34.421092,19.250323,"LINEFISHING",NA,NA,NA
"HAPLOBLEPHARUS EDWARDSII","Puffadder shyshark","2014","finclip only",57,NA,"M","OLD HARBOUR","Walker Bay",-34.421092,19.250323,"LINEFISHING",NA,NA,NA
"HAPLOBLEPHARUS EDWARDSII","Puffadder shyshark","2014","finclip only",51,NA,"F","OLD HARBOUR","Walker Bay",-34.421092,19.250323,"LINEFISHING",NA,NA,NA
"HAPLOBLEPHARUS EDWARDSII","Puffadder shyshark","2014","finclip only",59,NA,"M","OLD HARBOUR","Walker Bay",-34.421092,19.250323,"LINEFISHING",NA,NA,NA
"HAPLOBLEPHARUS EDWARDSII","Puffadder shyshark","2014","finclip only",52,NA,"M","OLD HARBOUR","Walker Bay",-34.421092,19.250323,"LINEFISHING",NA,NA,NA
"HAPLOBLEPHARUS EDWARDSII","Puffadder shyshark","2014","finclip only",46,NA,"F","OLD HARBOUR","Walker Bay",-34.421092,19.250323,"LINEFISHING",NA,NA,NA
"HAPLOBLEPHARUS EDWARDSII","Puffadder shyshark","2014","finclip only",52,NA,"M","OLD HARBOUR","Walker Bay",-34.421092,19.250323,"LINEFISHING",NA,NA,NA
"HAPLOBLEPHARUS EDWARDSII","Puffadder shyshark","2014","finclip only",53,NA,"F","OLD HARBOUR","Walker Bay",-34.421092,19.250323,"LINEFISHING",NA,NA,NA
"HAPLOBLEPHARUS EDWARDSII","Puffadder shyshark","2014","finclip only",52,NA,"F","OLD HARBOUR","Walker Bay",-34.421092,19.250323,"LINEFISHING",NA,NA,NA
"HAPLOBLEPHARUS EDWARDSII","Puffadder shyshark","2014","finclip only",55,NA,"F","OLD HARBOUR","Walker Bay",-34.421092,19.250323,"LINEFISHING",NA,NA,NA
"HAPLOBLEPHARUS EDWARDSII","Puffadder shyshark","2014","finclip only",57.5,NA,"M","OLD HARBOUR","Walker Bay",-34.421092,19.250323,"LINEFISHING",NA,NA,NA
"HAPLOBLEPHARUS EDWARDSII","Puffadder shyshark","2014","finclip only",60,NA,"F","OLD HARBOUR","Walker Bay",-34.421092,19.250323,"LINEFISHING",NA,NA,NA
"HAPLOBLEPHARUS EDWARDSII","Puffadder shyshark","2014","finclip only",65.5,NA,"M","OLD HARBOUR","Walker Bay",-34.421092,19.250323,"LINEFISHING",NA,NA,NA
"ACROTERIOBATUS ANNULATUS","Lesser sandshark","07 DECEMBER 2011","A3506",86,NA,"F","OPPOSITE ST. CROIX ISLAND","Algoa Bay",-33.799881,25.757088,"LINEFISHING","07","12","2011"
"ACROTERIOBATUS ANNULATUS","Lesser sandshark","07 DECEMBER 2011","A3521",104,NA,"F","OPPOSITE ST. CROIX ISLAND","Algoa Bay",-33.799881,25.757088,"LINEFISHING","07","12","2011"
"ACROTERIOBATUS ANNULATUS","Lesser sandshark","07 DECEMBER 2011","A2948",105,NA,"F","OPPOSITE ST. CROIX ISLAND","Algoa Bay",-33.799881,25.757088,"LINEFISHING","07","12","2011"
"ACROTERIOBATUS ANNULATUS","Lesser sandshark","07 DECEMBER 2011","A2947",104,NA,"F","OPPOSITE ST. CROIX ISLAND","Algoa Bay",-33.799881,25.757088,"LINEFISHING","07","12","2011"
"ACROTERIOBATUS ANNULATUS","Lesser sandshark","07 DECEMBER 2011","A2949",107,NA,"F","OPPOSITE ST. CROIX ISLAND","Algoa Bay",-33.799881,25.757088,"LINEFISHING","07","12","2011"
"ACROTERIOBATUS ANNULATUS","Lesser sandshark","07 DECEMBER 2011","A2946",110,NA,"F","OPPOSITE ST. CROIX ISLAND","Algoa Bay",-33.799881,25.757088,"LINEFISHING","07","12","2011"
"ACROTERIOBATUS ANNULATUS","Lesser sandshark","07 DECEMBER 2011","A2944",90,NA,"F","OPPOSITE ST. CROIX ISLAND","Algoa Bay",-33.799881,25.757088,"LINEFISHING","07","12","2011"
"ACROTERIOBATUS ANNULATUS","Lesser sandshark","07 DECEMBER 2011","A2943",99,NA,"F","OPPOSITE ST. CROIX ISLAND","Algoa Bay",-33.799881,25.757088,"LINEFISHING","07","12","2011"
"ACROTERIOBATUS ANNULATUS","Lesser sandshark","07 DECEMBER 2011","A2936",88,NA,"F","OPPOSITE ST. CROIX ISLAND","Algoa Bay",-33.799881,25.757088,"LINEFISHING","07","12","2011"
"ACROTERIOBATUS ANNULATUS","Lesser sandshark","07 DECEMBER 2011","A3517",79,NA,"F","OPPOSITE ST. CROIX ISLAND","Algoa Bay",-33.799881,25.757088,"LINEFISHING","07","12","2011"
"ACROTERIOBATUS ANNULATUS","Lesser sandshark","10 FEBRUARY 2014","A4944",91.5,NA,"F","DIE PLAAT","Struisbaai",-34.746433,20.068497,"LINEFISHING","10","02","2014"
"ACROTERIOBATUS ANNULATUS","Lesser sandshark","07 DECEMBER 2011","A3514",96,NA,"F","OPPOSITE ST. CROIX ISLAND","Algoa Bay",-33.799881,25.757088,"LINEFISHING","07","12","2011"
"ACROTERIOBATUS ANNULATUS","Lesser sandshark","07 DECEMBER 2011","A3526",98,NA,"F","OPPOSITE ST. CROIX ISLAND","Algoa Bay",-33.799881,25.757088,"LINEFISHING","07","12","2011"
"ACROTERIOBATUS ANNULATUS","Lesser sandshark","07 DECEMBER 2011","A3519",98,NA,"F","OPPOSITE ST. CROIX ISLAND","Algoa Bay",-33.799881,25.757088,"LINEFISHING","07","12","2011"
"ACROTERIOBATUS ANNULATUS","Lesser sandshark","07 DECEMBER 2011","A3527",110,NA,"F","OPPOSITE ST. CROIX ISLAND","Algoa Bay",-33.799881,25.757088,"LINEFISHING","07","12","2011"
"ACROTERIOBATUS ANNULATUS","Lesser sandshark","07 DECEMBER 2011","A3523",97,NA,"F","OPPOSITE ST. CROIX ISLAND","Algoa Bay",-33.799881,25.757088,"LINEFISHING","07","12","2011"
"ACROTERIOBATUS ANNULATUS","Lesser sandshark","07 DECEMBER 2011","A2942",77.4,NA,"F","OPPOSITE ST. CROIX ISLAND","Algoa Bay",-33.799881,25.757088,"LINEFISHING","07","12","2011"
"HAPLOBLEPHARUS EDWARDSII","Puffadder shyshark","2014","finclip only",60,NA,"F","OLD HARBOUR","Walker Bay",-34.421092,19.250323,"LINEFISHING",NA,NA,NA
"HAPLOBLEPHARUS EDWARDSII","Puffadder shyshark","2014","finclip only",58.5,NA,"M","OLD HARBOUR","Walker Bay",-34.421092,19.250323,"LINEFISHING",NA,NA,NA
"HAPLOBLEPHARUS EDWARDSII","Puffadder shyshark","2014","finclip only",57,NA,"M","OLD HARBOUR","Walker Bay",-34.421092,19.250323,"LINEFISHING",NA,NA,NA
"HAPLOBLEPHARUS EDWARDSII","Puffadder shyshark","2014","finclip only",56,NA,"F","OLD HARBOUR","Walker Bay",-34.421092,19.250323,"LINEFISHING",NA,NA,NA
"HAPLOBLEPHARUS EDWARDSII","Puffadder shyshark","2014","finclip only",47,NA,"F","OLD HARBOUR","Walker Bay",-34.421092,19.250323,"LINEFISHING",NA,NA,NA
"HAPLOBLEPHARUS EDWARDSII","Puffadder shyshark","2014","finclip only",43,NA,"F","OLD HARBOUR","Walker Bay",-34.421092,19.250323,"LINEFISHING",NA,NA,NA
"HAPLOBLEPHARUS EDWARDSII","Puffadder shyshark","2014","finclip only",47,NA,"M","OLD HARBOUR","Walker Bay",-34.421092,19.250323,"LINEFISHING",NA,NA,NA
"HAPLOBLEPHARUS EDWARDSII","Puffadder shyshark","UNKNOWN","UNKNOWN",NA,NA,"NO SEX","OLD HARBOUR","Walker Bay",-34.421092,19.250323,"LINEFISHING",NA,NA,NA
"HAPLOBLEPHARUS EDWARDSII","Puffadder shyshark","2014","finclip only",53,NA,"F","OLD HARBOUR","Walker Bay",-34.421092,19.250323,"LINEFISHING",NA,NA,NA
"NOTORHYNCHUS CEPEDIANUS","Sevengill cowshark","19 OCTOBER 2013","A5995",NA,117.5,"M","TWEEDE BAAI","False Bay",-34.074067,18.680121,"LINEFISHING","19","10","2013"
"NOTORHYNCHUS CEPEDIANUS","Sevengill cowshark","19 OCTOBER 2013","A5994",NA,115,"M","TWEEDE BAAI","False Bay",-34.074067,18.680121,"LINEFISHING","19","10","2013"
"NOTORHYNCHUS CEPEDIANUS","Sevengill cowshark","19 OCTOBER 2013","A3233",NA,133,"M","TWEEDE BAAI","False Bay",-34.074067,18.680121,"LINEFISHING","19","10","2013"
"HAPLOBLEPHARUS EDWARDSII","Puffadder shyshark","2014","finclip only",59,NA,"F","OLD HARBOUR","Walker Bay",-34.421092,19.250323,"LINEFISHING",NA,NA,NA
"PORODERMA PANTHERINUM","Leopard catshark","2014","finclip only",47.5,NA,"F","OLD HARBOUR","Walker Bay",-34.421092,19.250323,"LINEFISHING",NA,NA,NA
"CARCHARHINUS BRACHYURUS","Bronze whaler","09 NOVEMBER 2013","finclip only",NA,165,"F","TWEEDE BAAI","False Bay",-34.074067,18.680121,"LINEFISHING","09","11","2013"
"CARCHARHINUS BRACHYURUS","Bronze whaler","09 NOVEMBER 2013","A3221",190,NA,"F","TWEEDE BAAI","False Bay",-34.074067,18.680121,"LINEFISHING","09","11","2013"
"CARCHARIAS TAURUS","Ragged-tooth shark","09 NOVEMBER 2013","A5992",NA,184,"F","TWEEDE BAAI","False Bay",-34.074067,18.680121,"LINEFISHING","09","11","2013"
"ACROTERIOBATUS ANNULATUS","Lesser sandshark","07 DECEMBER 2011","A2939",79,NA,"F","OPPOSITE ST. CROIX ISLAND","Algoa Bay",-33.799881,25.757088,"LINEFISHING","07","12","2011"
"ACROTERIOBATUS ANNULATUS","Lesser sandshark","10 FEBRUARY 2014","A4919",95,NA,"F","DIE PLAAT","Struisbaai",-34.746433,20.068497,"LINEFISHING","10","02","2014"
"ACROTERIOBATUS ANNULATUS","Lesser sandshark","10 FEBRUARY 2014","A4928",82.5,NA,"F","DIE PLAAT","Struisbaai",-34.746433,20.068497,"LINEFISHING","10","02","2014"
"ACROTERIOBATUS ANNULATUS","Lesser sandshark","10 FEBRUARY 2014","A287_",78.5,NA,"F","DIE PLAAT","Struisbaai",-34.746433,20.068497,"LINEFISHING","10","02","2014"
"ACROTERIOBATUS ANNULATUS","Lesser sandshark","10 FEBRUARY 2014","A4900",89.5,NA,"F","DIE PLAAT","Struisbaai",-34.746433,20.068497,"LINEFISHING","10","02","2014"
"ACROTERIOBATUS ANNULATUS","Lesser sandshark","10 FEBRUARY 2014","A4915",82,NA,"F","DIE PLAAT","Struisbaai",-34.746433,20.068497,"LINEFISHING","10","02","2014"
"ACROTERIOBATUS ANNULATUS","Lesser sandshark","10 FEBRUARY 2014","A4929",83,NA,"F","DIE PLAAT","Struisbaai",-34.746433,20.068497,"LINEFISHING","10","02","2014"
"ACROTERIOBATUS ANNULATUS","Lesser sandshark","10 FEBRUARY 2014","A3218",88,NA,"F","DIE PLAAT","Struisbaai",-34.746433,20.068497,"LINEFISHING","10","02","2014"
"ACROTERIOBATUS ANNULATUS","Lesser sandshark","07 DECEMBER 2011","A2945",79,NA,"F","OPPOSITE ST. CROIX ISLAND","Algoa Bay",-33.799881,25.757088,"LINEFISHING","07","12","2011"
"ACROTERIOBATUS ANNULATUS","Lesser sandshark","07 DECEMBER 2011","A2930",72,NA,"F","OPPOSITE ST. CROIX ISLAND","Algoa Bay",-33.799881,25.757088,"LINEFISHING","07","12","2011"
"ACROTERIOBATUS ANNULATUS","Lesser sandshark","07 DECEMBER 2011","A2933",84,NA,"F","OPPOSITE ST. CROIX ISLAND","Algoa Bay",-33.799881,25.757088,"LINEFISHING","07","12","2011"
"DASYATIS CHRYSONOTA","Blue stingray","05 DECEMBER 2011","A3650",71,NA,"F","OPPOSITE ST. CROIX ISLAND","Algoa Bay",-33.799881,25.757088,"LINEFISHING","05","12","2011"
"GYMNURA NATALENSIS","Diamond ray","07 DECEMBER 2011","A2931",124,NA,"M","OPPOSITE ST. CROIX ISLAND","Algoa Bay",-33.799881,25.757088,"LINEFISHING","07","12","2011"
"ACROTERIOBATUS ANNULATUS","Lesser sandshark","07 DECEMBER 2011","A3624",95,NA,"F","OPPOSITE ST. CROIX ISLAND","Algoa Bay",-33.799881,25.757088,"LINEFISHING","07","12","2011"
"ACROTERIOBATUS ANNULATUS","Lesser sandshark","07 DECEMBER 2011","A3627",105,NA,"F","OPPOSITE ST. CROIX ISLAND","Algoa Bay",-33.799881,25.757088,"LINEFISHING","07","12","2011"
"ACROTERIOBATUS ANNULATUS","Lesser sandshark","07 DECEMBER 2011","A3628",94,NA,"F","OPPOSITE ST. CROIX ISLAND","Algoa Bay",-33.799881,25.757088,"LINEFISHING","07","12","2011"
"DASYATIS CHRYSONOTA","Blue stingray","30 NOVEMBER 2013","A5989",50,NA,"F","TWEEDE BAAI","False Bay",-34.074067,18.680121,"LINEFISHING","30","11","2013"
"CARCHARHINUS BRACHYURUS","Bronze whaler","11 JANUARY 2014","A4849",279,NA,"F","MACASSAR","False Bay",-34.075643,18.738708,"LINEFISHING","11","01","2014"
"CARCHARHINUS BRACHYURUS","Bronze whaler","11 JANUARY 2014","A4850",233,NA,"F","MACASSAR","False Bay",-34.075643,18.738708,"LINEFISHING","11","01","2014"
"CARCHARHINUS BRACHYURUS","Bronze whaler","11 JANUARY 2014","A5773",167,NA,"F","TWEEDE BAAI","False Bay",-34.074067,18.680121,"LINEFISHING","11","01","2014"
"CARCHARHINUS BRACHYURUS","Bronze whaler","11 JANUARY 2014","A5758",82,NA,"M","TWEEDE BAAI","False Bay",-34.074067,18.680121,"LINEFISHING","11","01","2014"
"CARCHARHINUS BRACHYURUS","Bronze whaler","11 JANUARY 2014","A5754",238,NA,"F","TWEEDE BAAI","False Bay",-34.074067,18.680121,"LINEFISHING","11","01","2014"
"CARCHARHINUS BRACHYURUS","Bronze whaler","11 JANUARY 2014","A5757",138,NA,"M","TWEEDE BAAI","False Bay",-34.074067,18.680121,"LINEFISHING","11","01","2014"
"CARCHARHINUS BRACHYURUS","Bronze whaler","11 JANUARY 2014","A5759",168,NA,"M","TWEEDE BAAI","False Bay",-34.074067,18.680121,"LINEFISHING","11","01","2014"
"CARCHARHINUS BRACHYURUS","Bronze whaler","11 JANUARY 2014","A3230",NA,129,"F","EERSTE BAAI","False Bay",-34.074067,18.680121,"LINEFISHING","11","01","2014"
"HAPLOBLEPHARUS EDWARDSII","Puffadder shyshark","08 JANUARY 2014","finclip only",48.2,NA,"M","OLD HARBOUR","Walker Bay",-34.421092,19.250323,"LINEFISHING","08","01","2014"
"HAPLOBLEPHARUS EDWARDSII","Puffadder shyshark","08 JANUARY 2014","finclip only",58,NA,"M","OLD HARBOUR","Walker Bay",-34.421092,19.250323,"LINEFISHING","08","01","2014"
"HAPLOBLEPHARUS PICTUS","Dark shyshark","08 JANUARY 2014","finclip only",56.8,NA,"F","OLD HARBOUR","Walker Bay",-34.421092,19.250323,"LINEFISHING","08","01","2014"
"HAPLOBLEPHARUS PICTUS","Dark shyshark","09 JANUARY 2014","finclip only",51.2,NA,"M","OLD HARBOUR","Walker Bay",-34.421092,19.250323,"LINEFISHING","09","01","2014"
"HAPLOBLEPHARUS PICTUS","Dark shyshark","09 JANUARY 2014","finclip only",54,NA,"F","OLD HARBOUR","Walker Bay",-34.421092,19.250323,"LINEFISHING","09","01","2014"
"PORODERMA PANTHERINUM","Leopard catshark","21 FEBRUARY 2014","A121526",47,NA,"F","OLD HARBOUR","Walker Bay",-34.421092,19.250323,"LINEFISHING","21","02","2014"
"CARCHARHINUS BRACHYURUS","Bronze whaler","11 JANUARY 2014","A4590",162,NA,"F","BEESPENS","False Bay",-34.07649,18.605464,"LINEFISHING","11","01","2014"
"MUSTELUS MUSTELUS","Smooth houndshark","11 JANUARY 2014","finclip only",64,NA,"M","BEESPENS","False Bay",-34.07649,18.605464,"LINEFISHING","11","01","2014"
"ACROTERIOBATUS ANNULATUS","Lesser sandshark","10 FEBRUARY 2014","A4926",89.5,NA,"F","DIE PLAAT","Struisbaai",-34.746433,20.068497,"LINEFISHING","10","02","2014"
"ACROTERIOBATUS ANNULATUS","Lesser sandshark","10 FEBRUARY 2014","A4940",85,NA,"F","DIE PLAAT","Struisbaai",-34.746433,20.068497,"LINEFISHING","10","02","2014"
"MUSTELUS MUSTELUS","Smooth houndshark","14 FEBRUARY 2014","A5873",80,NA,"F","DIE DAM","Agulhas",-34.768677,19.686647,"LINEFISHING","14","02","2014"
"ACROTERIOBATUS ANNULATUS","Lesser sandshark","10 FEBRUARY 2014","A4898",80,NA,"F","DIE PLAAT","Struisbaai",-34.746433,20.068497,"LINEFISHING","10","02","2014"
"ACROTERIOBATUS ANNULATUS","Lesser sandshark","10 FEBRUARY 2014","A4920",86,NA,"F","DIE PLAAT","Struisbaai",-34.746433,20.068497,"LINEFISHING","10","02","2014"
"GYMNURA NATALENSIS","Diamond ray","11 FEBRUARY 2014","A3215",102,NA,"M","DIE PLAAT","Struisbaai",-34.746433,20.068497,"LINEFISHING","11","02","2014"
"ACROTERIOBATUS ANNULATUS","Lesser sandshark","10 FEBRUARY 2014","A5881",88.5,NA,"F","DIE PLAAT","Struisbaai",-34.746433,20.068497,"LINEFISHING","10","02","2014"
"ACROTERIOBATUS ANNULATUS","Lesser sandshark","10 FEBRUARY 2014","A3225",77,NA,"M","DIE PLAAT","Struisbaai",-34.746433,20.068497,"LINEFISHING","10","02","2014"
"ACROTERIOBATUS ANNULATUS","Lesser sandshark","10 FEBRUARY 2014","A3231",79,NA,"F","DIE PLAAT","Struisbaai",-34.746433,20.068497,"LINEFISHING","10","02","2014"
"ACROTERIOBATUS ANNULATUS","Lesser sandshark","10 FEBRUARY 2014","A4921",85,NA,"F","DIE PLAAT","Struisbaai",-34.746433,20.068497,"LINEFISHING","10","02","2014"
"ACROTERIOBATUS ANNULATUS","Lesser sandshark","10 FEBRUARY 2014","A4938",84.5,NA,"F","DIE PLAAT","Struisbaai",-34.746433,20.068497,"LINEFISHING","10","02","2014"
"ACROTERIOBATUS ANNULATUS","Lesser sandshark","10 FEBRUARY 2014","A3222",85,NA,"F","DIE PLAAT","Struisbaai",-34.746433,20.068497,"LINEFISHING","10","02","2014"
"MUSTELUS MUSTELUS","Smooth houndshark","13 FEBRUARY 2014","A4875",113.5,NA,"M","DIE MOND","Struisbaai",-34.716851,20.118269,"LINEFISHING","13","02","2014"
"ACROTERIOBATUS ANNULATUS","Lesser sandshark","10 FEBRUARY 2014","A4933",83,NA,"F","DIE PLAAT","Struisbaai",-34.746433,20.068497,"LINEFISHING","10","02","2014"
"ACROTERIOBATUS ANNULATUS","Lesser sandshark","10 FEBRUARY 2014","A4925",88,NA,"F","DIE PLAAT","Struisbaai",-34.746433,20.068497,"LINEFISHING","10","02","2014"
"ACROTERIOBATUS ANNULATUS","Lesser sandshark","10 FEBRUARY 2014","A498_?",88,NA,"F","DIE PLAAT","Struisbaai",-34.746433,20.068497,"LINEFISHING","10","02","2014"
"GYMNURA NATALENSIS","Diamond ray","13 FEBRUARY 2014","A2915",113,NA,"M","DIE MOND","Struisbaai",-34.716851,20.118269,"LINEFISHING","13","02","2014"
"ACROTERIOBATUS ANNULATUS","Lesser sandshark","10 FEBRUARY 2014","A4941",86,NA,"F","DIE PLAAT","Struisbaai",-34.746433,20.068497,"LINEFISHING","10","02","2014"
"ACROTERIOBATUS ANNULATUS","Lesser sandshark","24 FEBRUARY 2014","A2866",83,NA,"F","DIE PLAAT","Struisbaai",-34.746433,20.068497,"LINEFISHING","24","02","2014"
"ACROTERIOBATUS ANNULATUS","Lesser sandshark","10 FEBRUARY 2014","A4924",76,NA,"M","DIE PLAAT","Struisbaai",-34.746433,20.068497,"LINEFISHING","10","02","2014"
"ACROTERIOBATUS ANNULATUS","Lesser sandshark","27 FEBRUARY 2014","A4839",92,NA,"F","DIE MOND","Struisbaai",-34.716851,20.118269,"LINEFISHING","27","02","2014"
"CARCHARHINUS BRACHYURUS","Bronze whaler","27 FEBRUARY 2014","A4813",NA,87,"F","DIE MOND","Struisbaai",-34.716851,20.118269,"LINEFISHING","27","02","2014"
"ACROTERIOBATUS ANNULATUS","Lesser sandshark","24 FEBRUARY 2014","A2867",86,NA,"F","DIE PLAAT","Struisbaai",-34.746433,20.068497,"LINEFISHING","24","02","2014"
"ACROTERIOBATUS ANNULATUS","Lesser sandshark","24 FEBRUARY 2014","A2916",89,NA,"F","DIE PLAAT","Struisbaai",-34.746433,20.068497,"LINEFISHING","24","02","2014"
"TRIAKIS MEGALOPTERUS","Spotted gullyshark","25 FEBRUARY 2014","A2857",149,NA,"M","DIE DAM","Struisbaai",-34.768677,19.686647,"LINEFISHING","25","02","2014"
"CARCHARHINUS BRACHYURUS","Bronze whaler","27 FEBRUARY 2014","A4820",NA,86,"F","DIE MOND","Struisbaai",-34.716851,20.118269,"LINEFISHING","27","02","2014"
"CARCHARIAS TAURUS","Ragged-tooth shark","10 FEBRUARY 2014","A5879",NA,177,"F","DIE PLAAT","Struisbaai",-34.746433,20.068497,"LINEFISHING","10","02","2014"
"ACROTERIOBATUS ANNULATUS","Lesser sandshark","10 FEBRUARY 2014","A4949",91,NA,"F","DIE PLAAT","Struisbaai",-34.746433,20.068497,"LINEFISHING","10","02","2014"
"ACROTERIOBATUS ANNULATUS","Lesser sandshark","10 FEBRUARY 2014","A4917",71,NA,"NO SEX","DIE PLAAT","Struisbaai",-34.746433,20.068497,"LINEFISHING","10","02","2014"
"ACROTERIOBATUS ANNULATUS","Lesser sandshark","10 FEBRUARY 2014","A286_",85,NA,"F","DIE PLAAT","Struisbaai",-34.746433,20.068497,"LINEFISHING","10","02","2014"
"ACROTERIOBATUS ANNULATUS","Lesser sandshark","10 FEBRUARY 2014","A3224",74,NA,"F","DIE PLAAT","Struisbaai",-34.746433,20.068497,"LINEFISHING","10","02","2014"
"ACROTERIOBATUS ANNULATUS","Lesser sandshark","10 FEBRUARY 2014","A4934",96,NA,"F","DIE PLAAT","Struisbaai",-34.746433,20.068497,"LINEFISHING","10","02","2014"
"DASYATIS CHRYSONOTA","Blue stingray","24 FEBRUARY 2014","A7865",59,NA,"F","DIE PLAAT","Struisbaai",-34.746433,20.068497,"LINEFISHING","24","02","2014"
"ACROTERIOBATUS ANNULATUS","Lesser sandshark","24 FEBRUARY 2014","A2856",99,NA,"F","DIE PLAAT","Struisbaai",-34.746433,20.068497,"LINEFISHING","24","02","2014"
"ACROTERIOBATUS ANNULATUS","Lesser sandshark","27 FEBRUARY 2014","A4823",99,NA,"F","DIE MOND","Struisbaai",-34.716851,20.118269,"LINEFISHING","27","02","2014"
"ACROTERIOBATUS ANNULATUS","Lesser sandshark","27 FEBRUARY 2014","A4825",85,NA,"F","DIE MOND","Struisbaai",-34.716851,20.118269,"LINEFISHING","27","02","2014"
"ACROTERIOBATUS ANNULATUS","Lesser sandshark","27 FEBRUARY 2014","A4834 (1)",91,NA,"F","DIE MOND","Struisbaai",-34.716851,20.118269,"LINEFISHING","27","02","2014"
"ACROTERIOBATUS ANNULATUS","Lesser sandshark","07 MARCH 2012","A3556",86.5,NA,"F","DIE PLAAT","Struisbaai",-34.746433,20.068497,"LINEFISHING","07","03","2012"
"CARCHARHINUS BRACHYURUS","Bronze whaler","27 FEBRUARY 2014","A4818",NA,81,"F","DIE MOND","Struisbaai",-34.716851,20.118269,"LINEFISHING","27","02","2014"
"ACROTERIOBATUS ANNULATUS","Lesser sandshark","27 FEBRUARY 2014","A4826",82,NA,"F","DIE MOND","Struisbaai",-34.716851,20.118269,"LINEFISHING","27","02","2014"
"ACROTERIOBATUS ANNULATUS","Lesser sandshark","07 MARCH 2012","A3561",83.8,NA,"F","DIE PLAAT","Struisbaai",-34.746433,20.068497,"LINEFISHING","07","03","2012"
"ACROTERIOBATUS ANNULATUS","Lesser sandshark","07 MARCH 2012","A3617",79,NA,"F","DIE PLAAT","Struisbaai",-34.746433,20.068497,"LINEFISHING","07","03","2012"
"ACROTERIOBATUS ANNULATUS","Lesser sandshark","24 FEBRUARY 2014","A2881",90,NA,"F","DIE PLAAT","Struisbaai",-34.746433,20.068497,"LINEFISHING","24","02","2014"
"TRIAKIS MEGALOPTERUS","Spotted gullyshark","25 FEBRUARY 2014","A2917",143,NA,"M","DIE DAM","Struisbaai",-34.768677,19.686647,"LINEFISHING","25","02","2014"
"ACROTERIOBATUS ANNULATUS","Lesser sandshark","24 FEBRUARY 2014","A6000",91,NA,"F","DIE PLAAT","Struisbaai",-34.746433,20.068497,"LINEFISHING","24","02","2014"
"ACROTERIOBATUS ANNULATUS","Lesser sandshark","27 FEBRUARY 2014","A4814",94,NA,"F","DIE MOND","Struisbaai",-34.716851,20.118269,"LINEFISHING","27","02","2014"
"CARCHARHINUS BRACHYURUS","Bronze whaler","27 FEBRUARY 2014","A4812",NA,101,"F","DIE MOND","Struisbaai",-34.716851,20.118269,"LINEFISHING","27","02","2014"
"ACROTERIOBATUS ANNULATUS","Lesser sandshark","24 FEBRUARY 2014","A2871",87,NA,"F","DIE PLAAT","Struisbaai",-34.746433,20.068497,"LINEFISHING","24","02","2014"
"ACROTERIOBATUS ANNULATUS","Lesser sandshark","24 FEBRUARY 2014","A2886",81,NA,"F","DIE PLAAT","Struisbaai",-34.746433,20.068497,"LINEFISHING","24","02","2014"
"ACROTERIOBATUS ANNULATUS","Lesser sandshark","27 FEBRUARY 2014","A4837",87,NA,"F","DIE MOND","Struisbaai",-34.716851,20.118269,"LINEFISHING","27","02","2014"
"ACROTERIOBATUS ANNULATUS","Lesser sandshark","07 MARCH 2012","A2892",82.8,NA,"F","DE MOND","Struisbaai",-34.716851,20.118269,"LINEFISHING","07","03","2012"
"ACROTERIOBATUS ANNULATUS","Lesser sandshark","24 FEBRUARY 2014","A2880",83,NA,"F","DIE PLAAT","Struisbaai",-34.746433,20.068497,"LINEFISHING","24","02","2014"
"ACROTERIOBATUS ANNULATUS","Lesser sandshark","07 MARCH 2012","A3579",86.6,NA,"F","DIE PLAAT","Struisbaai",-34.746433,20.068497,"LINEFISHING","07","03","2012"
"ACROTERIOBATUS ANNULATUS","Lesser sandshark","27 FEBRUARY 2014","A4838",90,NA,"F","DIE MOND","Struisbaai",-34.716851,20.118269,"LINEFISHING","27","02","2014"
"BATHYTOSHIA BREVICAUDATA","Short tail stingray","28 FEBRUARY 2014","A4811",110,NA,"F","DIE PLAAT","Struisbaai",-34.746433,20.068497,"LINEFISHING","28","02","2014"
"ACROTERIOBATUS ANNULATUS","Lesser sandshark","07 MARCH 2012","A3560",88.7,NA,"NO SEX","DIE PLAAT","Struisbaai",-34.746433,20.068497,"LINEFISHING","07","03","2012"
"ACROTERIOBATUS ANNULATUS","Lesser sandshark","07 MARCH 2012","A3555",84.9,NA,"F","DIE PLAAT","Struisbaai",-34.746433,20.068497,"LINEFISHING","07","03","2012"
"ACROTERIOBATUS ANNULATUS","Lesser sandshark","27 FEBRUARY 2014","A5765",99,NA,"F","DIE MOND","Struisbaai",-34.716851,20.118269,"LINEFISHING","27","02","2014"
"ACROTERIOBATUS ANNULATUS","Lesser sandshark","07 MARCH 2012","A3554",79.3,NA,"F","DIE PLAAT","Struisbaai",-34.746433,20.068497,"LINEFISHING","07","03","2012"
"ACROTERIOBATUS ANNULATUS","Lesser sandshark","24 FEBRUARY 2014","A2863",80,NA,"F","DIE PLAAT","Struisbaai",-34.746433,20.068497,"LINEFISHING","24","02","2014"
"ACROTERIOBATUS ANNULATUS","Lesser sandshark","27 FEBRUARY 2014","A4835",87,NA,"F","DIE MOND","Struisbaai",-34.716851,20.118269,"LINEFISHING","27","02","2014"
"ACROTERIOBATUS ANNULATUS","Lesser sandshark","07 MARCH 2012","A3557",88.9,NA,"F","DIE PLAAT","Struisbaai",-34.746433,20.068497,"LINEFISHING","07","03","2012"
"ACROTERIOBATUS ANNULATUS","Lesser sandshark","24 FEBRUARY 2014","A2872",93,NA,"F","DIE PLAAT","Struisbaai",-34.746433,20.068497,"LINEFISHING","24","02","2014"
"ACROTERIOBATUS ANNULATUS","Lesser sandshark","07 MARCH 2012","A3575",85.6,NA,"F","DIE PLAAT","Struisbaai",-34.746433,20.068497,"LINEFISHING","07","03","2012"
"ACROTERIOBATUS ANNULATUS","Lesser sandshark","07 MARCH 2012","A3576",89.5,NA,"F","DIE PLAAT","Struisbaai",-34.746433,20.068497,"LINEFISHING","07","03","2012"
"ACROTERIOBATUS ANNULATUS","Lesser sandshark","07 MARCH 2012","A3581",84.4,NA,"F","DIE PLAAT","Struisbaai",-34.746433,20.068497,"LINEFISHING","07","03","2012"
"ACROTERIOBATUS ANNULATUS","Lesser sandshark","24 FEBRUARY 2014","A2875",92,NA,"F","DIE PLAAT","Struisbaai",-34.746433,20.068497,"LINEFISHING","24","02","2014"
"ACROTERIOBATUS ANNULATUS","Lesser sandshark","07 MARCH 2012","A3558",91,NA,"F","DIE PLAAT","Struisbaai",-34.746433,20.068497,"LINEFISHING","07","03","2012"
"ACROTERIOBATUS ANNULATUS","Lesser sandshark","24 FEBRUARY 2014","A3241",82,NA,"F","DIE PLAAT","Struisbaai",-34.746433,20.068497,"LINEFISHING","24","02","2014"
"ACROTERIOBATUS ANNULATUS","Lesser sandshark","27 FEBRUARY 2014","A4833",87,NA,"NO SEX","DIE MOND","Struisbaai",-34.716851,20.118269,"LINEFISHING","27","02","2014"
"ACROTERIOBATUS ANNULATUS","Lesser sandshark","27 FEBRUARY 2014","A4834 (2)",86,NA,"NO SEX","DIE MOND","Struisbaai",-34.716851,20.118269,"LINEFISHING","27","02","2014"
"ACROTERIOBATUS ANNULATUS","Lesser sandshark","06 MARCH 2013","A5866",91,NA,"F","DIE MOND","Struisbaai",-34.716851,20.118269,"LINEFISHING","06","03","2013"
"ACROTERIOBATUS ANNULATUS","Lesser sandshark","07 MARCH 2012","A1629",70.8,NA,"F","DE MOND","Struisbaai",-34.716851,20.118269,"LINEFISHING","07","03","2012"
"ACROTERIOBATUS ANNULATUS","Lesser sandshark","07 MARCH 2012","A1626",86.1,NA,"F","DE MOND","Struisbaai",-34.716851,20.118269,"LINEFISHING","07","03","2012"
"CARCHARHINUS BRACHYURUS","Bronze whaler","07 MARCH 2012","A1611",90,NA,"M","DE MOND","Struisbaai",-34.716851,20.118269,"LINEFISHING","07","03","2012"
"ACROTERIOBATUS ANNULATUS","Lesser sandshark","07 MARCH 2012","A3566",87.2,NA,"F","DIE PLAAT","Struisbaai",-34.746433,20.068497,"LINEFISHING","07","03","2012"
"ACROTERIOBATUS ANNULATUS","Lesser sandshark","07 MARCH 2012","A3563",89,NA,"F","DIE PLAAT","Struisbaai",-34.746433,20.068497,"LINEFISHING","07","03","2012"
"GYMNURA NATALENSIS","Diamond ray","28 FEBRUARY 2014","A4819",150,NA,"M","DIE PLAAT","Struisbaai",-34.746433,20.068497,"LINEFISHING","28","02","2014"
"ACROTERIOBATUS ANNULATUS","Lesser sandshark","07 MARCH 2012","A3587 (1)",82.6,NA,"F","DIE PLAAT","Struisbaai",-34.746433,20.068497,"LINEFISHING","07","03","2012"
"ACROTERIOBATUS ANNULATUS","Lesser sandshark","07 MARCH 2012","A3584 (1)",80.8,NA,"F","DIE PLAAT","Struisbaai",-34.746433,20.068497,"LINEFISHING","07","03","2012"
"CARCHARHINUS BRACHYURUS","Bronze whaler","27 FEBRUARY 2014","A4821",NA,65,"M","DIE MOND","Struisbaai",-34.716851,20.118269,"LINEFISHING","27","02","2014"
"GYMNURA NATALENSIS","Diamond ray","25 FEBRUARY 2014","A5796",173,NA,"F","DIE DAM","Struisbaai",-34.768677,19.686647,"LINEFISHING","25","02","2014"
"CARCHARHINUS BRACHYURUS","Bronze whaler","27 FEBRUARY 2014","A4816",NA,88,"F","DIE MOND","Struisbaai",-34.716851,20.118269,"LINEFISHING","27","02","2014"
"PORODERMA PANTHERINUM","Leopard catshark","21 FEBRUARY 2014","finclip only",39.5,NA,"M","OLD HARBOUR","Walker Bay",-34.421092,19.250323,"LINEFISHING","21","02","2014"
"CARCHARHINUS BRACHYURUS","Bronze whaler","07 MARCH 2012","A1693",117.5,NA,"F","DIE PLAAT","Struisbaai",-34.746433,20.068497,"LINEFISHING","07","03","2012"
"ACROTERIOBATUS ANNULATUS","Lesser sandshark","07 MARCH 2012","A1615",85,NA,"F","DIE PLAAT","Struisbaai",-34.746433,20.068497,"LINEFISHING","07","03","2012"
"ACROTERIOBATUS ANNULATUS","Lesser sandshark","07 MARCH 2012","A1614",88.2,NA,"M","DIE PLAAT","Struisbaai",-34.746433,20.068497,"LINEFISHING","07","03","2012"
"ACROTERIOBATUS ANNULATUS","Lesser sandshark","08 MARCH 2012","A1620",99.3,NA,"F","DIE PLAAT","Struisbaai",-34.746433,20.068497,"LINEFISHING","08","03","2012"
"ACROTERIOBATUS ANNULATUS","Lesser sandshark","07 MARCH 2012","A1605",84,NA,"F","DE MOND","Struisbaai",-34.716851,20.118269,"LINEFISHING","07","03","2012"
"HAPLOBLEPHARUS PICTUS","Dark shyshark","21 FEBRUARY 2014","D136025",46.6,NA,"M","OLD HARBOUR","Walker Bay",-34.421092,19.250323,"LINEFISHING","21","02","2014"
"ACROTERIOBATUS ANNULATUS","Lesser sandshark","07 MARCH 2012","A3574",80.9,NA,"F","DIE PLAAT","Struisbaai",-34.746433,20.068497,"LINEFISHING","07","03","2012"
"ACROTERIOBATUS ANNULATUS","Lesser sandshark","07 MARCH 2012","A1624",84,NA,"F","DE MOND","Struisbaai",-34.716851,20.118269,"LINEFISHING","07","03","2012"
"ACROTERIOBATUS ANNULATUS","Lesser sandshark","07 MARCH 2012","A1631",87,NA,"F","DE MOND","Struisbaai",-34.716851,20.118269,"LINEFISHING","07","03","2012"
"HAPLOBLEPHARUS PICTUS","Dark shyshark","21 FEBRUARY 2014","D136030",55,NA,"M","OLD HARBOUR","Walker Bay",-34.421092,19.250323,"LINEFISHING","21","02","2014"
"ACROTERIOBATUS ANNULATUS","Lesser sandshark","27 FEBRUARY 2014","A4831",82,NA,"F","DIE MOND","Struisbaai",-34.716851,20.118269,"LINEFISHING","27","02","2014"
"CARCHARHINUS BRACHYURUS","Bronze whaler","08 MARCH 2012","A3567",85,NA,"M","DIE PLAAT","Struisbaai",-34.746433,20.068497,"LINEFISHING","08","03","2012"
"ACROTERIOBATUS ANNULATUS","Lesser sandshark","08 MARCH 2012","A1679",84.6,NA,"F","DE MOND","Struisbaai",-34.716851,20.118269,"LINEFISHING","08","03","2012"
"ACROTERIOBATUS ANNULATUS","Lesser sandshark","08 MARCH 2012","A1677",85.7,NA,"F","DIE PLAAT","Struisbaai",-34.746433,20.068497,"LINEFISHING","08","03","2012"
"ACROTERIOBATUS ANNULATUS","Lesser sandshark","08 MARCH 2012","A1688",82.2,NA,"F","DIE PLAAT","Struisbaai",-34.746433,20.068497,"LINEFISHING","08","03","2012"
"CARCHARHINUS BRACHYURUS","Bronze whaler","08 MARCH 2012","A3568",87,NA,"M","DIE PLAAT","Struisbaai",-34.746433,20.068497,"LINEFISHING","08","03","2012"
"ACROTERIOBATUS ANNULATUS","Lesser sandshark","08 MARCH 2012","A1616",94,NA,"F","DIE PLAAT","Struisbaai",-34.746433,20.068497,"LINEFISHING","08","03","2012"
"ACROTERIOBATUS ANNULATUS","Lesser sandshark","08 MARCH 2012","A3570",85,NA,"F","DIE PLAAT","Struisbaai",-34.746433,20.068497,"LINEFISHING","08","03","2012"
"ACROTERIOBATUS ANNULATUS","Lesser sandshark","08 MARCH 2012","A3564",89.4,NA,"F","DIE PLAAT","Struisbaai",-34.746433,20.068497,"LINEFISHING","08","03","2012"
"ACROTERIOBATUS ANNULATUS","Lesser sandshark","08 MARCH 2012","A1690",84.5,NA,"F","DIE PLAAT","Struisbaai",-34.746433,20.068497,"LINEFISHING","08","03","2012"
"ACROTERIOBATUS ANNULATUS","Lesser sandshark","08 MARCH 2012","A1682",89.4,NA,"F","DIE PLAAT","Struisbaai",-34.746433,20.068497,"LINEFISHING","08","03","2012"
"ACROTERIOBATUS ANNULATUS","Lesser sandshark","08 MARCH 2012","A1680",88,NA,"F","DIE PLAAT","Struisbaai",-34.746433,20.068497,"LINEFISHING","08","03","2012"
"ACROTERIOBATUS ANNULATUS","Lesser sandshark","08 MARCH 2012","A1670",84,NA,"F","DIE PLAAT","Struisbaai",-34.746433,20.068497,"LINEFISHING","08","03","2012"
"CARCHARHINUS BRACHYURUS","Bronze whaler","08 MARCH 2012","A1665",79.5,NA,"M","DIE PLAAT","Struisbaai",-34.746433,20.068497,"LINEFISHING","08","03","2012"
"ACROTERIOBATUS ANNULATUS","Lesser sandshark","08 MARCH 2012","A1683",87,NA,"F","DIE PLAAT","Struisbaai",-34.746433,20.068497,"LINEFISHING","08","03","2012"
"ACROTERIOBATUS ANNULATUS","Lesser sandshark","08 MARCH 2012","A1678",82.5,NA,"F","DIE PLAAT","Struisbaai",-34.746433,20.068497,"LINEFISHING","08","03","2012"
"CARCHARHINUS BRACHYURUS","Bronze whaler","08 MARCH 2012","A3613",85,NA,"F","DIE PLAAT","Struisbaai",-34.746433,20.068497,"LINEFISHING","08","03","2012"
"CARCHARHINUS BRACHYURUS","Bronze whaler","08 MARCH 2012","A1664",88,NA,"M","DIE PLAAT","Struisbaai",-34.746433,20.068497,"LINEFISHING","08","03","2012"
"ACROTERIOBATUS ANNULATUS","Lesser sandshark","08 MARCH 2012","A1687",78,NA,"F","DIE PLAAT","Struisbaai",-34.746433,20.068497,"LINEFISHING","08","03","2012"
"CARCHARHINUS BRACHYURUS","Bronze whaler","08 MARCH 2012","A0200",90,NA,"F","DIE PLAAT","Struisbaai",-34.746433,20.068497,"LINEFISHING","08","03","2012"
"CARCHARHINUS BRACHYURUS","Bronze whaler","08 MARCH 2012","A0192",88.5,NA,"F","DE MOND","Struisbaai",-34.716851,20.118269,"LINEFISHING","08","03","2012"
"ACROTERIOBATUS ANNULATUS","Lesser sandshark","08 MARCH 2012","A0194",82,NA,"F","DE MOND","Struisbaai",-34.716851,20.118269,"LINEFISHING","08","03","2012"
"ACROTERIOBATUS ANNULATUS","Lesser sandshark","08 MARCH 2012","A0190",82,NA,"F","DE MOND","Struisbaai",-34.716851,20.118269,"LINEFISHING","08","03","2012"
"ACROTERIOBATUS ANNULATUS","Lesser sandshark","08 MARCH 2012","A0198",90,NA,"F","DE MOND","Struisbaai",-34.716851,20.118269,"LINEFISHING","08","03","2012"
"ACROTERIOBATUS ANNULATUS","Lesser sandshark","08 MARCH 2012","A1685",86.8,NA,"F","DIE PLAAT","Struisbaai",-34.746433,20.068497,"LINEFISHING","08","03","2012"
"ACROTERIOBATUS ANNULATUS","Lesser sandshark","08 MARCH 2012","A1623",91.6,NA,"F","DIE PLAAT","Struisbaai",-34.746433,20.068497,"LINEFISHING","08","03","2012"
"CARCHARHINUS BRACHYURUS","Bronze whaler","08 MARCH 2012","A0164",92,NA,"F","DE MOND","Struisbaai",-34.716851,20.118269,"LINEFISHING","08","03","2012"
"ACROTERIOBATUS ANNULATUS","Lesser sandshark","08 MARCH 2012","A0176",96,NA,"F","DE MOND","Struisbaai",-34.716851,20.118269,"LINEFISHING","08","03","2012"
"ACROTERIOBATUS ANNULATUS","Lesser sandshark","08 MARCH 2012","A1672",94,NA,"F","DIE PLAAT","Struisbaai",-34.746433,20.068497,"LINEFISHING","08","03","2012"
"CARCHARHINUS BRACHYURUS","Bronze whaler","08 MARCH 2012","A0193",87,NA,"F","DE MOND","Struisbaai",-34.716851,20.118269,"LINEFISHING","08","03","2012"
"CARCHARHINUS BRACHYURUS","Bronze whaler","08 MARCH 2012","A1673",91,NA,"F","DIE PLAAT","Struisbaai",-34.746433,20.068497,"LINEFISHING","08","03","2012"
"ACROTERIOBATUS ANNULATUS","Lesser sandshark","08 MARCH 2012","A0169",91.5,NA,"F","DE MOND","Struisbaai",-34.716851,20.118269,"LINEFISHING","08","03","2012"
"CARCHARHINUS BRACHYURUS","Bronze whaler","08 MARCH 2012","A0163",94,NA,"M","DE MOND","Struisbaai",-34.716851,20.118269,"LINEFISHING","08","03","2012"
"CARCHARHINUS BRACHYURUS","Bronze whaler","08 MARCH 2012","A0183",90,NA,"M","DE MOND","Struisbaai",-34.716851,20.118269,"LINEFISHING","08","03","2012"
"CARCHARHINUS BRACHYURUS","Bronze whaler","08 MARCH 2012","A0165",105,NA,"NO SEX","DE MOND","Struisbaai",-34.716851,20.118269,"LINEFISHING","08","03","2012"
"CARCHARHINUS BRACHYURUS","Bronze whaler","08 MARCH 2012","A0162",91,NA,"NO SEX","DE MOND","Struisbaai",-34.716851,20.118269,"LINEFISHING","08","03","2012"
"HAPLOBLEPHARUS PICTUS","Dark shyshark","21 FEBRUARY 2014","A5954",53.5,NA,"M","OLD HARBOUR","Walker Bay",-34.421092,19.250323,"LINEFISHING","21","02","2014"
"ACROTERIOBATUS ANNULATUS","Lesser sandshark","08 MARCH 2012","A0172",87.1,NA,"F","DE MOND","Struisbaai",-34.716851,20.118269,"LINEFISHING","08","03","2012"
"HAPLOBLEPHARUS PICTUS","Dark shyshark","21 FEBRUARY 2014","D136027",60,NA,"F","OLD HARBOUR","Walker Bay",-34.421092,19.250323,"LINEFISHING","21","02","2014"
"CARCHARHINUS BRACHYURUS","Bronze whaler","08 MARCH 2012","A0184",NA,66,"NO SEX","DE MOND","Struisbaai",-34.716851,20.118269,"LINEFISHING","08","03","2012"
"CARCHARHINUS BRACHYURUS","Bronze whaler","08 MARCH 2012","A0180 (1)",85,NA,"NO SEX","DE MOND","Struisbaai",-34.716851,20.118269,"LINEFISHING","08","03","2012"
"CARCHARHINUS BRACHYURUS","Bronze whaler","08 MARCH 2012","A3611",88,NA,"F","DE MOND","Struisbaai",-34.716851,20.118269,"LINEFISHING","08","03","2012"
"CARCHARHINUS BRACHYURUS","Bronze whaler","08 MARCH 2012","A0187",92.2,NA,"F","DE MOND","Struisbaai",-34.716851,20.118269,"LINEFISHING","08","03","2012"
"HAPLOBLEPHARUS PICTUS","Dark shyshark","06 JUNE 2012","DECEASED",44.1,NA,"M","WALKER BAY","Hermanus",-34.422851,19.262768,"LINEFISHING","06","06","2012"
"HAPLOBLEPHARUS PICTUS","Dark shyshark","16 AUGUST 2012","DECEASED",54,NA,"F","WALKER BAY","Hermanus",-34.422851,19.262768,"LINEFISHING","16","08","2012"
"MUSTELUS MUSTELUS","Smooth houndshark","19 NOVEMBER 2012","A3688",67,NA,"F","GORDONS BAY","False Bay",-34.158896,18.850428,"LINEFISHING","19","11","2012"
"MUSTELUS MUSTELUS","Smooth houndshark","25 FEBRUARY 2014","A3216",80,NA,"F","DIE DAM","Agulhas",-34.768677,19.686647,"LINEFISHING","25","02","2014"
"CARCHARHINUS BRACHYURUS","Bronze whaler","08 MARCH 2012","A0177",86.3,NA,"F","DE MOND","Struisbaai",-34.716851,20.118269,"LINEFISHING","08","03","2012"
"CARCHARHINUS BRACHYURUS","Bronze whaler","08 MARCH 2012","A0166",87,NA,"M","DE MOND","Struisbaai",-34.716851,20.118269,"LINEFISHING","08","03","2012"
"CARCHARHINUS BRACHYURUS","Bronze whaler","08 MARCH 2012","A0174",88,NA,"M","DE MOND","Struisbaai",-34.716851,20.118269,"LINEFISHING","08","03","2012"
"SPHYRNA ZYGAENA","Smooth hammerhead shark","06 MARCH 2013","5851",107,NA,"M","DIE MOND","Struisbaai",-34.716851,20.118269,"LINEFISHING","06","03","2013"
"MUSTELUS MUSTELUS","Smooth houndshark","19 NOVEMBER 2012","A2868",82,NA,"F","GORDONS BAY","False Bay",-34.158896,18.850428,"LINEFISHING","19","11","2012"
"RAJA STRAELENI","Biscuit skate","27 OCTOBER 2012","A2911",45.5,NA,"M","VARKENVLEI","West Coast",-32.764615,18.126514,"LINEFISHING","27","10","2012"
"ACROTERIOBATUS BLOCHII","Bluntnose sandshark","27 OCTOBER 2012","A2903",74,NA,"F","VARKENVLEI","West Coast",-32.764615,18.126514,"LINEFISHING","27","10","2012"
"ACROTERIOBATUS BLOCHII","Bluntnose sandshark","27 OCTOBER 2012","A2907",92,NA,"F","VARKENVLEI","West Coast",-32.764615,18.126514,"LINEFISHING","27","10","2012"
"AETOMYLAEUS BOVINUS","Duckbill ray","27 OCTOBER 2012","A2914",54,NA,"M","VARKENVLEI","West Coast",-32.764615,18.126514,"LINEFISHING","27","10","2012"
"ACROTERIOBATUS BLOCHII","Bluntnose sandshark","27 OCTOBER 2012","A2909",86,NA,"M","VARKENVLEI","West Coast",-32.764615,18.126514,"LINEFISHING","27","10","2012"
"ACROTERIOBATUS BLOCHII","Bluntnose sandshark","27 OCTOBER 2012","A2908",74,NA,"M","VARKENVLEI","West Coast",-32.764615,18.126514,"LINEFISHING","27","10","2012"
"ACROTERIOBATUS BLOCHII","Bluntnose sandshark","27 OCTOBER 2012","A2905",86.5,NA,"F","VARKENVLEI","West Coast",-32.764615,18.126514,"LINEFISHING","27","10","2012"
"ACROTERIOBATUS BLOCHII","Bluntnose sandshark","27 OCTOBER 2012","A2910",91,NA,"F","VARKENVLEI","West Coast",-32.764615,18.126514,"LINEFISHING","27","10","2012"
"GALEORHINUS GALEUS","Soupfin shark","19 NOVEMBER 2012","A2870",156,NA,"F","GORDONS BAY","False Bay",-34.158896,18.850428,"LINEFISHING","19","11","2012"
"CARCHARHINUS BRACHYURUS","Bronze whaler","10 NOVEMBER 2012","A3683",141,NA,"F","GORDONS BAY","False Bay",-34.158896,18.850428,"LINEFISHING","10","11","2012"
"CARCHARHINUS BRACHYURUS","Bronze whaler","10 NOVEMBER 2012","A146003",NA,235,"F","GORDONS BAY","False Bay",-34.158896,18.850428,"LINEFISHING","10","11","2012"
"HAPLOBLEPHARUS PICTUS","Dark shyshark","21 FEBRUARY 2014","finclip only",50,NA,"F","OLD HARBOUR","Walker Bay",-34.421092,19.250323,"LINEFISHING","21","02","2014"
"CARCHARHINUS BRACHYURUS","Bronze whaler","10 NOVEMBER 2012","A3682",196.5,NA,"F","GORDONS BAY","False Bay",-34.158896,18.850428,"LINEFISHING","10","11","2012"
"NOTORHYNCHUS CEPEDIANUS","Sevengill cowshark","27 OCTOBER 2012","A2904",NA,142,"M","VARKENVLEI","West Coast",-32.764615,18.126514,"LINEFISHING","27","10","2012"
"ACROTERIOBATUS BLOCHII","Bluntnose sandshark","27 OCTOBER 2012","A2906",81,NA,"F","VARKENVLEI","West Coast",-32.764615,18.126514,"LINEFISHING","27","10","2012"
"NOTORHYNCHUS CEPEDIANUS","Sevengill cowshark","27 OCTOBER 2012","A3625",NA,148,"M","VARKENVLEI","West Coast",-32.764615,18.126514,"LINEFISHING","27","10","2012"
"ACROTERIOBATUS BLOCHII","Bluntnose sandshark","27 OCTOBER 2012","A2902",91.2,NA,"F","VARKENVLEI","West Coast",-32.764615,18.126514,"LINEFISHING","27","10","2012"
"CARCHARHINUS BRACHYURUS","Bronze whaler","08 DECEMBER 2012","A5849",152,NA,"F","STRANDFONTEIN","False Bay",-34.087406,18.581635,"LINEFISHING","08","12","2012"
"CARCHARHINUS BRACHYURUS","Bronze whaler","08 DECEMBER 2012","A3247",161,NA,"F","SURF ROAD, STRANDFONTEIN","False Bay",-34.087406,18.581635,"LINEFISHING","08","12","2012"
"CARCHARHINUS BRACHYURUS","Bronze whaler","08 DECEMBER 2012","A5847",302,NA,"F","STRANDFONTEIN","False Bay",-34.087406,18.581635,"LINEFISHING","08","12","2012"
"CARCHARHINUS BRACHYURUS","Bronze whaler","08 DECEMBER 2012","A5902",158,NA,"F","STRANDFONTEIN","False Bay",-34.087406,18.581635,"LINEFISHING","08","12","2012"
"CARCHARHINUS BRACHYURUS","Bronze whaler","08 DECEMBER 2012","A5897",103,NA,"M","STRANDFONTEIN","False Bay",-34.087406,18.581635,"LINEFISHING","08","12","2012"
"CARCHARHINUS BRACHYURUS","Bronze whaler","08 DECEMBER 2012","A5895",111.5,NA,"M","STRANDFONTEIN","False Bay",-34.087406,18.581635,"LINEFISHING","08","12","2012"
"CARCHARHINUS BRACHYURUS","Bronze whaler","08 DECEMBER 2012","A5901",147,NA,"F","STRANDFONTEIN","False Bay",-34.087406,18.581635,"LINEFISHING","08","12","2012"
"CARCHARHINUS BRACHYURUS","Bronze whaler","08 DECEMBER 2012","A5899",230,NA,"F","STRANDFONTEIN","False Bay",-34.087406,18.581635,"LINEFISHING","08","12","2012"
"GALEORHINUS GALEUS","Soupfin shark","14 JUNE 2012","A2864",151,NA,"M","GORDONS BAY","False Bay",-34.158896,18.850428,"LINEFISHING","14","06","2012"
"ACROTERIOBATUS ANNULATUS","Lesser sandshark","08 MARCH 2012","A3618",79,NA,"M","DE MOND","Struisbaai",-34.716851,20.118269,"LINEFISHING","08","03","2012"
"ROSTRORAJA ALBA","Spearnose skate","05 JULY 2012","A3552",138,NA,"M","STRAND","False Bay",-34.116257,18.820466,"LINEFISHING","05","07","2012"
"PORODERMA AFRICANUM","Pyjama catshark","26 FEBRUARY 2014","A146430",72,NA,"F","OLD HARBOUR","Walker Bay",-34.421092,19.250323,"LINEFISHING","26","02","2014"
"HAPLOBLEPHARUS PICTUS","Dark shyshark","21 FEBRUARY 2014","D136026",48,NA,"M","OLD HARBOUR","Walker Bay",-34.421092,19.250323,"LINEFISHING","21","02","2014"
"CARCHARHINUS BRACHYURUS","Bronze whaler","10 NOVEMBER 2012","A2919",131,NA,"F","DE MOND","Struisbaai",-34.716851,20.118269,"LINEFISHING","10","11","2012"
"DASYATIS CHRYSONOTA","Blue stingray","10 NOVEMBER 2012","A3691",66.5,NA,"F","DE MOND","Struisbaai",-34.716851,20.118269,"LINEFISHING","10","11","2012"
"CARCHARHINUS BRACHYURUS","Bronze whaler","08 DECEMBER 2012","A3246",137,NA,"F","STRANDFONTEIN","False Bay",-34.087406,18.581635,"LINEFISHING","08","12","2012"
"CARCHARHINUS BRACHYURUS","Bronze whaler","08 DECEMBER 2012","A5900",180,NA,"F","STRANDFONTEIN","False Bay",-34.087406,18.581635,"LINEFISHING","08","12","2012"
"HAPLOBLEPHARUS PICTUS","Dark shyshark","21 FEBRUARY 2014","D136022",58,NA,"F","OLD HARBOUR","Walker Bay",-34.421092,19.250323,"LINEFISHING","21","02","2014"
"CARCHARHINUS BRACHYURUS","Bronze whaler","08 DECEMBER 2012","A5890",156,NA,"M","STRANDFONTEIN","False Bay",-34.087406,18.581635,"LINEFISHING","08","12","2012"
"CARCHARHINUS BRACHYURUS","Bronze whaler","08 DECEMBER 2012","A5892",149,NA,"M","STRANDFONTEIN","False Bay",-34.087406,18.581635,"LINEFISHING","08","12","2012"
"CARCHARHINUS BRACHYURUS","Bronze whaler","08 DECEMBER 2012","A5949",227,NA,"F","STRANDFONTEIN","False Bay",-34.087406,18.581635,"LINEFISHING","08","12","2012"
"CARCHARHINUS BRACHYURUS","Bronze whaler","08 DECEMBER 2012","A5889",126,NA,"M","STRANDFONTEIN","False Bay",-34.087406,18.581635,"LINEFISHING","08","12","2012"
"CARCHARHINUS BRACHYURUS","Bronze whaler","08 DECEMBER 2012","A5800",192,NA,"F","BLAASGAT, STRANDFONTEIN","False Bay",-34.087406,18.581635,"LINEFISHING","08","12","2012"
"CARCHARHINUS BRACHYURUS","Bronze whaler","08 DECEMBER 2012","A5891",232,NA,"F","STRANDFONTEIN","False Bay",-34.087406,18.581635,"LINEFISHING","08","12","2012"
"CARCHARHINUS BRACHYURUS","Bronze whaler","08 DECEMBER 2012","A5798",221,NA,"F","BLAASGAT, STRANDFONTEIN","False Bay",-34.087406,18.581635,"LINEFISHING","08","12","2012"
"CARCHARHINUS BRACHYURUS","Bronze whaler","08 DECEMBER 2012","A5950",163,NA,"F","STRANDFONTEIN","False Bay",-34.087406,18.581635,"LINEFISHING","08","12","2012"
"CARCHARHINUS BRACHYURUS","Bronze whaler","08 DECEMBER 2012","A5845",158,NA,"F","STRANDFONTEIN","False Bay",-34.087406,18.581635,"LINEFISHING","08","12","2012"
"CARCHARHINUS BRACHYURUS","Bronze whaler","08 DECEMBER 2012","A5903",238,NA,"F","STRANDFONTEIN","False Bay",-34.087406,18.581635,"LINEFISHING","08","12","2012"
"CARCHARHINUS BRACHYURUS","Bronze whaler","08 DECEMBER 2012","A5846",145,NA,"M","STRANDFONTEIN","False Bay",-34.087406,18.581635,"LINEFISHING","08","12","2012"
"HAPLOBLEPHARUS PICTUS","Dark shyshark","21 FEBRUARY 2014","D136024",54.5,NA,"F","OLD HARBOUR","Walker Bay",-34.421092,19.250323,"LINEFISHING","21","02","2014"
"CARCHARHINUS BRACHYURUS","Bronze whaler","08 DECEMBER 2012","A5886",153,NA,"M","STRANDFONTEIN","False Bay",-34.087406,18.581635,"LINEFISHING","08","12","2012"
"CARCHARHINUS BRACHYURUS","Bronze whaler","08 DECEMBER 2012","A5885",193,NA,"F","STRANDFONTEIN","False Bay",-34.087406,18.581635,"LINEFISHING","08","12","2012"
"CARCHARHINUS BRACHYURUS","Bronze whaler","08 DECEMBER 2012","A5888",221,NA,"F","STRANDFONTEIN","False Bay",-34.087406,18.581635,"LINEFISHING","08","12","2012"
"CARCHARHINUS BRACHYURUS","Bronze whaler","19 JANUARY 2013","A2920",NA,137,"F","STRANDFONTEIN","False Bay",-34.087406,18.581635,"LINEFISHING","19","01","2013"
"PORODERMA AFRICANUM","Pyjama catshark","19 JANUARY 2014","finclip only",73.5,NA,"F","OLD HARBOUR","Walker Bay",-34.421092,19.250323,"LINEFISHING","19","01","2014"
"DASYATIS CHRYSONOTA","Blue stingray","07 FEBRUARY 2013","A5834",46.5,NA,"M","VAN DER RIETS","Algoa Bay",-33.778865,25.723433,"LINEFISHING","07","02","2013"
"CARCHARIAS TAURUS","Ragged-tooth shark","07 FEBRUARY 2013","A5841",209,NA,"M","VAN DER RIETS","Algoa Bay",-33.778865,25.723433,"LINEFISHING","07","02","2013"
"DASYATIS CHRYSONOTA","Blue stingray","07 FEBRUARY 2013","A5832",54,NA,"F","VAN DER RIETS","Algoa Bay",-33.778865,25.723433,"LINEFISHING","07","02","2013"
"SPHYRNA ZYGAENA","Smooth hammerhead shark","07 FEBRUARY 2013","A 3244",113,NA,"F","VAN DER RIETS","Algoa Bay",-33.778865,25.723433,"LINEFISHING","07","02","2013"
"DASYATIS CHRYSONOTA","Blue stingray","07 FEBRUARY 2013","A3239",49,NA,"F","VAN DER RIETS","Algoa Bay",-33.778865,25.723433,"LINEFISHING","07","02","2013"
"DASYATIS CHRYSONOTA","Blue stingray","07 FEBRUARY 2013","A5825",50.5,NA,"F","VAN DER RIETS","Algoa Bay",-33.778865,25.723433,"LINEFISHING","07","02","2013"
"ACROTERIOBATUS ANNULATUS","Lesser sandshark","07 FEBRUARY 2013","A5837 (?)",85,NA,"M","VAN DER RIETS","Algoa Bay",-33.778865,25.723433,"LINEFISHING","07","02","2013"
"MYLIOBATIS AQUILA","Eagle ray","19 JANUARY 2013","A366_",80,NA,"F","STRANDFONTEIN","False Bay",-34.087406,18.581635,"LINEFISHING","19","01","2013"
"CARCHARHINUS BRACHYURUS","Bronze whaler","08 DECEMBER 2012","A5884",148.5,NA,"M","STRANDFONTEIN","False Bay",-34.087406,18.581635,"LINEFISHING","08","12","2012"
"CARCHARHINUS BRACHYURUS","Bronze whaler","08 DECEMBER 2012","A5893",193,NA,"F","STRANDFONTEIN","False Bay",-34.087406,18.581635,"LINEFISHING","08","12","2012"
"CARCHARHINUS BRACHYURUS","Bronze whaler","08 DECEMBER 2012","A5896",168,NA,"F","STRANDFONTEIN","False Bay",-34.087406,18.581635,"LINEFISHING","08","12","2012"
"CARCHARHINUS BRACHYURUS","Bronze whaler","08 DECEMBER 2012","A5898",128,NA,"F","STRANDFONTEIN","False Bay",-34.087406,18.581635,"LINEFISHING","08","12","2012"
"AETOMYLAEUS BOVINUS","Duckbill ray","08 FEBRUARY 2013","A3243",99,NA,"F","VAN DER RIETS","Algoa Bay",-33.778865,25.723433,"LINEFISHING","08","02","2013"
"ACROTERIOBATUS ANNULATUS","Lesser sandshark","08 FEBRUARY 2013","A5830",86.5,NA,"M","VAN DER RIETS","Algoa Bay",-33.778865,25.723433,"LINEFISHING","08","02","2013"
"CARCHARHINUS OBSCURUS","Dusky shark","07 FEBRUARY 2013","A5823",99,NA,"M","VAN DER RIETS","Algoa Bay",-33.778865,25.723433,"LINEFISHING","07","02","2013"
"CARCHARHINUS OBSCURUS","Dusky shark","07 FEBRUARY 2013","A5820",124,NA,"F","VAN DER RIETS","Algoa Bay",-33.778865,25.723433,"LINEFISHING","07","02","2013"
"DASYATIS CHRYSONOTA","Blue stingray","07 FEBRUARY 2013","A5827",56,NA,"F","VAN DER RIETS","Algoa Bay",-33.778865,25.723433,"LINEFISHING","07","02","2013"
"DASYATIS CHRYSONOTA","Blue stingray","07 FEBRUARY 2013","A58__",92,NA,"F","VAN DER RIETS","Algoa Bay",-33.778865,25.723433,"LINEFISHING","07","02","2013"
"DASYATIS CHRYSONOTA","Blue stingray","07 FEBRUARY 2013","A5831",67,NA,"F","VAN DER RIETS","Algoa Bay",-33.778865,25.723433,"LINEFISHING","07","02","2013"
"MUSTELUS MUSTELUS","Smooth houndshark","07 FEBRUARY 2013","A5822",139,NA,"F","VAN DER RIETS","Algoa Bay",-33.778865,25.723433,"LINEFISHING","07","02","2013"
"CARCHARIAS TAURUS","Ragged-tooth shark","06 FEBRUARY 2013","A5906",232,NA,"M","VAN DER RIETS","Algoa Bay",-33.778865,25.723433,"LINEFISHING","06","02","2013"
"CARCHARIAS TAURUS","Ragged-tooth shark","06 FEBRUARY 2013","A5920",262,NA,"F","VAN DER RIETS","Algoa Bay",-33.778865,25.723433,"LINEFISHING","06","02","2013"
"MUSTELUS MUSTELUS","Smooth houndshark","06 FEBRUARY 2013","A5913",150,NA,"F","VAN DER RIETS","Algoa Bay",-33.778865,25.723433,"LINEFISHING","06","02","2013"
"DASYATIS CHRYSONOTA","Blue stingray","07 FEBRUARY 2013","A5833",44.5,NA,"F","VAN DER RIETS","Algoa Bay",-33.778865,25.723433,"LINEFISHING","07","02","2013"
"SPHYRNA ZYGAENA","Smooth hammerhead shark","07 FEBRUARY 2013","A5821",108,NA,"F","VAN DER RIETS","Algoa Bay",-33.778865,25.723433,"LINEFISHING","07","02","2013"
"DASYATIS CHRYSONOTA","Blue stingray","07 FEBRUARY 2013","A5836",43.5,NA,"M","VAN DER RIETS","Algoa Bay",-33.778865,25.723433,"LINEFISHING","07","02","2013"
"ACROTERIOBATUS ANNULATUS","Lesser sandshark","07 FEBRUARY 2013","A5829",91.5,NA,"F","VAN DER RIETS","Algoa Bay",-33.778865,25.723433,"LINEFISHING","07","02","2013"
"DASYATIS CHRYSONOTA","Blue stingray","07 FEBRUARY 2013","A3240",44.5,NA,"M","KABELJOUS","Jeffrey's Bay",-34.0141,24.93195,"LINEFISHING","07","02","2013"
"MUSTELUS MUSTELUS","Smooth houndshark","07 FEBRUARY 2013","A3242",151,NA,"F","KABELJOUS","Jeffrey's Bay",-34.0141,24.93195,"LINEFISHING","07","02","2013"
"PORODERMA PANTHERINUM","Leopard catshark","20 JANUARY 2014","finclip only",59,NA,"F","OLD HARBOUR","Walker Bay",-34.421092,19.250323,"LINEFISHING","20","01","2014"
"GYMNURA NATALENSIS","Diamond ray","07 FEBRUARY 2013","A5922",117,NA,"F","VAN DER RIETS","Algoa Bay",-33.778865,25.723433,"LINEFISHING","07","02","2013"
"MUSTELUS MUSTELUS","Smooth houndshark","06 FEBRUARY 2013","A5905",152,NA,"F","VAN DER RIETS","Algoa Bay",-33.778865,25.723433,"LINEFISHING","06","02","2013"
"CARCHARHINUS BRACHYURUS","Bronze whaler","06 FEBRUARY 2013","A5918",114,NA,"F","KABELJOUS","Jeffrey's Bay",-34.0141,24.93195,"LINEFISHING","06","02","2013"
"CARCHARHINUS BRACHYURUS","Bronze whaler","06 FEBRUARY 2013","A5843",166,NA,"F","KABELJOUS","Jeffrey's Bay",-34.0141,24.93195,"LINEFISHING","06","02","2013"
"MUSTELUS MUSTELUS","Smooth houndshark","06 FEBRUARY 2013","A5904",147,NA,"F","KABELJOUS","Jeffrey's Bay",-34.0141,24.93195,"LINEFISHING","06","02","2013"
"CARCHARIAS TAURUS","Ragged-tooth shark","06 FEBRUARY 2013","A5921",76,NA,"M","KABELJOUS","Jeffrey's Bay",-34.0141,24.93195,"LINEFISHING","06","02","2013"
"CARCHARIAS TAURUS","Ragged-tooth shark","06 FEBRUARY 2013","A5914",224,NA,"F","KABELJOUS","Jeffrey's Bay",-34.0141,24.93195,"LINEFISHING","06","02","2013"
"HAPLOBLEPHARUS PICTUS","Dark shyshark","21 FEBRUARY 2014","D136031",57.5,NA,"F","OLD HARBOUR","Walker Bay",-34.421092,19.250323,"LINEFISHING","21","02","2014"
"HAPLOBLEPHARUS PICTUS","Dark shyshark","07 MARCH 2014","D136040",50,NA,"F","OLD HARBOUR","Walker Bay",-34.421092,19.250323,"LINEFISHING","07","03","2014"
"PORODERMA AFRICANUM","Pyjama catshark","26 FEBRUARY 2014","D136035",82.5,NA,"F","OLD HARBOUR","Walker Bay",-34.421092,19.250323,"LINEFISHING","26","02","2014"
"CARCHARIAS TAURUS","Ragged-tooth shark","06 FEBRUARY 2013","A5908",281.5,NA,"F","VAN DER RIETS","Algoa Bay",-33.778865,25.723433,"LINEFISHING","06","02","2013"
"MUSTELUS MUSTELUS","Smooth houndshark","06 FEBRUARY 2013","A5916",147,NA,"F","VAN DER RIETS","Algoa Bay",-33.778865,25.723433,"LINEFISHING","06","02","2013"
"CARCHARHINUS OBSCURUS","Dusky shark","06 FEBRUARY 2013","A3923",162,NA,"F","VAN DER RIETS","Algoa Bay",-33.778865,25.723433,"LINEFISHING","06","02","2013"
"CARCHARIAS TAURUS","Ragged-tooth shark","06 FEBRUARY 2013","A5919",250,NA,"M","VAN DER RIETS","Algoa Bay",-33.778865,25.723433,"LINEFISHING","06","02","2013"
"CARCHARIAS TAURUS","Ragged-tooth shark","06 FEBRUARY 2013","A146031",NA,200,"F","KABELJOUS","Jeffrey's Bay",-34.0141,24.93195,"LINEFISHING","06","02","2013"
"MUSTELUS MUSTELUS","Smooth houndshark","06 FEBRUARY 2013","A5917",155,NA,"F","KABELJOUS","Jeffrey's Bay",-34.0141,24.93195,"LINEFISHING","06","02","2013"
"DASYATIS CHRYSONOTA","Blue stingray","06 FEBRUARY 2013","A5907",45,NA,"M","KABELJOUS","Jeffrey's Bay",-34.0141,24.93195,"LINEFISHING","06","02","2013"
"MUSTELUS MUSTELUS","Smooth houndshark","06 FEBRUARY 2013","A5844",155,NA,"F","KABELJOUS","Jeffrey's Bay",-34.0141,24.93195,"LINEFISHING","06","02","2013"
"HAPLOBLEPHARUS PICTUS","Dark shyshark","09 APRIL 2014","N/A",39.5,30.5,"F","NEW HARBOUR","Walker Bay",-34.434375,19.231372,"LINEFISHING","09","04","2014"
"PORODERMA AFRICANUM","Pyjama catshark","12 APRIL 2014","A4830",67,52,"F","OLD HARBOUR","Walker Bay",-34.421092,19.250323,"LINEFISHING","12","04","2014"
"HAPLOBLEPHARUS PICTUS","Dark shyshark","23 APRIL 2014","D136047",49.5,39,"F","DIE GANG","Walker Bay",-34.413929,19.256555,"LINEFISHING","23","04","2014"
"HAPLOBLEPHARUS PICTUS","Dark shyshark","05 APRIL 2014","A4808",63,51.5,"F","DIE GANG","Walker Bay",-34.413929,19.256555,"LINEFISHING","05","04","2014"
"HAPLOBLEPHARUS PICTUS","Dark shyshark","18 JUNE 2014","D162634",58.6,48,"F","OLD HARBOUR","Walker Bay",-34.421092,19.250323,"LINEFISHING","18","06","2014"
"PORODERMA AFRICANUM","Pyjama catshark","12 APRIL 2014","A4846",89,69,"F","OLD HARBOUR","Walker Bay",-34.421092,19.250323,"LINEFISHING","12","04","2014"
"HAPLOBLEPHARUS EDWARDSII","Puffadder shyshark","11 APRIL 2014","D136019",51.5,41,"F","OLD HARBOUR","Walker Bay",-34.421092,19.250323,"LINEFISHING","11","04","2014"
"HAPLOBLEPHARUS PICTUS","Dark shyshark","18 JUNE 2014","D162632",54,44,"F","OLD HARBOUR","Walker Bay",-34.421092,19.250323,"LINEFISHING","18","06","2014"
"HAPLOBLEPHARUS PICTUS","Dark shyshark","09 APRIL 2014","A4851",62,50,"M","NEW HARBOUR","Walker Bay",-34.434375,19.231372,"LINEFISHING","09","04","2014"
"MUSTELUS MUSTELUS","Smooth houndshark","21 APRIL 2014","D136038",44.4,35.5,"M","OLD HARBOUR","Walker Bay",-34.421092,19.250323,"LINEFISHING","21","04","2014"
"CALLORHINCHUS CAPENSIS","St. Joseph's","04 APRIL 2014","A4807",80,64,NA,"LANGBAAI","Walker Bay",-34.409699,19.274295,"LINEFISHING","04","04","2014"
"PORODERMA PANTHERINUM","Leopard catchark","12 APRIL 2014","A4847",71,57,"M","OLD HARBOUR","Walker Bay",-34.421092,19.250323,"LINEFISHING","12","04","2014"
"PORODERMA AFRICANUM","Pyjama catshark","11 APRIL 2014","A4853",65.5,51.5,"M","OLD HARBOUR","Walker Bay",-34.421092,19.250323,"LINEFISHING","11","04","2014"
"HAPLOBLEPHARUS EDWARDSII","Puffadder shyshark","23 APRIL 2014","D136023",58.5,46,"M","DIE GANG","Walker Bay",-34.413929,19.256555,"LINEFISHING","23","04","2014"
"HAPLOBLEPHARUS PICTUS","Dark shyshark","09 APRIL 2014","D136039",45,35.5,"F","NEW HARBOUR","Walker Bay",-34.434375,19.231372,"LINEFISHING","09","04","2014"
"HAPLOBLEPHARUS PICTUS","Dark shyshark","09 APRIL 2014","D136034",44,35,"M","NEW HARBOUR","Walker Bay",-34.434375,19.231372,"LINEFISHING","09","04","2014"
"PORODERMA AFRICANUM","Pyjama catshark","12 MARCH 2014","A3210",88,70,"M","NEW HARBOUR","Walker Bay",-34.434375,19.231372,"LINEFISHING","12","03","2014"
"HAPLOBLEPHARUS PICTUS","Dark shyshark","12 MARCH 2014","A3209",57,45.5,"M","NEW HARBOUR","Walker Bay",-34.434375,19.231372,"LINEFISHING","12","03","2014"
"PORODERMA AFRICANUM","Pyjama catshark","12 MARCH 2014","A5939",87,68,"F","NEW HARBOUR","Walker Bay",-34.434375,19.231372,"LINEFISHING","12","03","2014"
"RAJA STRAELENI","Biscuit skate","12 MARCH 2014","A3207",54.5,NA,"M","NEW HARBOUR","Walker Bay",-34.434375,19.231372,"LINEFISHING","12","03","2014"
"HAPLOBLEPHARUS PICTUS","Dark shyshark","18 JUNE 2014","D162633",56.4,45,"M","OLD HARBOUR","Walker Bay",-34.421092,19.250323,"LINEFISHING","18","06","2014"
"PORODERMA AFRICANUM","Pyjama catshark","18 JUNE 2014","D146419",101,80,"M","OLD HARBOUR","Walker Bay",-34.421092,19.250323,"LINEFISHING","18","06","2014"
"PORODERMA AFRICANUM","Pyjama catshark","12 APRIL 2014","A4844",90,70,"F","OLD HARBOUR","Walker Bay",-34.421092,19.250323,"LINEFISHING","12","04","2014"
"HAPLOBLEPHARUS PICTUS","Dark shyshark","09 APRIL 2014","D136046",42,33.5,"M","NEW HARBOUR","Walker Bay",-34.434375,19.231372,"LINEFISHING","09","04","2014"
"HAPLOBLEPHARUS PICTUS","Dark shyshark","18 JUNE 2014","D121548",57.4,45.4,"M","OLD HARBOUR","Walker Bay",-34.421092,19.250323,"LINEFISHING","18","06","2014"
"PORODERMA AFRICANUM","Pyjama catshark","12 MARCH 2014","A3208",89,71,"M","NEW HARBOUR","Walker Bay",-34.434375,19.231372,"LINEFISHING","12","03","2014"
"HAPLOBLEPHARUS PICTUS","Dark shyshark","09 APRIL 2014","A5760",62,51,"M","NEW HARBOUR","Walker Bay",-34.434375,19.231372,"LINEFISHING","09","04","2014"
"HAPLOBLEPHARUS PICTUS","Dark shyshark","12 MARCH 2014","A5970",62,49.5,"F","NEW HARBOUR","Walker Bay",-34.434375,19.231372,"LINEFISHING","12","03","2014"
"PORODERMA AFRICANUM","Pyjama catshark","14 MARCH 2014","A4843",64,50.5,"M","NEW HARBOUR","Walker Bay",-34.434375,19.231372,"LINEFISHING","14","03","2014"
"TRIAKIS MEGALOPTERUS","Spotted Gully shark","11 APRIL 2014","A4853",65.5,51.5,"M","OLD HARBOUR","Walker Bay",-34.421092,19.250323,"LINEFISHING","11","04","2014"
"PORODERMA AFRICANUM","Pyjama catshark","12 MARCH 2014","A1660",93,73,"M","NEW HARBOUR","Walker Bay",-34.434375,19.231372,"LINEFISHING","12","03","2014"
"PORODERMA AFRICANUM","Pyjama catshark","12 APRIL 2014","A4845",100,78,"M","OLD HARBOUR","Walker Bay",-34.421092,19.250323,"LINEFISHING","12","04","2014"
"PORODERMA AFRICANUM","Pyjama catshark","11 APRIL 2014","A5944",93,74,"M","OLD HARBOUR","Walker Bay",-34.421092,19.250323,"LINEFISHING","11","04","2014"
"HAPLOBLEPHARUS PICTUS","Dark shyshark","05 APRIL 2014","A4809",63,47,"M","DIE GANG","Walker Bay",-34.413929,19.256555,"LINEFISHING","05","04","2014"
"HAPLOBLEPHARUS PICTUS","Dark shyshark","18 JUNE 2014","D162631",56.5,46,"F","OLD HARBOUR","Walker Bay",-34.421092,19.250323,"LINEFISHING","18","06","2014"
"HAPLOBLEPHARUS PICTUS","Dark shyshark","12 MARCH 2014","N/A",43,34.5,"F","NEW HARBOUR","Walker Bay",-34.434375,19.231372,"LINEFISHING","12","03","2014"
"PORODERMA AFRICANUM","Pyjama catshark","11 MARCH 2014","A4801",68,53.5,"M","OLD HARBOUR","Walker Bay",-34.421092,19.250323,"LINEFISHING","11","03","2014"
"HAPLOBLEPHARUS PICTUS","Dark shyshark","12 MARCH 2014","A3203",73,45.5,"M","NEW HARBOUR","Walker Bay",-34.434375,19.231372,"LINEFISHING","12","03","2014"
"PORODERMA AFRICANUM","Pyjama catshark","25 MARCH 2014","A4804",89.5,70.8,"M","OLD HARBOUR","Walker Bay",-34.421092,19.250323,"LINEFISHING","25","03","2014"
"PORODERMA AFRICANUM","Pyjama catshark","25 MARCH 2014","A4805",63.5,52,"F","OLD HARBOUR","Walker Bay",-34.421092,19.250323,"LINEFISHING","25","03","2014"
"PORODERMA AFRICANUM","Pyjama catshark","25 MARCH 2014","A4802",94,73,"M","OLD HARBOUR","Walker Bay",-34.421092,19.250323,"LINEFISHING","25","03","2014"
"PORODERMA PANTHERINUM","Leopard catshark","25 MARCH 2014","A4806",63.5,51,"F","OLD HARBOUR","Walker Bay",-34.421092,19.250323,"LINEFISHING","25","03","2014"
"PORODERMA AFRICANUM","Pyjama catshark","25 MARCH 2014","A4803",81,64,"M","OLD HARBOUR","Walker Bay",-34.421092,19.250323,"LINEFISHING","25","03","2014"
"PORODERMA AFRICANUM","Pyjama catshark","29 MAY 2014","A146403",95,76,"F","OLD HARBOUR","Walker Bay",-34.421092,19.250323,"LINEFISHING","29","05","2014"
"HAPLOBLEPHARUS FUSCUS","Brown shyshark","19 MAY 2014","D136036",59,47,"F","OLD HARBOUR","Walker Bay",-34.421092,19.250323,"LINEFISHING","19","05","2014"
"HAPLOBLEPHARUS PICTUS","Dark shyshark","25 APRIL 2014","D162626",41.5,33.5,"F","OLD HARBOUR","Walker Bay",-34.421092,19.250323,"LINEFISHING","25","04","2014"
"HAPLOBLEPHARUS PICTUS","Dark shyshark","25 APRIL 2014","A3695",61.5,49.5,"M","OLD HARBOUR","Walker Bay",-34.421092,19.250323,"LINEFISHING","25","04","2014"
"HAPLOBLEPHARUS FUSCUS","Brown shyshark","25 APRIL 2014","D162628",57.5,46,"F","OLD HARBOUR","Walekr Bay",-34.421092,19.250323,"LINEFISHING","25","04","2014"
"HAPLOBLEPHARUS PICTUS","Dark shyshark","25 APRIL 2014","D162627",49,40.5,"F","OLD HARBOUR","Walker Bay",-34.421092,19.250323,"LINEFISHING","25","04","2014"
"PORODERMA PANTHERINUM","Leopard catshark","25 APRIL 2014","D162629",52,41.5,"M","OLD HARBOUR","Walker Bay",-34.421092,19.250323,"LINEFISHING","25","04","2014"
"HAPLOBLEPHARUS PICTUS","Dark shyshark","04 JULY 2014","A5938",56.5,38,"F","OLD HARBOUR","Walker Bay",-34.421092,19.250323,"LINEFISHING","04","07","2014"
"PORODERMA PANTHERINUM","Leopard catshark","04 JULY 2014","D162630",46.6,34,"F","OLD HARBOUR","Walker Bay",-34.421092,19.250323,"LINEFISHING","04","07","2014"
"HAPLOBLEPHARUS PICTUS","Dark shyshark","04 JULY 2014","D162639",56.8,47,"F","OLD HARBOUR","Walekr Bay",-34.421092,19.250323,"LINEFISHING","04","07","2014"
"HAPLOBLEPHARUS PICTUS","Dark shyshark","04 JULY 2014","D162635",55.2,39,"M","OLD HARBOUR","Walker Bay",-34.421092,19.250323,"LINEFISHING","04","07","2014"
"HAPLOBLEPHARUS PICTUS","Dark shyshark","04 JULY 2014","A4864",60,49,"M","OLD HARBOUR","Walker Bay",-34.421092,19.250323,"LINEFISHING","04","07","2014"
"HAPLOBLEPHARUS PICTUS","Dark shyshark","04 JULY 2014","D162645",52.8,43,"F","OLD HARBOUR","Walker Bay",-34.421092,19.250323,"LINEFISHING","04","07","2014"
"HAPLOBLEPHARUS PICTUS","Dark shyshark","04 JULY 2014","D162641",54.8,43.5,"F","OLD HARBOUR","Walker Bay",-34.421092,19.250323,"LINEFISHING","04","07","2014"
"PORODERMA AFRICANUM","Pyjama catshark","06 JULY 2014","A4861",93,74.5,"F","OLD HARBOUR","Walker Bay",-34.421092,19.250323,"LINEFISHING","06","07","2014"
"NOTORHYNCHUS CEPEDIANUS","Sevengill Cowshark","12 JULY 2014","A4976",NA,105,"F","STRAND","False Bay",-34.116257,18.820466,"LINEFISHING","12","07","2014"
"NOTORHYNCHUS CEPEDIANUS","Sevengill Cowshark","12 JULY 2014","A4951",NA,122,"F","STRAND","False Bay",-34.116257,18.820466,"LINEFISHING","12","07","2014"
"NOTORHYNCHUS CEPEDIANUS","Sevengill Cowshark","12 JULY 2014","A4968",NA,129,"F","STRAND","False Bay",-34.116257,18.820466,"LINEFISHING","12","07","2014"
"NOTORHYNCHUS CEPEDIANUS","Sevengill Cowshark","12 JULY 2014","A4967",NA,110,"F","STRAND","False Bay",-34.116257,18.820466,"LINEFISHING","12","07","2014"
"GALEORHINUS GALEUS","Soupfin Shark","12 JULY 2014","A4969",153.2,124,"F","STRAND","False Bay",-34.116257,18.820466,"LINEFISHING","12","07","2014"
"NOTORHYNCHUS CEPEDIANUS","Sevengill Cowshark","12 JULY 2014","A4953",NA,113,"F","STRAND","False Bay",-34.116257,18.820466,"LINEFISHING","12","07","2014"
"NOTORHYNCHUS CEPEDIANUS","Sevengill Cowshark","12 JULY 2014","A4958",NA,101,"F","STRAND","False Bay",-34.116257,18.820466,"LINEFISHING","12","07","2014"
"NOTORHYNCHUS CEPEDIANUS","Sevengill Cowshark","12 JULY 2014","A5000",NA,133,"F","STRAND","False Bay",-34.116257,18.820466,"LINEFISHING","12","07","2014"
"NOTORHYNCHUS CEPEDIANUS","Sevengill Cowshark","12 JULY 2014","A4975",NA,127.8,"F","STRAND","False Bay",-34.116257,18.820466,"LINEFISHING","12","07","2014"
"NOTORHYNCHUS CEPEDIANUS","Sevengill Cowshark","12 JULY 2014","A4999",NA,107,"F","STRAND","False Bay",-34.116257,18.820466,"LINEFISHING","12","07","2014"
"PORODERMA AFRICANUM","Pyjama Catshark","12 JULY 2014","A4996",93.5,76,"M","STRAND","False Bay",-34.116257,18.820466,"LINEFISHING","12","07","2014"
"NOTORHYNCHUS CEPEDIANUS","Sevengill Cowshark","12JULY 2014","A4983",NA,125,"M","STRAND","False Bay",-34.116257,18.820466,"LINEFISHING","12","07","2014"
"NOTORHYNCHUS CEPEDIANUS","Sevengill Cowshark","12 JULY 2014","A4966",NA,138,"F","STRAND","False Bay",-34.116257,18.820466,"LINEFISHING","12","07","2014"
"UNKNOWN","Unidentified stomach contents","12 JULY 2014","NA",NA,NA,NA,"STRAND","False Bay",-34.116257,18.820466,"LINEFISHING","12","07","2014"
"NOTORHYNCHUS CEPEDIANUS","Sevengill cowshark","12 JULY 2014","NA",NA,130,"F","STRAND","False Bay",-34.116257,18.820466,"LINEFISHING","12","07","2014"
"HAPLOBLEPHARUS PICTUS","Dark Shyshark","20 JUN 2014","D136041",40,25,"M","NEW HARBOUR","Walker Bay",-34.434375,19.231372,"LINEFISHING","20","06","2014"
"HAPLOBLEPHARUS PICTUS","Dark Shyshark","20 JUN 2014","A4828",62,40,"M","NEW HARBOUR","Walker Bay",-34.434375,19.231372,"LINEFISHING","20","06","2014"
"HAPLOBLEPHARUS PICTUS","Dark Shyshark","20 JUN 2014","A4865",59,39,"F","NEW HARBOUR","Walker Bay",-34.434375,19.231372,"LINEFISHING","20","06","2014"
"PORODERMA PANTHERINUM","Leopard catshark","20 JUN 2014","A4810",64,37,"F","NEW HARBOUR","Walker Bay",-34.434375,19.231372,"LINEFISHING","20","06","2014"
"PORODERMA PANTHERINUM","Leopard catshark","20 JUN 2014","D136037",42,32,"F","NEW HARBOUR","Walker Bay",-34.434375,19.231372,"LINEFISHING","20","06","2014"
"HAPLOBLEPHARUS PICTUS","Dark shyshark","20 JUN 2014","D136042",49,33,"M","NEW HARBOUR","Walker Bay",-34.434375,19.231372,"LINEFISHING","20","06","2014"
"HAPLOBLEPHARUS EDWARDSII","Puffader Shyshark","09 JULY 2014","D162643",49.5,38.5,"M","DIE GANG","Walker Bay",-34.413929,19.256555,"LINEFISHING","09","07","2014"
"HAPLOBLEPHARUS PICTUS","Dark Shyshark","23 JUN 2014","D136033",54,37.5,"F","OLD HARBOUR","Walker Bay",-34.421092,19.250323,"LINEFISHING","23","06","2014"
"PORODERMA AFRICANUM","Pyjama catshark","14 JULY 2014","A36720",80,64,"F","OLD HARBOUR","Walker Bay",-34.421092,19.250323,"LINEFISHING","14","07","2014"
"PORODERMA AFRICANUM","Pyjama catshark","14 JULY 2014","A4860",94.5,75,"M","OLD HARBOUR","Walker Bay",-34.421092,19.250323,"LINEFISHING","14","07","2014"
"PORODERMA AFRICANUM","Pyjama catshark","14 JULY 2014","A5942",89,71,"F","OLD HARBOUR","Walker Bay",-34.421092,19.250323,"LINEFISHING","14","07","2014"
"HAPLOBLEPHARUS PICTUS","Dark Shyshark","23 JULY 2014","A5997",61.5,49.5,"M","OLD HARBOUR","Walker Bay",-34.421092,19.250323,"LINEFISHING","23","07","2014"
"HAPLOBLEPHARUS PICTUS","Dark Shyshark","23 JULY 2014",NA,37.5,29.5,"M","OLD HARBOUR","Walker Bay",-34.421092,19.250323,"LINEFISHING","23","07","2014"
"HAPLOBLEPHARUS PICTUS","Dark Shyshark","31 JULY 2014","D162637",57.5,48.2,"M","OLD HARBOUR","Walker Bay",-34.421092,19.250323,"LINEFISHING","31","07","2014"
"HAPLOBLEPHARUS EDWARDSII","Puffader Shyshark","24 JULY 2014",NA,39.3,26.7,"F","DIE GANG","Walker Bay",-34.413929,19.256555,"LINEFISHING","24","07","2014"
"HAPLOBLEPHARUS PICTUS","Dark Shyshark","24 JULY 2014",NA,53,42,"M","DIE GANG","Walker Bay",-34.413929,19.256555,"LINEFISHING","24","07","2014"
"HAPLOBLEPHARUS PICTUS","Dark Shyshark","24 JULY 2014","A4965",60.5,46.4,"M","DIE GANG","Walker Bay",-34.413929,19.256555,"LINEFISHING","24","07","2014"
"PORODERMA PANTHERINUM","Leopard Catshark","28 JULY 2014",NA,53.5,43,"M","NEW HARBOUR","Walker Bay",-34.434375,19.231372,"LINEFISHING","28","07","2014"
"PORODERMA PANTHERINUM","Leopard Catshark","28 JULY 2014",NA,42.5,34,"M","NEW HARBOUR","Walker Bay",-34.434375,19.231372,"LINEFISHING","28","07","2014"
"HAPLOBLEPHARUS PICTUS","Dark Shyshark","28 JULY 2014","A5760",62.6,52,"M","NEW HARBOUR","Walker Bay",-34.434375,19.231372,"LINEFISHING","28","07","2014"
"HAPLOBLEPHARUS PICTUS","Dark Shysahrk","28 JULY 2014","A146411",63.8,52.5,"M","NEW HARBOUR","Walker Bay",-34.434375,19.231372,"LINEFISHING","28","07","2014"
"PORODERMA AFRICANUM","Pyjama Catshark","28 JULY 2014","A146447",80,64,"M","NEW HARBOUR","Walker Bay",-34.434375,19.231372,"LINEFISHING","28","07","2014"
"HAPLOBLEPHARUS PICTUS","Dark Shyshark","28 JULY 2014","A1657",60,47.5,"M","NEW HARBOUR","Walker Bay",-34.434375,19.231372,"LINEFISHING","28","07","2014"
"HAPLOBLEPHARUS PICTUS","Dark Shyshark","28 JULY 2014",NA,57.4,46,"F","NEW HARBOUR","Walker Bay",-34.434375,19.231372,"LINEFISHING","28","07","2014"
"PORODERMA PANTHERINUM","Leopard Catshark","28 JULY 20414","A146408",63.5,41.5,"F","NEW HARBOUR","Walker Bay",-34.434375,19.231372,"LINEFISHING","28","07","2041"
"HAPLOBLEPHARUS PICTUS","Dark Shyshark","28 JULY 2014","A3212",61.9,49.5,"F","NEW HARBOUR","Walker Bay",-34.434375,19.231372,"LINEFISHING","28","07","2014"
