"OCCURRENCEID","EVENTDATE","LOCALITY","LATITUDE","LONGITUDE","SAMPLINGPROTOCOL...6","SAMPLINGEFFORT...7","SAMPLESIZEVALUE","SAMPLESIZEUNIT","DATATYPE","SAMPLINGEFFORT...11","INATID","WORMSID","KINGDOM","PHYLUM","CLASS","ORDER","FAMILY","GENUS","SPECIFICEPITHET","INFRASPECIFICEPITHET","VERNACULARNAME","TAXONREMARKS","ORGANISMQUANTITY","ORGANISMQUANTITYTYPE","SEX","LIFESTAGE","RECORDEDBY","OCCURRENCEREMARKS","WATERTEMPERATURE","WATERTEMPERATUREUNIT","WATERTEMPERATUREREMARKS","WATERVISIBILITY","WATERVISIBILITYUNIT","DIVETYPE","CLOUD","CLOUDUNIT","DEPTH","DEPTHUNIT","SWELL","SWELLUNIT","FIELDOFVIEW","FIELDOFVIEWUNIT","SURFACELUX","SURFACELUXUNIT","WINDDIRECTION","WINDSPEED","WINDSPEEDUNIT","PROFILE","PROFILEUNIT","BAITTYPE","TIMEOFFIRSTSIGHTING","TIMEOFMAXN","DAY","MONTH","YEAR","SPECIES_SCIENTIFIC","OWNER"
1,2018-01-01 00:00:00,"A-Frame","-34.20807","18.46103",NA,NA,NA,NA,"UVC",60,102101,217646,"Animalia","Chordata","Elasmobranchii","Carcharhiniformes","Scyliorhinidae","HAPLOBLEPHARUS","EDWARDSII",NA,"PUFFADDER SHYSHARK",NA,"S","SFMA count",NA,NA,"Mike Barron",NA,"15.0","C",NA,6,"m","freedive",NA,NA,NA,NA,NA,NA,NA,NA,NA,NA,NA,NA,NA,NA,NA,NA,NA,NA,"01","01","2018","HAPLOBLEPHARUS EDWARDSII","CAPERADD"
11,2018-01-02 00:00:00,"Windmill Beach","-34.20100","18.45667",NA,NA,NA,NA,"UVC",60,102101,217646,"Animalia","Chordata","Elasmobranchii","Carcharhiniformes","Scyliorhinidae","HAPLOBLEPHARUS","EDWARDSII",NA,"PUFFADDER SHYSHARK",NA,"S","SFMA count",NA,NA,"Ulf Asmussen",NA,NA,NA,NA,4,"m","snorkel",NA,NA,NA,NA,NA,NA,NA,NA,NA,NA,NA,NA,NA,NA,NA,NA,NA,NA,"02","01","2018","HAPLOBLEPHARUS EDWARDSII","CAPERADD"
13,2018-01-06 00:00:00,"A-Frame","-34.20807","18.46103",NA,NA,NA,NA,"UVC",60,110143,217649,"Animalia","Chordata","Elasmobranchii","Carcharhiniformes","Scyliorhinidae","PORODERMA","AFRICANUM",NA,"PYJAMA SHARK",NA,"S","SFMA count",NA,NA,"Dylan Irion",NA,NA,NA,NA,6,"m","freedive",NA,NA,NA,NA,NA,NA,NA,NA,NA,NA,NA,NA,NA,NA,NA,NA,NA,NA,"06","01","2018","PORODERMA AFRICANUM","CAPERADD"
14,2018-01-06 00:00:00,"A-Frame","-34.20807","18.46103",NA,NA,NA,NA,"UVC",60,114354,220023,"Animalia","Chordata","Elasmobranchii","Carcharhiniformes","Triakidae","TRIAKIS","MEGALOPTERUS",NA,"SPOTTED GULLY SHARK",NA,"S","SFMA count",NA,NA,"Dylan Irion",NA,NA,NA,NA,6,"m","freedive",NA,NA,NA,NA,NA,NA,NA,NA,NA,NA,NA,NA,NA,NA,NA,NA,NA,NA,"06","01","2018","TRIAKIS MEGALOPTERUS","CAPERADD"
15,2018-01-06 00:00:00,"A-Frame","-34.20807","18.46103",NA,NA,NA,NA,"UVC",60,102104,217645,"Animalia","Chordata","Elasmobranchii","Carcharhiniformes","Scyliorhinidae","HAPLOBLEPHARUS","PICTUS",NA,"DARK SHYSHARK",NA,"S","SFMA count",NA,NA,"Dylan Irion",NA,NA,NA,NA,6,"m","freedive",NA,NA,NA,NA,NA,NA,NA,NA,NA,NA,NA,NA,NA,NA,NA,NA,NA,NA,"06","01","2018","HAPLOBLEPHARUS PICTUS","CAPERADD"
16,2018-01-11 00:00:00,"Shark Alley","-34.23683","18.47667",NA,NA,NA,NA,"UVC",60,107194,217628,"Animalia","Chordata","Elasmobranchii","Hexanchiformes","Hexanchidae","NOTORYNCHUS","CEPEDIANUS",NA,"BROADNOSE SEVENGILL COWSHARK",NA,"S","SFMA count",NA,NA,"Dylan Irion",NA,"15.0","C",NA,3,"m","freedive",NA,NA,NA,NA,NA,NA,NA,NA,NA,NA,NA,NA,NA,NA,NA,NA,NA,NA,"11","01","2018","NOTORYNCHUS CEPEDIANUS","CAPERADD"
17,2018-01-11 00:00:00,"Shark Alley","-34.23683","18.47667",NA,NA,NA,NA,"UVC",60,623821,212249,"Animalia","Chordata","Elasmobranchii","Myliobatiformes","Dasyatidae","DASYATIS","BREVICAUDATA",NA,"SHORT-TAIL STINGRAY",NA,"S","SFMA count",NA,NA,"Dylan Irion",NA,"15.0","C",NA,3,"m","freedive",NA,NA,NA,NA,NA,NA,NA,NA,NA,NA,NA,NA,NA,NA,NA,NA,NA,NA,"11","01","2018","DASYATIS BREVICAUDATA","CAPERADD"
23,2018-01-11 00:00:00,"Shark Alley","-34.23683","18.47667",NA,NA,NA,NA,"UVC",60,623821,212249,"Animalia","Chordata","Elasmobranchii","Myliobatiformes","Dasyatidae","DASYATIS","BREVICAUDATA",NA,"SHORT-TAIL STINGRAY",NA,"S","SFMA count",NA,NA,"Morgan Dias Simao",NA,"15.0","C",NA,3,"m","freedive",NA,NA,NA,NA,NA,NA,NA,NA,NA,NA,NA,NA,NA,NA,NA,NA,NA,NA,"11","01","2018","DASYATIS BREVICAUDATA","CAPERADD"
24,2018-01-12 00:00:00,"Windmill Beach","-34.20100","18.45667",NA,NA,NA,NA,"UVC",50,110143,217649,"Animalia","Chordata","Elasmobranchii","Carcharhiniformes","Scyliorhinidae","PORODERMA","AFRICANUM",NA,"PYJAMA SHARK",NA,"S","SFMA count",NA,NA,"Kayla Ireland",NA,NA,NA,NA,6,"m","snorkel",NA,NA,NA,NA,NA,NA,NA,NA,NA,NA,NA,NA,NA,NA,NA,NA,NA,NA,"12","01","2018","PORODERMA AFRICANUM","CAPERADD"
25,2018-01-12 00:00:00,"Windmill Beach","-34.20100","18.45667",NA,NA,NA,NA,"UVC",50,114354,220023,"Animalia","Chordata","Elasmobranchii","Carcharhiniformes","Triakidae","TRIAKIS","MEGALOPTERUS",NA,"SPOTTED GULLY SHARK",NA,"S","SFMA count",NA,NA,"Kayla Ireland",NA,NA,NA,NA,6,"m","snorkel",NA,NA,NA,NA,NA,NA,NA,NA,NA,NA,NA,NA,NA,NA,NA,NA,NA,NA,"12","01","2018","TRIAKIS MEGALOPTERUS","CAPERADD"
26,2018-01-12 00:00:00,"Windmill Beach","-34.20100","18.45667",NA,NA,NA,NA,"UVC",50,102104,217645,"Animalia","Chordata","Elasmobranchii","Carcharhiniformes","Scyliorhinidae","HAPLOBLEPHARUS","PICTUS",NA,"DARK SHYSHARK",NA,"S","SFMA count",NA,NA,"Kayla Ireland",NA,NA,NA,NA,6,"m","snorkel",NA,NA,NA,NA,NA,NA,NA,NA,NA,NA,NA,NA,NA,NA,NA,NA,NA,NA,"12","01","2018","HAPLOBLEPHARUS PICTUS","CAPERADD"
43,2018-01-14 00:00:00,"Shark Alley","-34.23683","18.47667",NA,NA,NA,NA,"UVC",90,107194,217628,"Animalia","Chordata","Elasmobranchii","Hexanchiformes","Hexanchidae","NOTORYNCHUS","CEPEDIANUS",NA,"BROADNOSE SEVENGILL COWSHARK",NA,"F","SFMA count",NA,NA,"Dylan Irion",NA,NA,NA,NA,8,"m","freedive",NA,NA,NA,NA,NA,NA,NA,NA,NA,NA,NA,NA,NA,NA,NA,NA,NA,NA,"14","01","2018","NOTORYNCHUS CEPEDIANUS","CAPERADD"
56,2018-01-29 00:00:00,"Windmill Beach","-34.20100","18.45667",NA,NA,NA,NA,"UVC",60,110143,217649,"Animalia","Chordata","Elasmobranchii","Carcharhiniformes","Scyliorhinidae","PORODERMA","AFRICANUM",NA,"PYJAMA SHARK",NA,"S","SFMA count",NA,NA,"Jessica Jade Finlay",NA,"20.0","C",NA,4,"m","snorkel",NA,NA,NA,NA,NA,NA,NA,NA,NA,NA,NA,NA,NA,NA,NA,NA,NA,NA,"29","01","2018","PORODERMA AFRICANUM","CAPERADD"
57,2018-01-29 00:00:00,"Windmill Beach","-34.20100","18.45667",NA,NA,NA,NA,"UVC",60,110143,217649,"Animalia","Chordata","Elasmobranchii","Carcharhiniformes","Scyliorhinidae","PORODERMA","AFRICANUM",NA,"PYJAMA SHARK",NA,"F","SFMA count",NA,NA,"Alex Barron",NA,"20.0","C",NA,4,"m","snorkel",NA,NA,NA,NA,NA,NA,NA,NA,NA,NA,NA,NA,NA,NA,NA,NA,NA,NA,"29","01","2018","PORODERMA AFRICANUM","CAPERADD"
61,2018-01-29 00:00:00,"Windmill Beach","-34.20100","18.45667",NA,NA,NA,NA,"UVC",60,110143,217649,"Animalia","Chordata","Elasmobranchii","Carcharhiniformes","Scyliorhinidae","PORODERMA","AFRICANUM",NA,"PYJAMA SHARK",NA,"S","SFMA count",NA,NA,"Sarah Ward",NA,"20.0","C",NA,4,"m","snorkel",NA,NA,NA,NA,NA,NA,NA,NA,NA,NA,NA,NA,NA,NA,NA,NA,NA,NA,"29","01","2018","PORODERMA AFRICANUM","CAPERADD"
98,2018-02-06 00:00:00,"A-Frame","-34.20807","18.46103",NA,NA,NA,NA,"UVC",50,102101,217646,"Animalia","Chordata","Elasmobranchii","Carcharhiniformes","Scyliorhinidae","HAPLOBLEPHARUS","EDWARDSII",NA,"PUFFADDER SHYSHARK",NA,"S","SFMA count",NA,NA,"Marjan Androussenko",NA,"17.0","C",NA,5,"m","scuba",NA,NA,NA,NA,NA,NA,NA,NA,NA,NA,NA,NA,NA,NA,NA,NA,NA,NA,"06","02","2018","HAPLOBLEPHARUS EDWARDSII","CAPERADD"
110,2018-02-17 00:00:00,"Long Beach","-34.18732","18.42858",NA,NA,NA,NA,"UVC",45,102101,217646,"Animalia","Chordata","Elasmobranchii","Carcharhiniformes","Scyliorhinidae","HAPLOBLEPHARUS","EDWARDSII",NA,"PUFFADDER SHYSHARK",NA,"F","SFMA count",NA,NA,"Daniel Smit",NA,"18.0","C",NA,4,"m","snorkel",NA,NA,NA,NA,NA,NA,NA,NA,NA,NA,NA,NA,NA,NA,NA,NA,NA,NA,"17","02","2018","HAPLOBLEPHARUS EDWARDSII","CAPERADD"
126,2018-02-17 00:00:00,"Long Beach","-34.18732","18.42858",NA,NA,NA,NA,"UVC",45,102102,217644,"Animalia","Chordata","Elasmobranchii","Carcharhiniformes","Scyliorhinidae","HAPLOBLEPHARUS","FUSCUS",NA,"BROWN SHYSHARK",NA,"S","SFMA count",NA,NA,"Shivani Thakrar",NA,"18.0","C",NA,4,"m","snorkel",NA,NA,NA,NA,NA,NA,NA,NA,NA,NA,NA,NA,NA,NA,NA,NA,NA,NA,"17","02","2018","HAPLOBLEPHARUS FUSCUS","CAPERADD"
134,2018-02-23 00:00:00,"A-Frame","-34.20807","18.46103",NA,NA,NA,NA,"UVC",90,110143,217649,"Animalia","Chordata","Elasmobranchii","Carcharhiniformes","Scyliorhinidae","PORODERMA","AFRICANUM",NA,"PYJAMA SHARK",NA,"S","SFMA count",NA,NA,"Lee Jevons",NA,"16.0","C",NA,6,"m","snorkel",NA,NA,NA,NA,NA,NA,NA,NA,NA,NA,NA,NA,NA,NA,NA,NA,NA,NA,"23","02","2018","PORODERMA AFRICANUM","CAPERADD"
135,2018-02-23 00:00:00,"A-Frame","-34.20807","18.46103",NA,NA,NA,NA,"UVC",90,102104,217645,"Animalia","Chordata","Elasmobranchii","Carcharhiniformes","Scyliorhinidae","HAPLOBLEPHARUS","PICTUS",NA,"DARK SHYSHARK",NA,"F","SFMA count",NA,NA,"Lee Jevons",NA,"16.0","C",NA,6,"m","snorkel",NA,NA,NA,NA,NA,NA,NA,NA,NA,NA,NA,NA,NA,NA,NA,NA,NA,NA,"23","02","2018","HAPLOBLEPHARUS PICTUS","CAPERADD"
154,2018-03-24 00:00:00,"Windmill Beach","-34.20100","18.45667",NA,NA,NA,NA,"UVC",80,102104,217645,"Animalia","Chordata","Elasmobranchii","Carcharhiniformes","Scyliorhinidae","HAPLOBLEPHARUS","PICTUS",NA,"DARK SHYSHARK",NA,"S","SFMA count",NA,NA,"Thomas Child",NA,"17.0","C",NA,10,"m","snorkel",NA,NA,NA,NA,NA,NA,NA,NA,NA,NA,NA,NA,NA,NA,NA,NA,NA,NA,"24","03","2018","HAPLOBLEPHARUS PICTUS","CAPERADD"
159,2018-04-13 00:00:00,"Shark Alley","-34.23683","18.47667",NA,NA,NA,NA,"UVC",40,102101,217646,"Animalia","Chordata","Elasmobranchii","Carcharhiniformes","Scyliorhinidae","HAPLOBLEPHARUS","EDWARDSII",NA,"PUFFADDER SHYSHARK",NA,"M","SFMA count",NA,NA,"Leah Korbas",NA,"10.0","C","is this right?",6,"m","scuba",NA,NA,NA,NA,NA,NA,NA,NA,NA,NA,NA,NA,NA,NA,NA,NA,NA,NA,"13","04","2018","HAPLOBLEPHARUS EDWARDSII","CAPERADD"
160,2018-04-13 00:00:00,"Shark Alley","-34.23683","18.47667",NA,NA,NA,NA,"UVC",40,110143,217649,"Animalia","Chordata","Elasmobranchii","Carcharhiniformes","Scyliorhinidae","PORODERMA","AFRICANUM",NA,"PYJAMA SHARK",NA,"S","SFMA count",NA,NA,"Leah Korbas",NA,"10.0","C","is this right?",6,"m","scuba",NA,NA,NA,NA,NA,NA,NA,NA,NA,NA,NA,NA,NA,NA,NA,NA,NA,NA,"13","04","2018","PORODERMA AFRICANUM","CAPERADD"
162,2018-04-13 00:00:00,"Shark Alley","-34.23683","18.47667",NA,NA,NA,NA,"UVC",40,102101,217646,"Animalia","Chordata","Elasmobranchii","Carcharhiniformes","Scyliorhinidae","HAPLOBLEPHARUS","EDWARDSII",NA,"PUFFADDER SHYSHARK",NA,"M","SFMA count",NA,NA,"Robin Huizinga",NA,"10.0","C","is this right?",6,"m","scuba",NA,NA,NA,NA,NA,NA,NA,NA,NA,NA,NA,NA,NA,NA,NA,NA,NA,NA,"13","04","2018","HAPLOBLEPHARUS EDWARDSII","CAPERADD"
163,2018-04-13 00:00:00,"Shark Alley","-34.23683","18.47667",NA,NA,NA,NA,"UVC",40,110143,217649,"Animalia","Chordata","Elasmobranchii","Carcharhiniformes","Scyliorhinidae","PORODERMA","AFRICANUM",NA,"PYJAMA SHARK",NA,"S","SFMA count",NA,NA,"Robin Huizinga",NA,"10.0","C","is this right?",6,"m","scuba",NA,NA,NA,NA,NA,NA,NA,NA,NA,NA,NA,NA,NA,NA,NA,NA,NA,NA,"13","04","2018","PORODERMA AFRICANUM","CAPERADD"
165,2018-04-13 00:00:00,"Shark Alley","-34.23683","18.47667",NA,NA,NA,NA,"UVC",40,102101,217646,"Animalia","Chordata","Elasmobranchii","Carcharhiniformes","Scyliorhinidae","HAPLOBLEPHARUS","EDWARDSII",NA,"PUFFADDER SHYSHARK",NA,"M","SFMA count",NA,NA,"Emma Harvey",NA,"10.0","C","is this right?",6,"m","scuba",NA,NA,NA,NA,NA,NA,NA,NA,NA,NA,NA,NA,NA,NA,NA,NA,NA,NA,"13","04","2018","HAPLOBLEPHARUS EDWARDSII","CAPERADD"
166,2018-04-13 00:00:00,"Shark Alley","-34.23683","18.47667",NA,NA,NA,NA,"UVC",40,110143,217649,"Animalia","Chordata","Elasmobranchii","Carcharhiniformes","Scyliorhinidae","PORODERMA","AFRICANUM",NA,"PYJAMA SHARK",NA,"S","SFMA count",NA,NA,"Emma Harvey",NA,"10.0","C","is this right?",6,"m","scuba",NA,NA,NA,NA,NA,NA,NA,NA,NA,NA,NA,NA,NA,NA,NA,NA,NA,NA,"13","04","2018","PORODERMA AFRICANUM","CAPERADD"
168,2018-04-22 00:00:00,"Windmill Beach","-34.20100","18.45667",NA,NA,NA,NA,"UVC",50,110143,217649,"Animalia","Chordata","Elasmobranchii","Carcharhiniformes","Scyliorhinidae","PORODERMA","AFRICANUM",NA,"PYJAMA SHARK",NA,"S","SFMA count",NA,NA,"Agnieszka Pokrywka",NA,"12.0","C",NA,4,"m","snorkel",NA,NA,NA,NA,NA,NA,NA,NA,NA,NA,NA,NA,NA,NA,NA,NA,NA,NA,"22","04","2018","PORODERMA AFRICANUM","CAPERADD"
183,2018-04-22 00:00:00,"Windmill Beach","-34.20100","18.45667",NA,NA,NA,NA,"UVC",60,110143,217649,"Animalia","Chordata","Elasmobranchii","Carcharhiniformes","Scyliorhinidae","PORODERMA","AFRICANUM",NA,"PYJAMA SHARK",NA,"F","SFMA count",NA,NA,"Julian Petrasch",NA,"12.0","C",NA,4,"m","snorkel",NA,NA,NA,NA,NA,NA,NA,NA,NA,NA,NA,NA,NA,NA,NA,NA,NA,NA,"22","04","2018","PORODERMA AFRICANUM","CAPERADD"
901,2018-12-01 12:00:00,"Shark Alley","-34.23683","18.47667",NA,NA,NA,NA,"UVC",75,102101,217646,"Animalia","Chordata","Elasmobranchii","Carcharhiniformes","Scyliorhinidae","HAPLOBLEPHARUS","EDWARDSII",NA,"PUFFADDER SHYSHARK",NA,"S","SFMA count",NA,NA,"Jason Buck",NA,"16","C",NA,8,"m","freedive",NA,NA,NA,NA,NA,NA,NA,NA,NA,NA,NA,NA,NA,NA,NA,NA,NA,NA,"01","12","2018","HAPLOBLEPHARUS EDWARDSII","CAPERADD"
902,2018-12-01 12:00:00,"Shark Alley","-34.23683","18.47667",NA,NA,NA,NA,"UVC",75,110143,217649,"Animalia","Chordata","Elasmobranchii","Carcharhiniformes","Scyliorhinidae","PORODERMA","AFRICANUM",NA,"PYJAMA SHARK",NA,"F","SFMA count",NA,NA,"Jason Buck",NA,"16","C",NA,8,"m","freedive",NA,NA,NA,NA,NA,NA,NA,NA,NA,NA,NA,NA,NA,NA,NA,NA,NA,NA,"01","12","2018","PORODERMA AFRICANUM","CAPERADD"
962,2018-12-24 11:00:00,"Long Beach","-34.18732","18.42858",NA,NA,NA,NA,"UVC",55,102101,217646,"Animalia","Chordata","Elasmobranchii","Carcharhiniformes","Scyliorhinidae","HAPLOBLEPHARUS","EDWARDSII",NA,"PUFFADDER SHYSHARK",NA,"S","SFMA count",NA,NA,"Kara Levy",NA,"20","C",NA,6,"m","snorkel",NA,NA,NA,NA,NA,NA,NA,NA,NA,NA,NA,NA,NA,NA,NA,NA,NA,NA,"24","12","2018","HAPLOBLEPHARUS EDWARDSII","CAPERADD"
968,2018-12-24 11:00:00,"Long Beach","-34.18732","18.42858",NA,NA,NA,NA,"UVC",55,102101,217646,"Animalia","Chordata","Elasmobranchii","Carcharhiniformes","Scyliorhinidae","HAPLOBLEPHARUS","EDWARDSII",NA,"PUFFADDER SHYSHARK",NA,"S","SFMA count",NA,NA,"Anaelle Hirsch",NA,"20","C",NA,6,"m","snorkel",NA,NA,NA,NA,NA,NA,NA,NA,NA,NA,NA,NA,NA,NA,NA,NA,NA,NA,"24","12","2018","HAPLOBLEPHARUS EDWARDSII","CAPERADD"
978,2019-01-12 12:00:00,"Windmill Beach","-34.20100","18.45667",NA,NA,NA,NA,"UVC",60,102101,217646,"Animalia","Chordata","Elasmobranchii","Carcharhiniformes","Scyliorhinidae","HAPLOBLEPHARUS","EDWARDSII",NA,"PUFFADDER SHYSHARK",NA,"F","SFMA count",NA,NA,"Sharief Hendricks",NA,NA,NA,NA,4,"m","freedive",NA,NA,NA,NA,NA,NA,NA,NA,NA,NA,NA,NA,NA,NA,NA,NA,NA,NA,"12","01","2019","HAPLOBLEPHARUS EDWARDSII","CAPERADD"
994,2019-01-20 11:25:00,"A-Frame","-34.20807","18.46103",NA,NA,NA,NA,"UVC",55,102101,217646,"Animalia","Chordata","Elasmobranchii","Carcharhiniformes","Scyliorhinidae","HAPLOBLEPHARUS","EDWARDSII",NA,"PUFFADDER SHYSHARK",NA,"F","SFMA count",NA,"Egg","Francois van Schalkwyk",NA,"16","C",NA,7,"m","scuba",NA,NA,NA,NA,NA,NA,NA,NA,NA,NA,NA,NA,NA,NA,NA,NA,NA,NA,"20","01","2019","HAPLOBLEPHARUS EDWARDSII","CAPERADD"
1311,2019-02-08 12:00:00,"Windmill Beach","-34.20100","18.45667",NA,NA,NA,NA,"UVC",50,110143,217649,"Animalia","Chordata","Elasmobranchii","Carcharhiniformes","Scyliorhinidae","PORODERMA","AFRICANUM",NA,"PYJAMA SHARK",NA,"F","SFMA count",NA,NA,"Dean van Rensburg",NA,"16","C",NA,6,"m","freedive",NA,NA,NA,NA,NA,NA,NA,NA,NA,NA,NA,NA,NA,NA,NA,NA,NA,NA,"08","02","2019","PORODERMA AFRICANUM","CAPERADD"
1320,2019-03-03 11:40:00,"Long Beach","-34.18732","18.42858",NA,NA,NA,NA,"UVC",70,102104,217645,"Animalia","Chordata","Elasmobranchii","Carcharhiniformes","Scyliorhinidae","HAPLOBLEPHARUS","PICTUS",NA,"DARK SHYSHARK",NA,"F","SFMA count",NA,NA,"Raadiyah Abrahams",NA,"18","C",NA,7,"m","snorkel",NA,NA,NA,NA,NA,NA,NA,NA,NA,NA,NA,NA,NA,NA,NA,NA,NA,NA,"03","03","2019","HAPLOBLEPHARUS PICTUS","CAPERADD"
1321,2019-03-03 11:40:00,"Long Beach","-34.18732","18.42858",NA,NA,NA,NA,"UVC",70,110143,217649,"Animalia","Chordata","Elasmobranchii","Carcharhiniformes","Scyliorhinidae","PORODERMA","AFRICANUM",NA,"PYJAMA SHARK",NA,"S","SFMA count",NA,NA,"Raadiyah Abrahams",NA,"18","C",NA,7,"m","snorkel",NA,NA,NA,NA,NA,NA,NA,NA,NA,NA,NA,NA,NA,NA,NA,NA,NA,NA,"03","03","2019","PORODERMA AFRICANUM","CAPERADD"
1331,2019-03-03 11:40:00,"Long Beach","-34.18732","18.42858",NA,NA,NA,NA,"UVC",70,102104,217645,"Animalia","Chordata","Elasmobranchii","Carcharhiniformes","Scyliorhinidae","HAPLOBLEPHARUS","PICTUS",NA,"DARK SHYSHARK",NA,"F","SFMA count",NA,NA,"Will Pitts",NA,"18","C",NA,7,"m","freedive",NA,NA,NA,NA,NA,NA,NA,NA,NA,NA,NA,NA,NA,NA,NA,NA,NA,NA,"03","03","2019","HAPLOBLEPHARUS PICTUS","CAPERADD"
1332,2019-03-03 11:40:00,"Long Beach","-34.18732","18.42858",NA,NA,NA,NA,"UVC",70,102101,217646,"Animalia","Chordata","Elasmobranchii","Carcharhiniformes","Scyliorhinidae","HAPLOBLEPHARUS","EDWARDSII",NA,"PUFFADDER SHYSHARK",NA,"F","SFMA count",NA,NA,"Will Pitts",NA,"18","C",NA,7,"m","freedive",NA,NA,NA,NA,NA,NA,NA,NA,NA,NA,NA,NA,NA,NA,NA,NA,NA,NA,"03","03","2019","HAPLOBLEPHARUS EDWARDSII","CAPERADD"
1333,2019-03-03 11:40:00,"Long Beach","-34.18732","18.42858",NA,NA,NA,NA,"UVC",70,110143,217649,"Animalia","Chordata","Elasmobranchii","Carcharhiniformes","Scyliorhinidae","PORODERMA","AFRICANUM",NA,"PYJAMA SHARK",NA,"S","SFMA count",NA,NA,"Will Pitts",NA,"18","C",NA,7,"m","freedive",NA,NA,NA,NA,NA,NA,NA,NA,NA,NA,NA,NA,NA,NA,NA,NA,NA,NA,"03","03","2019","PORODERMA AFRICANUM","CAPERADD"
1344,2019-03-03 11:40:00,"Long Beach","-34.18732","18.42858",NA,NA,NA,NA,"UVC",70,102104,217645,"Animalia","Chordata","Elasmobranchii","Carcharhiniformes","Scyliorhinidae","HAPLOBLEPHARUS","PICTUS",NA,"DARK SHYSHARK",NA,"F","SFMA count",NA,NA,"Ashara Hendricks",NA,"18","C",NA,7,"m","freedive",NA,NA,NA,NA,NA,NA,NA,NA,NA,NA,NA,NA,NA,NA,NA,NA,NA,NA,"03","03","2019","HAPLOBLEPHARUS PICTUS","CAPERADD"
1345,2019-03-03 11:40:00,"Long Beach","-34.18732","18.42858",NA,NA,NA,NA,"UVC",70,102101,217646,"Animalia","Chordata","Elasmobranchii","Carcharhiniformes","Scyliorhinidae","HAPLOBLEPHARUS","EDWARDSII",NA,"PUFFADDER SHYSHARK",NA,"S","SFMA count",NA,NA,"Ashara Hendricks",NA,"18","C",NA,7,"m","freedive",NA,NA,NA,NA,NA,NA,NA,NA,NA,NA,NA,NA,NA,NA,NA,NA,NA,NA,"03","03","2019","HAPLOBLEPHARUS EDWARDSII","CAPERADD"
1376,2019-03-13 11:20:00,"Long Beach","-34.18732","18.42858",NA,NA,NA,NA,"UVC",50,102104,217645,"Animalia","Chordata","Elasmobranchii","Carcharhiniformes","Scyliorhinidae","HAPLOBLEPHARUS","PICTUS",NA,"DARK SHYSHARK",NA,"S","SFMA count",NA,NA,"Katarina Kuhar",NA,"16","C",NA,5,"m","snorkel",NA,NA,NA,NA,NA,NA,NA,NA,NA,NA,NA,NA,NA,NA,NA,NA,NA,NA,"13","03","2019","HAPLOBLEPHARUS PICTUS","CAPERADD"
1377,2019-03-13 11:20:00,"Long Beach","-34.18732","18.42858",NA,NA,NA,NA,"UVC",50,102101,217646,"Animalia","Chordata","Elasmobranchii","Carcharhiniformes","Scyliorhinidae","HAPLOBLEPHARUS","EDWARDSII",NA,"PUFFADDER SHYSHARK",NA,"S","SFMA count",NA,NA,"Katarina Kuhar",NA,"16","C",NA,5,"m","snorkel",NA,NA,NA,NA,NA,NA,NA,NA,NA,NA,NA,NA,NA,NA,NA,NA,NA,NA,"13","03","2019","HAPLOBLEPHARUS EDWARDSII","CAPERADD"
1378,2019-03-13 11:20:00,"Long Beach","-34.18732","18.42858",NA,NA,NA,NA,"UVC",50,110143,217649,"Animalia","Chordata","Elasmobranchii","Carcharhiniformes","Scyliorhinidae","PORODERMA","AFRICANUM",NA,"PYJAMA SHARK",NA,"F","SFMA count",NA,NA,"Katarina Kuhar",NA,"16","C",NA,5,"m","snorkel",NA,NA,NA,NA,NA,NA,NA,NA,NA,NA,NA,NA,NA,NA,NA,NA,NA,NA,"13","03","2019","PORODERMA AFRICANUM","CAPERADD"
1384,2019-03-13 11:20:00,"Long Beach","-34.18732","18.42858",NA,NA,NA,NA,"UVC",50,102101,217646,"Animalia","Chordata","Elasmobranchii","Carcharhiniformes","Scyliorhinidae","HAPLOBLEPHARUS","EDWARDSII",NA,"PUFFADDER SHYSHARK",NA,"F","SFMA count",NA,NA,"Sofie De Win",NA,"16","C",NA,5,"m","snorkel",NA,NA,NA,NA,NA,NA,NA,NA,NA,NA,NA,NA,NA,NA,NA,NA,NA,NA,"13","03","2019","HAPLOBLEPHARUS EDWARDSII","CAPERADD"
1385,2019-03-13 11:20:00,"Long Beach","-34.18732","18.42858",NA,NA,NA,NA,"UVC",50,110143,217649,"Animalia","Chordata","Elasmobranchii","Carcharhiniformes","Scyliorhinidae","PORODERMA","AFRICANUM",NA,"PYJAMA SHARK",NA,"F","SFMA count",NA,NA,"Sofie De Win",NA,"16","C",NA,5,"m","snorkel",NA,NA,NA,NA,NA,NA,NA,NA,NA,NA,NA,NA,NA,NA,NA,NA,NA,NA,"13","03","2019","PORODERMA AFRICANUM","CAPERADD"
1388,2019-03-13 11:20:00,"Long Beach","-34.18732","18.42858",NA,NA,NA,NA,"UVC",50,102104,217645,"Animalia","Chordata","Elasmobranchii","Carcharhiniformes","Scyliorhinidae","HAPLOBLEPHARUS","PICTUS",NA,"DARK SHYSHARK",NA,"S","SFMA count",NA,NA,"Nika Oberƒç",NA,"16","C",NA,5,"m","snorkel",NA,NA,NA,NA,NA,NA,NA,NA,NA,NA,NA,NA,NA,NA,NA,NA,NA,NA,"13","03","2019","HAPLOBLEPHARUS PICTUS","CAPERADD"
1389,2019-03-13 11:20:00,"Long Beach","-34.18732","18.42858",NA,NA,NA,NA,"UVC",50,102101,217646,"Animalia","Chordata","Elasmobranchii","Carcharhiniformes","Scyliorhinidae","HAPLOBLEPHARUS","EDWARDSII",NA,"PUFFADDER SHYSHARK",NA,"S","SFMA count",NA,NA,"Nika Oberƒç",NA,"16","C",NA,5,"m","snorkel",NA,NA,NA,NA,NA,NA,NA,NA,NA,NA,NA,NA,NA,NA,NA,NA,NA,NA,"13","03","2019","HAPLOBLEPHARUS EDWARDSII","CAPERADD"
1390,2019-03-13 11:20:00,"Long Beach","-34.18732","18.42858",NA,NA,NA,NA,"UVC",50,110143,217649,"Animalia","Chordata","Elasmobranchii","Carcharhiniformes","Scyliorhinidae","PORODERMA","AFRICANUM",NA,"PYJAMA SHARK",NA,"F","SFMA count",NA,NA,"Nika Oberƒç",NA,"16","C",NA,5,"m","snorkel",NA,NA,NA,NA,NA,NA,NA,NA,NA,NA,NA,NA,NA,NA,NA,NA,NA,NA,"13","03","2019","PORODERMA AFRICANUM","CAPERADD"
1366,2019-03-24 12:00:00,"Windmill Beach","-34.20100","18.45667",NA,NA,NA,NA,"UVC",62,102104,217645,"Animalia","Chordata","Elasmobranchii","Carcharhiniformes","Scyliorhinidae","HAPLOBLEPHARUS","PICTUS",NA,"DARK SHYSHARK",NA,"S","SFMA count",NA,NA,"Chelsea Van Rensburg",NA,"15","C",NA,5,"m","scuba",NA,NA,NA,NA,NA,NA,NA,NA,NA,NA,NA,NA,NA,NA,NA,NA,NA,NA,"24","03","2019","HAPLOBLEPHARUS PICTUS","CAPERADD"
1367,2019-03-24 12:00:00,"Windmill Beach","-34.20100","18.45667",NA,NA,NA,NA,"UVC",62,110144,217650,"Animalia","Chordata","Elasmobranchii","Carcharhiniformes","Scyliorhinidae","PORODERMA","PANTHERINUM",NA,"LEOPARD CATSHARK",NA,"F","SFMA count",NA,NA,"Chelsea Van Rensburg",NA,"15","C",NA,5,"m","scuba",NA,NA,NA,NA,NA,NA,NA,NA,NA,NA,NA,NA,NA,NA,NA,NA,NA,NA,"24","03","2019","PORODERMA PANTHERINUM","CAPERADD"
1368,2019-03-24 12:00:00,"Windmill Beach","-34.20100","18.45667",NA,NA,NA,NA,"UVC",62,110143,217649,"Animalia","Chordata","Elasmobranchii","Carcharhiniformes","Scyliorhinidae","PORODERMA","AFRICANUM",NA,"PYJAMA SHARK",NA,"F","SFMA count",NA,NA,"Chelsea Van Rensburg",NA,"15","C",NA,5,"m","scuba",NA,NA,NA,NA,NA,NA,NA,NA,NA,NA,NA,NA,NA,NA,NA,NA,NA,NA,"24","03","2019","PORODERMA AFRICANUM","CAPERADD"
1411,2019-03-24 12:00:00,"Windmill Beach","-34.20100","18.45667",NA,NA,NA,NA,"UVC",62,102104,217645,"Animalia","Chordata","Elasmobranchii","Carcharhiniformes","Scyliorhinidae","HAPLOBLEPHARUS","PICTUS",NA,"DARK SHYSHARK",NA,"F","SFMA count",NA,NA,"Dan√©l Wentzel",NA,"15","C",NA,4,"m","scuba",NA,NA,NA,NA,NA,NA,NA,NA,NA,NA,NA,NA,NA,NA,NA,NA,NA,NA,"24","03","2019","HAPLOBLEPHARUS PICTUS","CAPERADD"
1412,2019-03-24 12:00:00,"Windmill Beach","-34.20100","18.45667",NA,NA,NA,NA,"UVC",62,102101,217646,"Animalia","Chordata","Elasmobranchii","Carcharhiniformes","Scyliorhinidae","HAPLOBLEPHARUS","EDWARDSII",NA,"PUFFADDER SHYSHARK",NA,"F","SFMA count",NA,NA,"Dan√©l Wentzel",NA,"15","C",NA,4,"m","scuba",NA,NA,NA,NA,NA,NA,NA,NA,NA,NA,NA,NA,NA,NA,NA,NA,NA,NA,"24","03","2019","HAPLOBLEPHARUS EDWARDSII","CAPERADD"
1413,2019-03-24 12:00:00,"Windmill Beach","-34.20100","18.45667",NA,NA,NA,NA,"UVC",62,110143,217649,"Animalia","Chordata","Elasmobranchii","Carcharhiniformes","Scyliorhinidae","PORODERMA","AFRICANUM",NA,"PYJAMA SHARK",NA,"F","SFMA count",NA,NA,"Dan√©l Wentzel",NA,"15","C",NA,4,"m","scuba",NA,NA,NA,NA,NA,NA,NA,NA,NA,NA,NA,NA,NA,NA,NA,NA,NA,NA,"24","03","2019","PORODERMA AFRICANUM","CAPERADD"
1430,2019-03-24 12:00:00,"Windmill Beach","-34.20100","18.45667",NA,NA,NA,NA,"UVC",44,102104,217645,"Animalia","Chordata","Elasmobranchii","Carcharhiniformes","Scyliorhinidae","HAPLOBLEPHARUS","PICTUS",NA,"DARK SHYSHARK",NA,"S","SFMA count",NA,"egg","Lily Bennett",NA,"15","C",NA,4,"m","scuba",NA,NA,NA,NA,NA,NA,NA,NA,NA,NA,NA,NA,NA,NA,NA,NA,NA,NA,"24","03","2019","HAPLOBLEPHARUS PICTUS","CAPERADD"
1431,2019-03-24 12:00:00,"Windmill Beach","-34.20100","18.45667",NA,NA,NA,NA,"UVC",44,102101,217646,"Animalia","Chordata","Elasmobranchii","Carcharhiniformes","Scyliorhinidae","HAPLOBLEPHARUS","EDWARDSII",NA,"PUFFADDER SHYSHARK",NA,"F","SFMA count",NA,NA,"Lily Bennett",NA,"15","C",NA,4,"m","scuba",NA,NA,NA,NA,NA,NA,NA,NA,NA,NA,NA,NA,NA,NA,NA,NA,NA,NA,"24","03","2019","HAPLOBLEPHARUS EDWARDSII","CAPERADD"
1438,2019-03-24 12:00:00,"Windmill Beach","-34.20100","18.45667",NA,NA,NA,NA,"UVC",50,102101,217646,"Animalia","Chordata","Elasmobranchii","Carcharhiniformes","Scyliorhinidae","HAPLOBLEPHARUS","EDWARDSII",NA,"PUFFADDER SHYSHARK",NA,"S","SFMA count",NA,NA,"Anna Cocks",NA,"15","C",NA,4,"m","scuba",NA,NA,NA,NA,NA,NA,NA,NA,NA,NA,NA,NA,NA,NA,NA,NA,NA,NA,"24","03","2019","HAPLOBLEPHARUS EDWARDSII","CAPERADD"
1448,2019-03-24 12:00:00,"Windmill Beach","-34.20100","18.45667",NA,NA,NA,NA,"UVC",60,102104,217645,"Animalia","Chordata","Elasmobranchii","Carcharhiniformes","Scyliorhinidae","HAPLOBLEPHARUS","PICTUS",NA,"DARK SHYSHARK",NA,"S","SFMA count",NA,NA,"Duncan Smith",NA,"16","C",NA,4,"m","scuba",NA,NA,NA,NA,NA,NA,NA,NA,NA,NA,NA,NA,NA,NA,NA,NA,NA,NA,"24","03","2019","HAPLOBLEPHARUS PICTUS","CAPERADD"
1449,2019-03-24 12:00:00,"Windmill Beach","-34.20100","18.45667",NA,NA,NA,NA,"UVC",60,102101,217646,"Animalia","Chordata","Elasmobranchii","Carcharhiniformes","Scyliorhinidae","HAPLOBLEPHARUS","EDWARDSII",NA,"PUFFADDER SHYSHARK",NA,"F","SFMA count",NA,NA,"Duncan Smith",NA,"16","C",NA,4,"m","scuba",NA,NA,NA,NA,NA,NA,NA,NA,NA,NA,NA,NA,NA,NA,NA,NA,NA,NA,"24","03","2019","HAPLOBLEPHARUS EDWARDSII","CAPERADD"
1450,2019-03-24 12:00:00,"Windmill Beach","-34.20100","18.45667",NA,NA,NA,NA,"UVC",60,110143,217649,"Animalia","Chordata","Elasmobranchii","Carcharhiniformes","Scyliorhinidae","PORODERMA","AFRICANUM",NA,"PYJAMA SHARK",NA,"S","SFMA count",NA,NA,"Duncan Smith",NA,"16","C",NA,4,"m","scuba",NA,NA,NA,NA,NA,NA,NA,NA,NA,NA,NA,NA,NA,NA,NA,NA,NA,NA,"24","03","2019","PORODERMA AFRICANUM","CAPERADD"
1452,2019-03-24 12:00:00,"Windmill Beach","-34.20100","18.45667",NA,NA,NA,NA,"UVC",60,102101,217646,"Animalia","Chordata","Elasmobranchii","Carcharhiniformes","Scyliorhinidae","HAPLOBLEPHARUS","EDWARDSII",NA,"PUFFADDER SHYSHARK",NA,"F","SFMA count",NA,"egg","Duncan Smith",NA,"16","C",NA,4,"m","scuba",NA,NA,NA,NA,NA,NA,NA,NA,NA,NA,NA,NA,NA,NA,NA,NA,NA,NA,"24","03","2019","HAPLOBLEPHARUS EDWARDSII","CAPERADD"
1460,2019-04-14 11:40:00,"Windmill Beach","-34.20100","18.45667",NA,NA,NA,NA,"UVC",45,110143,217649,"Animalia","Chordata","Elasmobranchii","Carcharhiniformes","Scyliorhinidae","PORODERMA","AFRICANUM",NA,"PYJAMA SHARK",NA,"F","SFMA count",NA,NA,"Marios Michaelides",NA,"14","C",NA,10,"m","snorkel",NA,NA,NA,NA,NA,NA,NA,NA,NA,NA,NA,NA,NA,NA,NA,NA,NA,NA,"14","04","2019","PORODERMA AFRICANUM","CAPERADD"
1465,2019-05-08 10:30:00,"Seaforth Beach","-34.19750","18.45250",NA,NA,NA,NA,"UVC",60,114354,220023,"Animalia","Chordata","Elasmobranchii","Carcharhiniformes","Triakidae","TRIAKIS","MEGALOPTERUS",NA,"SPOTTED GULLY SHARK",NA,"F","SFMA count",NA,NA,"Corbin Lanker",NA,"12","C",NA,3,"m","freedive",NA,NA,NA,NA,NA,NA,NA,NA,NA,NA,NA,NA,NA,NA,NA,NA,NA,NA,"08","05","2019","TRIAKIS MEGALOPTERUS","CAPERADD"
1475,2019-06-04 15:00:00,"Long Beach","-34.18732","18.42858",NA,NA,NA,NA,"UVC",45,110143,217649,"Animalia","Chordata","Elasmobranchii","Carcharhiniformes","Scyliorhinidae","PORODERMA","AFRICANUM",NA,"PYJAMA SHARK",NA,"S","SFMA count",NA,NA,"Joseph Qian",NA,NA,NA,NA,NA,"m","scuba",NA,NA,NA,NA,NA,NA,NA,NA,NA,NA,NA,NA,NA,NA,NA,NA,NA,NA,"04","06","2019","PORODERMA AFRICANUM","CAPERADD"
1476,2019-06-04 15:00:00,"Long Beach","-34.18732","18.42858",NA,NA,NA,NA,"UVC",45,102101,217646,"Animalia","Chordata","Elasmobranchii","Carcharhiniformes","Scyliorhinidae","HAPLOBLEPHARUS","EDWARDSII",NA,"PUFFADDER SHYSHARK",NA,"F","SFMA count",NA,NA,"Joseph Qian",NA,NA,NA,NA,NA,"m","scuba",NA,NA,NA,NA,NA,NA,NA,NA,NA,NA,NA,NA,NA,NA,NA,NA,NA,NA,"04","06","2019","HAPLOBLEPHARUS EDWARDSII","CAPERADD"
1557,2019-06-14 11:50:00,"Windmill Beach","-34.20100","18.45667",NA,NA,NA,NA,"UVC",45,102101,217646,"Animalia","Chordata","Elasmobranchii","Carcharhiniformes","Scyliorhinidae","HAPLOBLEPHARUS","EDWARDSII",NA,"PUFFADDER SHYSHARK",NA,"F","SFMA count",NA,NA,"Joseph Qian",NA,"13","C",NA,8,"m","freedive",NA,NA,NA,NA,NA,NA,NA,NA,NA,NA,NA,NA,NA,NA,NA,NA,NA,NA,"14","06","2019","HAPLOBLEPHARUS EDWARDSII","CAPERADD"
1737,2019-06-28 11:30:00,"Long Beach","-34.18732","18.42858",NA,NA,NA,NA,"UVC",50,102101,217646,"Animalia","Chordata","Elasmobranchii","Carcharhiniformes","Scyliorhinidae","HAPLOBLEPHARUS","EDWARDSII",NA,"PUFFADDER SHYSHARK",NA,"S","SFMA count",NA,NA,"Joseph Qian",NA,"11","C",NA,4,"m","snorkel",NA,NA,NA,NA,NA,NA,NA,NA,NA,NA,NA,NA,NA,NA,NA,NA,NA,NA,"28","06","2019","HAPLOBLEPHARUS EDWARDSII","CAPERADD"
1729,2019-06-28 14:00:00,"Glencairn Tidal Pool","-34.16280","18.43230",NA,NA,NA,NA,"UVC",60,102101,217646,"Animalia","Chordata","Elasmobranchii","Carcharhiniformes","Scyliorhinidae","HAPLOBLEPHARUS","EDWARDSII",NA,"PUFFADDER SHYSHARK",NA,"F","SFMA count",NA,NA,"Tiana Solomon",NA,"13","C",NA,4,"m","snorkel",NA,NA,NA,NA,NA,NA,NA,NA,NA,NA,NA,NA,NA,NA,NA,NA,NA,NA,"28","06","2019","HAPLOBLEPHARUS EDWARDSII","CAPERADD"
1702,2019-07-03 11:30:00,"Windmill Beach","-34.20100","18.45667",NA,NA,NA,NA,"UVC",45,102104,217645,"Animalia","Chordata","Elasmobranchii","Carcharhiniformes","Scyliorhinidae","HAPLOBLEPHARUS","PICTUS",NA,"DARK SHYSHARK",NA,"S","SFMA count",NA,NA,"Sean Murray",NA,"13","C",NA,6,"m","snorkel",NA,NA,NA,NA,NA,NA,NA,NA,NA,NA,NA,NA,NA,NA,NA,NA,NA,NA,"03","07","2019","HAPLOBLEPHARUS PICTUS","CAPERADD"
1703,2019-07-03 11:30:00,"Windmill Beach","-34.20100","18.45667",NA,NA,NA,NA,"UVC",45,102101,217646,"Animalia","Chordata","Elasmobranchii","Carcharhiniformes","Scyliorhinidae","HAPLOBLEPHARUS","EDWARDSII",NA,"PUFFADDER SHYSHARK",NA,"F","SFMA count",NA,NA,"Sean Murray",NA,"13","C",NA,6,"m","snorkel",NA,NA,NA,NA,NA,NA,NA,NA,NA,NA,NA,NA,NA,NA,NA,NA,NA,NA,"03","07","2019","HAPLOBLEPHARUS EDWARDSII","CAPERADD"
1711,2019-07-03 11:30:00,"Windmill Beach","-34.20100","18.45667",NA,NA,NA,NA,"UVC",45,102102,217644,"Animalia","Chordata","Elasmobranchii","Carcharhiniformes","Scyliorhinidae","HAPLOBLEPHARUS","FUSCUS",NA,"BROWN SHYSHARK",NA,"S","SFMA count",NA,NA,"Anne-Lotte Rouwenhorst",NA,"13","C",NA,6,"m","snorkel",NA,NA,NA,NA,NA,NA,NA,NA,NA,NA,NA,NA,NA,NA,NA,NA,NA,NA,"03","07","2019","HAPLOBLEPHARUS FUSCUS","CAPERADD"
1712,2019-07-03 11:30:00,"Windmill Beach","-34.20100","18.45667",NA,NA,NA,NA,"UVC",45,102101,217646,"Animalia","Chordata","Elasmobranchii","Carcharhiniformes","Scyliorhinidae","HAPLOBLEPHARUS","EDWARDSII",NA,"PUFFADDER SHYSHARK",NA,"S","SFMA count",NA,NA,"Anne-Lotte Rouwenhorst",NA,"13","C",NA,6,"m","snorkel",NA,NA,NA,NA,NA,NA,NA,NA,NA,NA,NA,NA,NA,NA,NA,NA,NA,NA,"03","07","2019","HAPLOBLEPHARUS EDWARDSII","CAPERADD"
1747,2019-07-03 12:00:00,"Windmill Beach","-34.20100","18.45667",NA,NA,NA,NA,"UVC",45,102104,217645,"Animalia","Chordata","Elasmobranchii","Carcharhiniformes","Scyliorhinidae","HAPLOBLEPHARUS","PICTUS",NA,"DARK SHYSHARK",NA,"S","SFMA count",NA,NA,"Dylan Irion",NA,"13","C",NA,6,"m","freedive",NA,NA,NA,NA,NA,NA,NA,NA,NA,NA,NA,NA,NA,NA,NA,NA,NA,NA,"03","07","2019","HAPLOBLEPHARUS PICTUS","CAPERADD"
1748,2019-07-03 12:00:00,"Windmill Beach","-34.20100","18.45667",NA,NA,NA,NA,"UVC",45,102101,217646,"Animalia","Chordata","Elasmobranchii","Carcharhiniformes","Scyliorhinidae","HAPLOBLEPHARUS","EDWARDSII",NA,"PUFFADDER SHYSHARK",NA,"F","SFMA count",NA,NA,"Dylan Irion",NA,"13","C",NA,6,"m","freedive",NA,NA,NA,NA,NA,NA,NA,NA,NA,NA,NA,NA,NA,NA,NA,NA,NA,NA,"03","07","2019","HAPLOBLEPHARUS EDWARDSII","CAPERADD"
1764,2019-07-03 12:00:00,"Windmill Beach","-34.20100","18.45667",NA,NA,NA,NA,"UVC",45,102104,217645,"Animalia","Chordata","Elasmobranchii","Carcharhiniformes","Scyliorhinidae","HAPLOBLEPHARUS","PICTUS",NA,"DARK SHYSHARK",NA,"S","SFMA count",NA,NA,"Emma Soudant",NA,"13","C",NA,6,"m","snorkel",NA,NA,NA,NA,NA,NA,NA,NA,NA,NA,NA,NA,NA,NA,NA,NA,NA,NA,"03","07","2019","HAPLOBLEPHARUS PICTUS","CAPERADD"
1765,2019-07-03 12:00:00,"Windmill Beach","-34.20100","18.45667",NA,NA,NA,NA,"UVC",45,102101,217646,"Animalia","Chordata","Elasmobranchii","Carcharhiniformes","Scyliorhinidae","HAPLOBLEPHARUS","EDWARDSII",NA,"PUFFADDER SHYSHARK",NA,"S","SFMA count",NA,NA,"Emma Soudant",NA,"13","C",NA,6,"m","snorkel",NA,NA,NA,NA,NA,NA,NA,NA,NA,NA,NA,NA,NA,NA,NA,NA,NA,NA,"03","07","2019","HAPLOBLEPHARUS EDWARDSII","CAPERADD"
1802,2019-07-05 11:50:00,"Long Beach","-34.18732","18.42858",NA,NA,NA,NA,"UVC",50,102101,217646,"Animalia","Chordata","Elasmobranchii","Carcharhiniformes","Scyliorhinidae","HAPLOBLEPHARUS","EDWARDSII",NA,"PUFFADDER SHYSHARK",NA,"F","SFMA count",NA,NA,"Letizia Delprato",NA,"13","C",NA,5,"m","freedive",NA,NA,NA,NA,NA,NA,NA,NA,NA,NA,NA,NA,NA,NA,NA,NA,NA,NA,"05","07","2019","HAPLOBLEPHARUS EDWARDSII","CAPERADD"
1943,2019-07-10 11:00:00,"Miller's Point","-34.23431","18.47478",NA,NA,NA,NA,"UVC",50,102104,217645,"Animalia","Chordata","Elasmobranchii","Carcharhiniformes","Scyliorhinidae","HAPLOBLEPHARUS","PICTUS",NA,"DARK SHYSHARK",NA,"S","SFMA count",NA,NA,"Renske & Jytte",NA,"14","C",NA,10,"m","snorkel",NA,NA,NA,NA,NA,NA,NA,NA,NA,NA,NA,NA,NA,NA,NA,NA,NA,NA,"10","07","2019","HAPLOBLEPHARUS PICTUS","CAPERADD"
1947,2019-07-14 11:00:00,"Seaforth Beach","-34.19750","18.45250",NA,NA,NA,NA,"UVC",50,102104,217645,"Animalia","Chordata","Elasmobranchii","Carcharhiniformes","Scyliorhinidae","HAPLOBLEPHARUS","PICTUS",NA,"DARK SHYSHARK",NA,"S","SFMA count",NA,NA,"Shawn & Esther",NA,"15","C",NA,10,"m","snorkel",NA,NA,NA,NA,NA,NA,NA,NA,NA,NA,NA,NA,NA,NA,NA,NA,NA,NA,"14","07","2019","HAPLOBLEPHARUS PICTUS","CAPERADD"
1951,2019-07-14 11:00:00,"Seaforth Beach","-34.19750","18.45250",NA,NA,NA,NA,"UVC",50,102104,217645,"Animalia","Chordata","Elasmobranchii","Carcharhiniformes","Scyliorhinidae","HAPLOBLEPHARUS","PICTUS",NA,"DARK SHYSHARK",NA,"S","SFMA count",NA,NA,"Shawn & Esther",NA,"15","C",NA,10,"m","snorkel",NA,NA,NA,NA,NA,NA,NA,NA,NA,NA,NA,NA,NA,NA,NA,NA,NA,NA,"14","07","2019","HAPLOBLEPHARUS PICTUS","CAPERADD"
1955,2019-07-14 11:00:00,"Seaforth Beach","-34.19750","18.45250",NA,NA,NA,NA,"UVC",50,102104,217645,"Animalia","Chordata","Elasmobranchii","Carcharhiniformes","Scyliorhinidae","HAPLOBLEPHARUS","PICTUS",NA,"DARK SHYSHARK",NA,"S","SFMA count",NA,NA,"Shawn & Esther",NA,"15","C",NA,10,"m","snorkel",NA,NA,NA,NA,NA,NA,NA,NA,NA,NA,NA,NA,NA,NA,NA,NA,NA,NA,"14","07","2019","HAPLOBLEPHARUS PICTUS","CAPERADD"
1962,2019-07-17 11:00:00,"Windmill Beach","-34.20100","18.45667",NA,NA,NA,NA,"UVC",50,102104,217645,"Animalia","Chordata","Elasmobranchii","Carcharhiniformes","Scyliorhinidae","HAPLOBLEPHARUS","PICTUS",NA,"DARK SHYSHARK",NA,"S","SFMA count",NA,NA,"Ed & Will",NA,"15","C",NA,5,"m","snorkel",NA,NA,NA,NA,NA,NA,NA,NA,NA,NA,NA,NA,NA,NA,NA,NA,NA,NA,"17","07","2019","HAPLOBLEPHARUS PICTUS","CAPERADD"
2203,2019-08-02 12:00:00,"Windmill Beach","-34.20100","18.45667",NA,NA,NA,NA,"UVC",60,110143,217649,"Animalia","Chordata","Elasmobranchii","Carcharhiniformes","Scyliorhinidae","PORODERMA","AFRICANUM",NA,"PYJAMA SHARK",NA,"S","SFMA count",NA,NA,"Nina Stropnik",NA,"14","C",NA,5,"m","snorkel",NA,NA,NA,NA,NA,NA,NA,NA,NA,NA,NA,NA,NA,NA,NA,NA,NA,NA,"02","08","2019","PORODERMA AFRICANUM","CAPERADD"
2334,2019-10-15 12:00:00,"Windmill Beach","-34.20100","18.45667",NA,NA,NA,NA,"UVC",50,110143,217649,"Animalia","Chordata","Elasmobranchii","Carcharhiniformes","Scyliorhinidae","PORODERMA","AFRICANUM",NA,"PYJAMA SHARK",NA,"S","SFMA count",NA,NA,"Tanya Slosberg",NA,"17","C",NA,4,"m","freedive",NA,NA,NA,NA,NA,NA,NA,NA,NA,NA,NA,NA,NA,NA,NA,NA,NA,NA,"15","10","2019","PORODERMA AFRICANUM","CAPERADD"
2400,2019-12-23 11:00:00,"Long Beach","-34.18732","18.42858",NA,NA,NA,NA,"UVC",60,102104,217645,"Animalia","Chordata","Elasmobranchii","Carcharhiniformes","Scyliorhinidae","HAPLOBLEPHARUS","PICTUS",NA,"DARK SHYSHARK",NA,"S","SFMA count",NA,NA,"Gernot Overbeck",NA,NA,NA,NA,NA,NA,"snorkel",NA,NA,NA,NA,NA,NA,NA,NA,NA,NA,NA,NA,NA,NA,NA,NA,NA,NA,"23","12","2019","HAPLOBLEPHARUS PICTUS","CAPERADD"
2372,2020-01-02 10:40:00,"Long Beach","-34.18732","18.42858",NA,NA,NA,NA,"UVC",70,102104,217645,"Animalia","Chordata","Elasmobranchii","Carcharhiniformes","Scyliorhinidae","HAPLOBLEPHARUS","PICTUS",NA,"DARK SHYSHARK",NA,"S","SFMA count",NA,NA,"Silvia Dorado-Banacloche",NA,"17","C",NA,5,"m","freedive",NA,NA,NA,NA,NA,NA,NA,NA,NA,NA,NA,NA,NA,NA,NA,NA,NA,NA,"02","01","2020","HAPLOBLEPHARUS PICTUS","CAPERADD"
2373,2020-01-02 10:40:00,"Long Beach","-34.18732","18.42858",NA,NA,NA,NA,"UVC",70,102101,217646,"Animalia","Chordata","Elasmobranchii","Carcharhiniformes","Scyliorhinidae","HAPLOBLEPHARUS","EDWARDSII",NA,"PUFFADDER SHYSHARK",NA,"S","SFMA count",NA,NA,"Silvia Dorado-Banacloche",NA,"17","C",NA,5,"m","freedive",NA,NA,NA,NA,NA,NA,NA,NA,NA,NA,NA,NA,NA,NA,NA,NA,NA,NA,"02","01","2020","HAPLOBLEPHARUS EDWARDSII","CAPERADD"
2374,2020-01-02 10:40:00,"Long Beach","-34.18732","18.42858",NA,NA,NA,NA,"UVC",70,110143,217649,"Animalia","Chordata","Elasmobranchii","Carcharhiniformes","Scyliorhinidae","PORODERMA","AFRICANUM",NA,"PYJAMA SHARK",NA,"M","SFMA count",NA,NA,"Silvia Dorado-Banacloche",NA,"17","C",NA,5,"m","freedive",NA,NA,NA,NA,NA,NA,NA,NA,NA,NA,NA,NA,NA,NA,NA,NA,NA,NA,"02","01","2020","PORODERMA AFRICANUM","CAPERADD"
2384,2020-01-03 14:15:00,"Long Beach","-34.18732","18.42858",NA,NA,NA,NA,"UVC",60,102101,217646,"Animalia","Chordata","Elasmobranchii","Carcharhiniformes","Scyliorhinidae","HAPLOBLEPHARUS","EDWARDSII",NA,"PUFFADDER SHYSHARK",NA,"S","SFMA count",NA,NA,"Leonardo Micheli",NA,"19","C",NA,5,"m","snorkel",NA,NA,NA,NA,NA,NA,NA,NA,NA,NA,NA,NA,NA,NA,NA,NA,NA,NA,"03","01","2020","HAPLOBLEPHARUS EDWARDSII","CAPERADD"
2392,2020-01-03 14:15:00,"Long Beach","-34.18732","18.42858",NA,NA,NA,NA,"UVC",60,102101,217646,"Animalia","Chordata","Elasmobranchii","Carcharhiniformes","Scyliorhinidae","HAPLOBLEPHARUS","EDWARDSII",NA,"PUFFADDER SHYSHARK",NA,"S","SFMA count",NA,NA,"Nadia Andreani",NA,"19","C",NA,5,"m","snorkel",NA,NA,NA,NA,NA,NA,NA,NA,NA,NA,NA,NA,NA,NA,NA,NA,NA,NA,"03","01","2020","HAPLOBLEPHARUS EDWARDSII","CAPERADD"
2553,2020-01-26 10:30:00,"Long Beach","-34.18732","18.42858",NA,NA,NA,NA,"UVC",NA,102101,217646,"Animalia","Chordata","Elasmobranchii","Carcharhiniformes","Scyliorhinidae","HAPLOBLEPHARUS","EDWARDSII",NA,"PUFFADDER SHYSHARK",NA,"F","SFMA count",NA,NA,"Chris Jacobs",NA,NA,NA,NA,NA,NA,"snorkel",NA,NA,NA,NA,NA,NA,NA,NA,NA,NA,NA,NA,NA,NA,NA,NA,NA,NA,"26","01","2020","HAPLOBLEPHARUS EDWARDSII","CAPERADD"
2557,2020-01-26 10:30:00,"Long Beach","-34.18732","18.42858",NA,NA,NA,NA,"UVC",NA,102102,217644,"Animalia","Chordata","Elasmobranchii","Carcharhiniformes","Scyliorhinidae","HAPLOBLEPHARUS","FUSCUS",NA,"BROWN SHYSHARK",NA,"F","SFMA count",NA,NA,"Deborah & Mike",NA,NA,NA,NA,NA,NA,"snorkel",NA,NA,NA,NA,NA,NA,NA,NA,NA,NA,NA,NA,NA,NA,NA,NA,NA,NA,"26","01","2020","HAPLOBLEPHARUS FUSCUS","CAPERADD"
2561,2020-01-26 10:30:00,"Long Beach","-34.18732","18.42858",NA,NA,NA,NA,"UVC",NA,102104,217645,"Animalia","Chordata","Elasmobranchii","Carcharhiniformes","Scyliorhinidae","HAPLOBLEPHARUS","PICTUS",NA,"DARK SHYSHARK",NA,"S","SFMA count",NA,NA,"Patrick Peterson",NA,NA,NA,NA,NA,NA,"snorkel",NA,NA,NA,NA,NA,NA,NA,NA,NA,NA,NA,NA,NA,NA,NA,NA,NA,NA,"26","01","2020","HAPLOBLEPHARUS PICTUS","CAPERADD"
2562,2020-01-26 10:30:00,"Long Beach","-34.18732","18.42858",NA,NA,NA,NA,"UVC",NA,102101,217646,"Animalia","Chordata","Elasmobranchii","Carcharhiniformes","Scyliorhinidae","HAPLOBLEPHARUS","EDWARDSII",NA,"PUFFADDER SHYSHARK",NA,"S","SFMA count",NA,NA,"Patrick Peterson",NA,NA,NA,NA,NA,NA,"snorkel",NA,NA,NA,NA,NA,NA,NA,NA,NA,NA,NA,NA,NA,NA,NA,NA,NA,NA,"26","01","2020","HAPLOBLEPHARUS EDWARDSII","CAPERADD"
2570,2020-01-26 10:30:00,"Long Beach","-34.18732","18.42858",NA,NA,NA,NA,"UVC",NA,102101,217646,"Animalia","Chordata","Elasmobranchii","Carcharhiniformes","Scyliorhinidae","HAPLOBLEPHARUS","EDWARDSII",NA,"PUFFADDER SHYSHARK",NA,"F","SFMA count",NA,NA,"Priyank Jaiswal",NA,NA,NA,NA,NA,NA,"snorkel",NA,NA,NA,NA,NA,NA,NA,NA,NA,NA,NA,NA,NA,NA,NA,NA,NA,NA,"26","01","2020","HAPLOBLEPHARUS EDWARDSII","CAPERADD"
2521,2020-01-31 14:30:00,"Long Beach","-34.18732","18.42858",NA,NA,NA,NA,"UVC",60,102101,217646,"Animalia","Chordata","Elasmobranchii","Carcharhiniformes","Scyliorhinidae","HAPLOBLEPHARUS","EDWARDSII",NA,"PUFFADDER SHYSHARK",NA,"S","SFMA count",NA,NA,"Clayton Mead",NA,"17","C",NA,5,"m","snorkel",NA,NA,NA,NA,NA,NA,NA,NA,NA,NA,NA,NA,NA,NA,NA,NA,NA,NA,"31","01","2020","HAPLOBLEPHARUS EDWARDSII","CAPERADD"
2522,2020-01-31 14:30:00,"Long Beach","-34.18732","18.42858",NA,NA,NA,NA,"UVC",60,110143,217649,"Animalia","Chordata","Elasmobranchii","Carcharhiniformes","Scyliorhinidae","PORODERMA","AFRICANUM",NA,"PYJAMA SHARK",NA,"S","SFMA count",NA,NA,"Clayton Mead",NA,"17","C",NA,5,"m","snorkel",NA,NA,NA,NA,NA,NA,NA,NA,NA,NA,NA,NA,NA,NA,NA,NA,NA,NA,"31","01","2020","PORODERMA AFRICANUM","CAPERADD"
2531,2020-01-31 14:30:00,"Long Beach","-34.18732","18.42858",NA,NA,NA,NA,"UVC",60,102104,217645,"Animalia","Chordata","Elasmobranchii","Carcharhiniformes","Scyliorhinidae","HAPLOBLEPHARUS","PICTUS",NA,"DARK SHYSHARK",NA,"S","SFMA count",NA,NA,"Zuhairah Dindar",NA,"17","C",NA,5,"m","freedive",NA,NA,NA,NA,NA,NA,NA,NA,NA,NA,NA,NA,NA,NA,NA,NA,NA,NA,"31","01","2020","HAPLOBLEPHARUS PICTUS","CAPERADD"
2532,2020-01-31 14:30:00,"Long Beach","-34.18732","18.42858",NA,NA,NA,NA,"UVC",60,110143,217649,"Animalia","Chordata","Elasmobranchii","Carcharhiniformes","Scyliorhinidae","PORODERMA","AFRICANUM",NA,"PYJAMA SHARK",NA,"F","SFMA count",NA,NA,"Zuhairah Dindar",NA,"17","C",NA,5,"m","freedive",NA,NA,NA,NA,NA,NA,NA,NA,NA,NA,NA,NA,NA,NA,NA,NA,NA,NA,"31","01","2020","PORODERMA AFRICANUM","CAPERADD"
2542,2020-01-31 14:30:00,"Long Beach","-34.18732","18.42858",NA,NA,NA,NA,"UVC",60,102102,217644,"Animalia","Chordata","Elasmobranchii","Carcharhiniformes","Scyliorhinidae","HAPLOBLEPHARUS","FUSCUS",NA,"BROWN SHYSHARK",NA,"S","SFMA count",NA,NA,"Sergio Solis",NA,"17","C",NA,5,"m","freedive",NA,NA,NA,NA,NA,NA,NA,NA,NA,NA,NA,NA,NA,NA,NA,NA,NA,NA,"31","01","2020","HAPLOBLEPHARUS FUSCUS","CAPERADD"
2543,2020-01-31 14:30:00,"Long Beach","-34.18732","18.42858",NA,NA,NA,NA,"UVC",60,110143,217649,"Animalia","Chordata","Elasmobranchii","Carcharhiniformes","Scyliorhinidae","PORODERMA","AFRICANUM",NA,"PYJAMA SHARK",NA,"F","SFMA count",NA,NA,"Sergio Solis",NA,"17","C",NA,5,"m","freedive",NA,NA,NA,NA,NA,NA,NA,NA,NA,NA,NA,NA,NA,NA,NA,NA,NA,NA,"31","01","2020","PORODERMA AFRICANUM","CAPERADD"
2510,2020-02-04 15:18:00,"Long Beach","-34.18732","18.42858",NA,NA,NA,NA,"UVC",45,110144,217650,"Animalia","Chordata","Elasmobranchii","Carcharhiniformes","Scyliorhinidae","PORODERMA","PANTHERINUM",NA,"LEOPARD CATSHARK",NA,"S","SFMA count",NA,NA,"Brian Fritzsche",NA,"17","C",NA,7,"m","snorkel",NA,NA,NA,NA,NA,NA,NA,NA,NA,NA,NA,NA,NA,NA,NA,NA,NA,NA,"04","02","2020","PORODERMA PANTHERINUM","CAPERADD"
2511,2020-02-04 15:18:00,"Long Beach","-34.18732","18.42858",NA,NA,NA,NA,"UVC",45,102101,217646,"Animalia","Chordata","Elasmobranchii","Carcharhiniformes","Scyliorhinidae","HAPLOBLEPHARUS","EDWARDSII",NA,"PUFFADDER SHYSHARK",NA,"S","SFMA count",NA,NA,"Brian Fritzsche",NA,"17","C",NA,7,"m","snorkel",NA,NA,NA,NA,NA,NA,NA,NA,NA,NA,NA,NA,NA,NA,NA,NA,NA,NA,"04","02","2020","HAPLOBLEPHARUS EDWARDSII","CAPERADD"
2498,2020-02-05 14:25:00,"Long Beach","-34.18732","18.42858",NA,NA,NA,NA,"UVC",65,102101,217646,"Animalia","Chordata","Elasmobranchii","Carcharhiniformes","Scyliorhinidae","HAPLOBLEPHARUS","EDWARDSII",NA,"PUFFADDER SHYSHARK",NA,"S","SFMA count",NA,NA,"Yan Wang",NA,"17","C",NA,4,"m","snorkel",NA,NA,NA,NA,NA,NA,NA,NA,NA,NA,NA,NA,NA,NA,NA,NA,NA,NA,"05","02","2020","HAPLOBLEPHARUS EDWARDSII","CAPERADD"
2499,2020-02-05 14:25:00,"Long Beach","-34.18732","18.42858",NA,NA,NA,NA,"UVC",65,110143,217649,"Animalia","Chordata","Elasmobranchii","Carcharhiniformes","Scyliorhinidae","PORODERMA","AFRICANUM",NA,"PYJAMA SHARK",NA,"F","SFMA count",NA,NA,"Yan Wang",NA,"17","C",NA,4,"m","snorkel",NA,NA,NA,NA,NA,NA,NA,NA,NA,NA,NA,NA,NA,NA,NA,NA,NA,NA,"05","02","2020","PORODERMA AFRICANUM","CAPERADD"
