"DATE LAST MODIFIED","RECORD URL","SPECIES_SCIENTIFIC","KINGDOM","PHYLUM","CLASS","ORDER","FAMILY","GENUS","SPECIES","YEAR IDENTIFIED","MONTH IDENTIFIED","DAY IDENTIFIED","YEAR","MONTH","DAY","TIME OF DAY","LOCALITY","LONGITUDE","LATITUDE","SEX","NOTES","LENGTH (M)","MARKED INDIVIDUAL","LOCATIONID","SUBMITTER EMAIL ADDRESS","OWNER","DATATYPE"
"2020-12-28","http://fin.caperadd.com/encounters/encounter.jsp?number=266bbc1f-91ef-4c5b-b111-9c7edca37ed0","PORODERMA AFRICANUM","ANIMALIA","CHORDATA","CHONDRICHTHYES","CARCHARHINIFORMES","SCYLIOORHINIDAE","Poroderma","africanum","2020","12","27","2020","12","27","11:18","LONG BEACH","18.427472543044228","-34.187980722031014",NA,NA,NA,"PA_027","LONG BEACH",NA,"CAPERADD","UVC"
"2020-12-28","http://fin.caperadd.com/encounters/encounter.jsp?number=3036ec8e-5d58-407d-9d85-cefa8d6d6a75","PORODERMA AFRICANUM","ANIMALIA","CHORDATA","CHONDRICHTHYES","CARCHARHINIFORMES","SCYLIOORHINIDAE","Poroderma","africanum","2020","12","27","2020","12","27","11:19","LONG BEACH","18.4274305307312","-34.18793382066625",NA,NA,NA,"PA_025","LONG BEACH",NA,"CAPERADD","UVC"
"2020-12-28","http://fin.caperadd.com/encounters/encounter.jsp?number=396b84e7-35a6-4181-b24a-9a814a844d9b","HAPLOBLEPHARUS EDWARDSII","ANIMALIA","CHORDATA","CHONDRICHTHYES","CARCHARHINIFORMES","SCYLIOORHINIDAE","Haploblepharus","edwardsii","2020","12","27","2020","12","27","11:3","LONG BEACH","18.427187503442546","-34.18793777994211",NA,NA,NA,"HE_062","LONG BEACH",NA,"CAPERADD","UVC"
"2020-12-28","http://fin.caperadd.com/encounters/encounter.jsp?number=7464e7d1-8f97-41bd-8c6d-ce32de800797","PORODERMA PANTHERINUM","ANIMALIA","CHORDATA","CHONDRICHTHYES","CARCHARHINIFORMES","SCYLIOORHINIDAE","Poroderma","pantherinum","2020","12","27","2020","12","27","11:8","LONG BEACH","18.427218377991863","-34.18798928930151",NA,NA,NA,"PP_008","LONG BEACH",NA,"CAPERADD","UVC"
"2020-12-28","http://fin.caperadd.com/encounters/encounter.jsp?number=8bfedfba-7045-4518-88d4-eaef052ea358","HAPLOBLEPHARUS PICTUS","ANIMALIA","CHORDATA","CHONDRICHTHYES","CARCHARHINIFORMES","SCYLIOORHINIDAE","Haploblepharus","pictus","2020","12","27","2020","12","27","11:41","LONG BEACH","18.427911230896992","-34.18790722774241",NA,NA,NA,"HP_048","LONG BEACH",NA,"CAPERADD","UVC"
"2020-12-28","http://fin.caperadd.com/encounters/encounter.jsp?number=9e1ff4f0-fca3-4212-ab2b-4108393b7f5e","HAPLOBLEPHARUS PICTUS","ANIMALIA","CHORDATA","CHONDRICHTHYES","CARCHARHINIFORMES","SCYLIOORHINIDAE","Haploblepharus","pictus","2020","12","27","2020","12","27","11:6","LONG BEACH","18.427279831924608","-34.1879720404836",NA,NA,NA,"HP_049","LONG BEACH",NA,"CAPERADD","UVC"
"2020-12-28","http://fin.caperadd.com/encounters/encounter.jsp?number=a567922b-9abc-494a-a57b-e280740081f6","HAPLOBLEPHARUS PICTUS","ANIMALIA","CHORDATA","CHONDRICHTHYES","CARCHARHINIFORMES","SCYLIOORHINIDAE","Haploblepharus","pictus","2020","12","27","2020","12","27","11:23","LONG BEACH","18.42734811555112","-34.18804571155299",NA,NA,NA,"HP_050","LONG BEACH",NA,"CAPERADD","UVC"
"2020-12-28","http://fin.caperadd.com/encounters/encounter.jsp?number=f11b0fc1-45a3-4ec5-9765-e286d5653600","HAPLOBLEPHARUS PICTUS","ANIMALIA","CHORDATA","CHONDRICHTHYES","CARCHARHINIFORMES","SCYLIOORHINIDAE","Haploblepharus","pictus","2020","12","27","2020","12","27","11:14","LONG BEACH","18.427283919283738","-34.18795283620331","male",NA,NA,"HP_049","LONG BEACH",NA,"CAPERADD","UVC"
"2020-12-28","http://fin.caperadd.com/encounters/encounter.jsp?number=39bdbee9-340a-478c-9521-3a198b69d04a","HAPLOBLEPHARUS EDWARDSII","ANIMALIA","CHORDATA","CHONDRICHTHYES","CARCHARHINIFORMES","SCYLIOORHINIDAE","Haploblepharus","edwardsii","2020","12","24","2020","12","24","8:53","LONG BEACH","18.42833694265276","-34.186485301824796",NA,NA,NA,"HE_095","LONG BEACH",NA,"CAPERADD","UVC"
"2020-12-24","http://fin.caperadd.com/encounters/encounter.jsp?number=1c16a049-4600-42b7-b3a7-db8c0946a083","PORODERMA AFRICANUM","ANIMALIA","CHORDATA","CHONDRICHTHYES","CARCHARHINIFORMES","SCYLIOORHINIDAE","Poroderma","africanum","2020","12","23","2020","12","23","11:14","LONG BEACH","18.427431861301933","-34.18796091990301",NA,NA,NA,"PA_025","LONG BEACH",NA,"CAPERADD","UVC"
"2020-12-24","http://fin.caperadd.com/encounters/encounter.jsp?number=2c30bdb3-2433-4d18-9dfb-0b1f402b7585","HAPLOBLEPHARUS PICTUS","ANIMALIA","CHORDATA","CHONDRICHTHYES","CARCHARHINIFORMES","SCYLIOORHINIDAE","Haploblepharus","pictus","2020","12","23","2020","12","23","11:3","LONG BEACH","18.427208387354426","-34.187924008141536",NA,NA,NA,"HP_045","LONG BEACH",NA,"CAPERADD","UVC"
"2020-12-24","http://fin.caperadd.com/encounters/encounter.jsp?number=355ce4cb-2e80-4838-9b18-bd88ddaf7ffd","HAPLOBLEPHARUS EDWARDSII","ANIMALIA","CHORDATA","CHONDRICHTHYES","CARCHARHINIFORMES","SCYLIOORHINIDAE","Haploblepharus","edwardsii","2020","12","23","2020","12","23","11:3","LONG BEACH","18.42720721435445","-34.18792467641568","male",NA,NA,"HE_062","LONG BEACH",NA,"CAPERADD","UVC"
"2020-12-24","http://fin.caperadd.com/encounters/encounter.jsp?number=5e2069d7-19ec-46d9-ab01-1bb5cb0e59ef","HAPLOBLEPHARUS EDWARDSII","ANIMALIA","CHORDATA","CHONDRICHTHYES","CARCHARHINIFORMES","SCYLIOORHINIDAE","Haploblepharus","edwardsii","2020","12","23","2020","12","23","11:8","LONG BEACH","18.42717141300049","-34.18794321096873",NA,NA,NA,"HE_093","LONG BEACH",NA,"CAPERADD","UVC"
"2020-12-24","http://fin.caperadd.com/encounters/encounter.jsp?number=6298a1f0-116b-46ab-af67-4b12e82c8a52","HAPLOBLEPHARUS EDWARDSII","ANIMALIA","CHORDATA","CHONDRICHTHYES","CARCHARHINIFORMES","SCYLIOORHINIDAE","Haploblepharus","edwardsii","2020","12","23","2020","12","23","11:36","LONG BEACH","18.428155949333508","-34.18831438856055",NA,NA,NA,"HE_094","LONG BEACH",NA,"CAPERADD","UVC"
"2020-12-24","http://fin.caperadd.com/encounters/encounter.jsp?number=9334ddef-d45f-4495-8e62-e67ab1b28e79","PORODERMA AFRICANUM","ANIMALIA","CHORDATA","CHONDRICHTHYES","CARCHARHINIFORMES","SCYLIOORHINIDAE","Poroderma","africanum","2020","12","23","2020","12","23","11:12","LONG BEACH","18.427549618838615","-34.18813215082933",NA,NA,NA,"PA_027","LONG BEACH",NA,"CAPERADD","UVC"
"2020-12-24","http://fin.caperadd.com/encounters/encounter.jsp?number=a69a24d4-01ef-4232-a131-082211bc5417","HAPLOBLEPHARUS PICTUS","ANIMALIA","CHORDATA","CHONDRICHTHYES","CARCHARHINIFORMES","SCYLIOORHINIDAE","Haploblepharus","pictus","2020","12","23","2020","12","23","11:23","LONG BEACH","18.427200280116786","-34.1882296962148",NA,NA,NA,"HP_046","LONG BEACH",NA,"CAPERADD","UVC"
"2020-12-24","http://fin.caperadd.com/encounters/encounter.jsp?number=ca3383aa-6a1b-45af-858d-6ed54459e99a","HAPLOBLEPHARUS PICTUS","ANIMALIA","CHORDATA","CHONDRICHTHYES","CARCHARHINIFORMES","SCYLIOORHINIDAE","Haploblepharus","pictus","2020","12","23","2020","12","23","11:36","LONG BEACH","18.428144822268358","-34.188318304731716",NA,NA,NA,"HP_047","LONG BEACH",NA,"CAPERADD","UVC"
"2020-12-24","http://fin.caperadd.com/encounters/encounter.jsp?number=f0a8542c-bc9f-44fe-8d56-db7837996266","PORODERMA AFRICANUM","ANIMALIA","CHORDATA","CHONDRICHTHYES","CARCHARHINIFORMES","SCYLIOORHINIDAE","Poroderma","africanum","2020","12","23","2020","12","23","11:12","LONG BEACH","18.427549618838615","-34.18813215082933",NA,NA,NA,"PA_028","LONG BEACH",NA,"CAPERADD","UVC"
"2020-12-21","http://fin.caperadd.com/encounters/encounter.jsp?number=016abad2-d13f-4e30-a57a-c234ae6a176d","PORODERMA AFRICANUM","ANIMALIA","CHORDATA","CHONDRICHTHYES","CARCHARHINIFORMES","SCYLIOORHINIDAE","Poroderma","africanum","2020","12","20","2020","12","20","11:15","LONG BEACH","18.427443475982592","-34.18792774843978",NA,NA,NA,"PA_024","LONG BEACH",NA,"CAPERADD","UVC"
"2020-12-21","http://fin.caperadd.com/encounters/encounter.jsp?number=05cfcdcb-2b16-4e58-858e-04fd8f9dc6c3","HAPLOBLEPHARUS PICTUS","ANIMALIA","CHORDATA","CHONDRICHTHYES","CARCHARHINIFORMES","SCYLIOORHINIDAE","Haploblepharus","pictus","2020","12","20","2020","12","20","11:10","LONG BEACH","18.427208023856515","-34.18794565027547",NA,NA,NA,"HP_038","LONG BEACH",NA,"CAPERADD","UVC"
"2020-12-21","http://fin.caperadd.com/encounters/encounter.jsp?number=174deaa6-a55a-4f2a-878e-842d03705e2e","HAPLOBLEPHARUS EDWARDSII","ANIMALIA","CHORDATA","CHONDRICHTHYES","CARCHARHINIFORMES","SCYLIOORHINIDAE","Haploblepharus","edwardsii","2020","12","20","2020","12","20","11:7","LONG BEACH","18.427361773144856","-34.18795203340684","male",NA,NA,"HE_062","LONG BEACH",NA,"CAPERADD","UVC"
"2020-12-21","http://fin.caperadd.com/encounters/encounter.jsp?number=35c14cd3-de51-4ef8-adce-21c875900e20","HAPLOBLEPHARUS PICTUS","ANIMALIA","CHORDATA","CHONDRICHTHYES","CARCHARHINIFORMES","SCYLIOORHINIDAE","Haploblepharus","pictus","2020","12","20","2020","12","20","11:12","LONG BEACH","18.427429414686745","-34.188024372510114",NA,NA,NA,"HP_044","LONG BEACH",NA,"CAPERADD","UVC"
"2020-12-21","http://fin.caperadd.com/encounters/encounter.jsp?number=40c93e28-0635-4119-9e17-d4f199c0786e","PORODERMA AFRICANUM","ANIMALIA","CHORDATA","CHONDRICHTHYES","CARCHARHINIFORMES","SCYLIOORHINIDAE","Poroderma","africanum","2020","12","20","2020","12","20","11:15","LONG BEACH","18.427443475982592","-34.18792774843978",NA,NA,NA,"PA_023","LONG BEACH",NA,"CAPERADD","UVC"
"2020-12-21","http://fin.caperadd.com/encounters/encounter.jsp?number=59add886-4e6d-44be-a63b-8040a21fc204","HAPLOBLEPHARUS PICTUS","ANIMALIA","CHORDATA","CHONDRICHTHYES","CARCHARHINIFORMES","SCYLIOORHINIDAE","Haploblepharus","pictus","2020","12","20","2020","12","20","11:24","LONG BEACH","18.427526411552364","-34.188096928244285","male",NA,NA,"HP_043","LONG BEACH",NA,"CAPERADD","UVC"
"2020-12-24","http://fin.caperadd.com/encounters/encounter.jsp?number=9da8d89e-ba3c-4e17-915a-1d73dadd59c4","PORODERMA AFRICANUM","ANIMALIA","CHORDATA","CHONDRICHTHYES","CARCHARHINIFORMES","SCYLIOORHINIDAE","Poroderma","africanum","2020","12","20","2020","12","20","11:15","LONG BEACH","18.427443475982592","-34.18792774843978",NA,NA,NA,"PA_027","LONG BEACH",NA,"CAPERADD","UVC"
"2020-12-24","http://fin.caperadd.com/encounters/encounter.jsp?number=c45194e4-f473-45e7-927e-2c2f90916371","HAPLOBLEPHARUS EDWARDSII","ANIMALIA","CHORDATA","CHONDRICHTHYES","CARCHARHINIFORMES","SCYLIOORHINIDAE","Haploblepharus","edwardsii","2020","12","20","2020","12","20","11:7","LONG BEACH","18.427308057633656","-34.18790534745186",NA,NA,NA,"HE_093","LONG BEACH",NA,"CAPERADD","UVC"
"2020-12-21","http://fin.caperadd.com/encounters/encounter.jsp?number=c53cd990-b670-478c-8955-d1a80ae1899c","PORODERMA AFRICANUM","ANIMALIA","CHORDATA","CHONDRICHTHYES","CARCHARHINIFORMES","SCYLIOORHINIDAE","Poroderma","africanum","2020","12","20","2020","12","20","11:16","LONG BEACH","18.42751185358577","-34.188003311268105",NA,NA,NA,"PA_026","LONG BEACH",NA,"CAPERADD","UVC"
"2020-12-21","http://fin.caperadd.com/encounters/encounter.jsp?number=e890d735-ac13-4618-ba22-3eb9c20fd706","PORODERMA AFRICANUM","ANIMALIA","CHORDATA","CHONDRICHTHYES","CARCHARHINIFORMES","SCYLIOORHINIDAE","Poroderma","africanum","2020","12","20","2020","12","20","11:18","LONG BEACH","18.427427925476508","-34.1879741666986",NA,NA,NA,"PA_025","LONG BEACH",NA,"CAPERADD","UVC"
"2020-12-19","http://fin.caperadd.com/encounters/encounter.jsp?number=1b54d04e-23ab-4e19-b882-5d0c61c3285e","HAPLOBLEPHARUS PICTUS","ANIMALIA","CHORDATA","CHONDRICHTHYES","CARCHARHINIFORMES","SCYLIOORHINIDAE","Haploblepharus","pictus","2020","12","19","2020","12","19","10:42","LONG BEACH","18.427211920469507","-34.18792754339499",NA,NA,NA,"HP_038","LONG BEACH",NA,"CAPERADD","UVC"
"2020-12-19","http://fin.caperadd.com/encounters/encounter.jsp?number=3a9e775d-2ea9-42f8-8db8-91ca29301b87","HAPLOBLEPHARUS PICTUS","ANIMALIA","CHORDATA","CHONDRICHTHYES","CARCHARHINIFORMES","SCYLIOORHINIDAE","Haploblepharus","pictus","2020","12","19","2020","12","19","10:39","LONG BEACH","18.427197398199123","-34.18793564282696",NA,NA,NA,"HP_042","LONG BEACH",NA,"CAPERADD","UVC"
"2020-12-19","http://fin.caperadd.com/encounters/encounter.jsp?number=827257ec-c4ea-424d-9905-55d9de79dbed","PORODERMA AFRICANUM","ANIMALIA","CHORDATA","CHONDRICHTHYES","CARCHARHINIFORMES","SCYLIOORHINIDAE","Poroderma","africanum","2020","12","19","2020","12","19","10:52","LONG BEACH","18.427436706515646","-34.187963223793844",NA,NA,NA,"PA_022","LONG BEACH",NA,"CAPERADD","UVC"
"2020-12-19","http://fin.caperadd.com/encounters/encounter.jsp?number=f243e161-cf45-4385-88cd-1c90bc17f31f","HAPLOBLEPHARUS PICTUS","ANIMALIA","CHORDATA","CHONDRICHTHYES","CARCHARHINIFORMES","SCYLIOORHINIDAE","Haploblepharus","pictus","2020","12","19","2020","12","19","10:39","LONG BEACH","18.42718620760391","-34.18793260891348","male",NA,NA,"HP_041","LONG BEACH",NA,"CAPERADD","UVC"
"2020-12-19","http://fin.caperadd.com/encounters/encounter.jsp?number=f4442287-c384-4fa6-af3c-574b58e30bc1","PORODERMA AFRICANUM","ANIMALIA","CHORDATA","CHONDRICHTHYES","CARCHARHINIFORMES","SCYLIOORHINIDAE","Poroderma","africanum","2020","12","19","2020","12","19","10:53","LONG BEACH","18.42749642891567","-34.18820480544747",NA,NA,NA,"PA_023","LONG BEACH",NA,"CAPERADD","UVC"
"2020-12-18","http://fin.caperadd.com/encounters/encounter.jsp?number=4d93b2ce-0cc7-46a6-b6bf-40409450c547","HAPLOBLEPHARUS PICTUS","ANIMALIA","CHORDATA","CHONDRICHTHYES","CARCHARHINIFORMES","SCYLIOORHINIDAE","Haploblepharus","pictus","2020","12","18","2020","12","18","11:51","LONG BEACH","18.42725982236248","-34.18863535833753",NA,NA,NA,"HP_040","LONG BEACH",NA,"CAPERADD","UVC"
"2020-12-18","http://fin.caperadd.com/encounters/encounter.jsp?number=ad3beb89-2355-4144-a294-c893351a8f6a","PORODERMA PANTHERINUM","ANIMALIA","CHORDATA","CHONDRICHTHYES","CARCHARHINIFORMES","SCYLIOORHINIDAE","Poroderma","pantherinum","2020","12","18","2020","12","18","11:10","LONG BEACH","18.427183797924574","-34.18799623016445",NA,NA,NA,"PP_007","LONG BEACH",NA,"CAPERADD","UVC"
"2020-12-19","http://fin.caperadd.com/encounters/encounter.jsp?number=ba1fede2-8ecd-4147-80f5-52508fea183f","PORODERMA AFRICANUM","ANIMALIA","CHORDATA","CHONDRICHTHYES","CARCHARHINIFORMES","SCYLIOORHINIDAE","Poroderma","africanum","2020","12","18","2020","12","18","11:22","LONG BEACH","18.427252243796264","-34.188133190767005",NA,NA,NA,"PA_021","LONG BEACH",NA,"CAPERADD","UVC"
"2020-12-18","http://fin.caperadd.com/encounters/encounter.jsp?number=f3d06d28-14da-4644-824c-2e77978a2ed4","HAPLOBLEPHARUS PICTUS","ANIMALIA","CHORDATA","CHONDRICHTHYES","CARCHARHINIFORMES","SCYLIOORHINIDAE","Haploblepharus","pictus","2020","12","18","2020","12","18",NA,"LONG BEACH","18.42693023427098","-34.18796334476554",NA,NA,NA,"HP_038","LONG BEACH",NA,"CAPERADD","UVC"
"2020-12-18","http://fin.caperadd.com/encounters/encounter.jsp?number=fb0d56b3-7caa-43e0-8730-faba0ccb6f34","HAPLOBLEPHARUS PICTUS","ANIMALIA","CHORDATA","CHONDRICHTHYES","CARCHARHINIFORMES","SCYLIOORHINIDAE","Haploblepharus","pictus","2020","12","18","2020","12","18","11:33","LONG BEACH","18.427625712407703","-34.18833867014172",NA,NA,NA,"HP_039","LONG BEACH",NA,"CAPERADD","UVC"
"2020-12-17","http://fin.caperadd.com/encounters/encounter.jsp?number=8052c2f0-f564-4edd-893f-7d31c3fd2f06","HAPLOBLEPHARUS PICTUS","ANIMALIA","CHORDATA","CHONDRICHTHYES","CARCHARHINIFORMES","SCYLIOORHINIDAE","Haploblepharus","pictus","2020","12","17","2020","12","17","10:36","LONG BEACH","18.427309913653357","-34.18807049683377",NA,NA,NA,"HP_013","LONG BEACH",NA,"CAPERADD","UVC"
"2020-12-17","http://fin.caperadd.com/encounters/encounter.jsp?number=946e5a2b-2e86-449b-aa9d-a3ff21374372","PORODERMA PANTHERINUM","ANIMALIA","CHORDATA","CHONDRICHTHYES","CARCHARHINIFORMES","SCYLIOORHINIDAE","Poroderma","pantherinum","2020","12","17","2020","12","17","11:8","LONG BEACH","18.42711534173154","-34.18708552030127",NA,NA,NA,"PP_006","LONG BEACH",NA,"CAPERADD","UVC"
"2020-12-28","http://fin.caperadd.com/encounters/encounter.jsp?number=ccec0735-80fd-48ce-bc27-7ff5dd4ffc0b","HAPLOBLEPHARUS PICTUS","ANIMALIA","CHORDATA","CHONDRICHTHYES","CARCHARHINIFORMES","SCYLIOORHINIDAE","Haploblepharus","pictus","2020","12","17","2020","12","17","10:33","LONG BEACH","18.427207455362264","-34.18795279189806",NA,NA,NA,"HE_062","LONG BEACH",NA,"CAPERADD","UVC"
"2020-12-17","http://fin.caperadd.com/encounters/encounter.jsp?number=de003084-6f78-40fc-8b6a-2fa97387b99e","HAPLOBLEPHARUS EDWARDSII","ANIMALIA","CHORDATA","CHONDRICHTHYES","CARCHARHINIFORMES","SCYLIOORHINIDAE","Haploblepharus","edwardsii","2020","12","14","2020","12","14","11:0","MILLER'S POINT","18.476493267670765","-34.23170531269885",NA,NA,NA,"HE_091","MILLER'S POINT",NA,"CAPERADD","UVC"
"2020-12-17","http://fin.caperadd.com/encounters/encounter.jsp?number=4b181fb5-d434-4a6e-9cec-ec72b87713f8","HAPLOBLEPHARUS EDWARDSII","ANIMALIA","CHORDATA","CHONDRICHTHYES","CARCHARHINIFORMES","SCYLIOORHINIDAE","Haploblepharus","edwardsii","2020","12","12","2020","12","12","11:17","LONG BEACH","18.427776783540864","-34.188402305839844",NA,NA,NA,"HE_088","LONG BEACH",NA,"CAPERADD","UVC"
"2020-12-17","http://fin.caperadd.com/encounters/encounter.jsp?number=be3f359a-0d59-43bd-8cb5-49409067688c","PORODERMA AFRICANUM","ANIMALIA","CHORDATA","CHONDRICHTHYES","CARCHARHINIFORMES","SCYLIOORHINIDAE","Poroderma","africanum","2020","12","12","2020","12","12","11:8","LONG BEACH","18.42739741422742","-34.18826633157724",NA,NA,NA,"PA_018","LONG BEACH",NA,"CAPERADD","UVC"
"2020-12-17","http://fin.caperadd.com/encounters/encounter.jsp?number=cd701e33-5347-474c-841a-5ac2b5a34db2","PORODERMA AFRICANUM","ANIMALIA","CHORDATA","CHONDRICHTHYES","CARCHARHINIFORMES","SCYLIOORHINIDAE","Poroderma","africanum","2020","12","12","2020","12","12","11:17","LONG BEACH","18.427776783540864","-34.188402305839844",NA,NA,NA,"PA_020","LONG BEACH",NA,"CAPERADD","UVC"
"2020-12-17","http://fin.caperadd.com/encounters/encounter.jsp?number=e9495c98-a642-497b-810c-0dd6d631f608","HAPLOBLEPHARUS EDWARDSII","ANIMALIA","CHORDATA","CHONDRICHTHYES","CARCHARHINIFORMES","SCYLIOORHINIDAE","Haploblepharus","edwardsii","2020","12","12","2020","12","12","11:17","LONG BEACH","18.427776783540864","-34.188402305839844",NA,NA,NA,"HE_089","LONG BEACH",NA,"CAPERADD","UVC"
"2020-12-17","http://fin.caperadd.com/encounters/encounter.jsp?number=fe8f478b-96f9-47c6-9720-ca42f25341b2","PORODERMA AFRICANUM","ANIMALIA","CHORDATA","CHONDRICHTHYES","CARCHARHINIFORMES","SCYLIOORHINIDAE","Poroderma","africanum","2020","12","12","2020","12","12","11:17","LONG BEACH","18.427776783540864","-34.188402305839844",NA,NA,NA,"PA_019","LONG BEACH",NA,"CAPERADD","UVC"
"2020-12-17","http://fin.caperadd.com/encounters/encounter.jsp?number=407e5668-5f4e-4b36-93c8-c4bf92c964df","HAPLOBLEPHARUS EDWARDSII","ANIMALIA","CHORDATA","CHONDRICHTHYES","CARCHARHINIFORMES","SCYLIOORHINIDAE","Haploblepharus","edwardsii","2020","12","1","2020","12","1","15:9","A FRAME","18.462182241295658","-34.2077692946513","male",NA,NA,"HE_083","A-FRAME",NA,"CAPERADD","UVC"
"2020-12-17","http://fin.caperadd.com/encounters/encounter.jsp?number=c50292f4-bbeb-4ce1-8380-aa4068f8fcdb","HAPLOBLEPHARUS EDWARDSII","ANIMALIA","CHORDATA","CHONDRICHTHYES","CARCHARHINIFORMES","SCYLIOORHINIDAE","Haploblepharus","edwardsii","2020","12","1","2020","12","1","15:40","A FRAME","18.46243479526228","-34.20827768120941",NA,NA,NA,"HE_082","A-FRAME",NA,"CAPERADD","UVC"
"2020-12-15","http://fin.caperadd.com/encounters/encounter.jsp?number=d94adc3b-58d7-4896-acc0-29bf858f30db","PORODERMA AFRICANUM","ANIMALIA","CHORDATA","CHONDRICHTHYES","CARCHARHINIFORMES","SCYLIOORHINIDAE","Poroderma","africanum","2020","11","30","2020","11","30","16:57","WINDMILL BEACH, CAPE TOWN","18.457534427699787","-34.201108614720155",NA,NA,NA,"PA_012","WINDMILL BEACH",NA,"CAPERADD","UVC"
"2020-12-17","http://fin.caperadd.com/encounters/encounter.jsp?number=b9d325c7-5212-433d-adde-df0e72d11b83","HAPLOBLEPHARUS PICTUS","ANIMALIA","CHORDATA","CHONDRICHTHYES","CARCHARHINIFORMES","SCYLIOORHINIDAE","Haploblepharus","pictus","2020","11","29","2020","11","29","12:1","THE BOS  400","18.308415412902832","-34.0369776158234",NA,NA,NA,"HP_032",NA,NA,"CAPERADD","UVC"
"2020-12-17","http://fin.caperadd.com/encounters/encounter.jsp?number=0540a577-32c5-4c03-8c9c-4e83cd32e7ce","HAPLOBLEPHARUS PICTUS","ANIMALIA","CHORDATA","CHONDRICHTHYES","CARCHARHINIFORMES","SCYLIOORHINIDAE","Haploblepharus","pictus","2020","11","27","2020","11","27","14:51","FALSE BAY YACHT CLUB","18.433728378864878","-34.19150910323757",NA,NA,NA,"HP_027",NA,NA,"CAPERADD","UVC"
"2020-12-17","http://fin.caperadd.com/encounters/encounter.jsp?number=0e4cae55-19f5-4e98-8a1b-83e1c9c9ec27","HAPLOBLEPHARUS PICTUS","ANIMALIA","CHORDATA","CHONDRICHTHYES","CARCHARHINIFORMES","SCYLIOORHINIDAE","Haploblepharus","pictus","2020","11","27","2020","11","27","14:36","FALSE BAY YACHT CLUB","18.4341728925985","-34.190876928651015",NA,NA,NA,"HP_026",NA,NA,"CAPERADD","UVC"
"2020-12-17","http://fin.caperadd.com/encounters/encounter.jsp?number=197ade22-f4b3-49c9-96bc-dff346123841","HAPLOBLEPHARUS EDWARDSII","ANIMALIA","CHORDATA","CHONDRICHTHYES","CARCHARHINIFORMES","SCYLIOORHINIDAE","Haploblepharus","edwardsii","2020","11","27","2020","11","27","14:7","FALSE BAY YACHT CLUB","18.433854074657372","-34.19207469931681",NA,NA,NA,"HE_077",NA,NA,"CAPERADD","UVC"
"2020-12-17","http://fin.caperadd.com/encounters/encounter.jsp?number=42b28692-ccea-43a6-9dd2-5e356c0cdf13","HAPLOBLEPHARUS EDWARDSII","ANIMALIA","CHORDATA","CHONDRICHTHYES","CARCHARHINIFORMES","SCYLIOORHINIDAE","Haploblepharus","edwardsii","2020","11","27","2020","11","27","14:7","FALSE BAY YACHT CLUB","18.43439833508494","-34.19144353781961",NA,NA,NA,"HE_077",NA,NA,"CAPERADD","UVC"
"2020-12-17","http://fin.caperadd.com/encounters/encounter.jsp?number=5096e892-323b-4724-9ed7-7e1c2f3f74cf","HAPLOBLEPHARUS EDWARDSII","ANIMALIA","CHORDATA","CHONDRICHTHYES","CARCHARHINIFORMES","SCYLIOORHINIDAE","Haploblepharus","edwardsii","2020","11","27","2020","11","27","14:16","FALSE BAY YACHT CLUB","18.434544349615244","-34.19117043882623",NA,NA,NA,"HE_078",NA,NA,"CAPERADD","UVC"
"2020-12-17","http://fin.caperadd.com/encounters/encounter.jsp?number=67b08b3d-bb15-4ec6-a5aa-96c75ffbc1a2","HAPLOBLEPHARUS PICTUS","ANIMALIA","CHORDATA","CHONDRICHTHYES","CARCHARHINIFORMES","SCYLIOORHINIDAE","Haploblepharus","pictus","2020","11","27","2020","11","27","14:43","FALSE BAY YACHT CLUB","18.433861497146314","-34.19206355402266",NA,NA,NA,"HP_028",NA,NA,"CAPERADD","UVC"
"2020-12-11","http://fin.caperadd.com/encounters/encounter.jsp?number=03dcb3f7-e699-42cf-8f43-a37fe074b1c4","HAPLOBLEPHARUS PICTUS","ANIMALIA","CHORDATA","CHONDRICHTHYES","CARCHARHINIFORMES","SCYLIOORHINIDAE","Haploblepharus","pictus","2020","11","26","2020","11","26","14:13","LONG BEACH","18.429313235504402","-34.18641475826549",NA,NA,NA,"HP_016","LONG BEACH",NA,"CAPERADD","UVC"
"2020-12-11","http://fin.caperadd.com/encounters/encounter.jsp?number=0c4970cc-6596-4b20-9077-77933b00aeac","HAPLOBLEPHARUS PICTUS","ANIMALIA","CHORDATA","CHONDRICHTHYES","CARCHARHINIFORMES","SCYLIOORHINIDAE","Haploblepharus","pictus","2020","11","26","2020","11","26","14:29","LONG BEACH","18.427956193687486","-34.186987072459324",NA,NA,NA,"HP_018","LONG BEACH",NA,"CAPERADD","UVC"
"2020-12-11","http://fin.caperadd.com/encounters/encounter.jsp?number=13fdf95a-3f63-41ca-aa30-714dbdc90ffd","HAPLOBLEPHARUS PICTUS","ANIMALIA","CHORDATA","CHONDRICHTHYES","CARCHARHINIFORMES","SCYLIOORHINIDAE","Haploblepharus","pictus","2020","11","26","2020","11","26","14:31","LONG BEACH","18.42908499977245","-34.18659531865874",NA,NA,NA,"HP_019","LONG BEACH",NA,"CAPERADD","UVC"
"2020-12-11","http://fin.caperadd.com/encounters/encounter.jsp?number=17ee2a88-78b6-49df-ba9c-11729d1dd120","HAPLOBLEPHARUS EDWARDSII","ANIMALIA","CHORDATA","CHONDRICHTHYES","CARCHARHINIFORMES","SCYLIOORHINIDAE","Haploblepharus","edwardsii","2020","11","26","2020","11","26","14:27","LONG BEACH","18.42952645654015","-34.18659551486899","male",NA,NA,"HE_060","LONG BEACH",NA,"CAPERADD","UVC"
"2020-12-11","http://fin.caperadd.com/encounters/encounter.jsp?number=201167b3-d4dc-438e-8a25-6c954ee6ab8b","HAPLOBLEPHARUS PICTUS","ANIMALIA","CHORDATA","CHONDRICHTHYES","CARCHARHINIFORMES","SCYLIOORHINIDAE","Haploblepharus","pictus","2020","11","26","2020","11","26","14:36","LONG BEACH","18.42789821429076","-34.18820884753425",NA,NA,NA,"HP_021","LONG BEACH",NA,"CAPERADD","UVC"
"2020-12-11","http://fin.caperadd.com/encounters/encounter.jsp?number=34e97984-52f5-4b1b-be3d-ea6fab97584b","HAPLOBLEPHARUS PICTUS","ANIMALIA","CHORDATA","CHONDRICHTHYES","CARCHARHINIFORMES","SCYLIOORHINIDAE","Haploblepharus","pictus","2020","11","26","2020","11","26","14:21","LONG BEACH","18.428063154220595","-34.18662640640648",NA,NA,NA,"HP_017","LONG BEACH",NA,"CAPERADD","UVC"
"2020-12-11","http://fin.caperadd.com/encounters/encounter.jsp?number=58464f59-aa88-4923-9dcf-34a944568412","HAPLOBLEPHARUS EDWARDSII","ANIMALIA","CHORDATA","CHONDRICHTHYES","CARCHARHINIFORMES","SCYLIOORHINIDAE","Haploblepharus","edwardsii","2020","11","26","2020","11","26","14:26","LONG BEACH","18.42849608151273","-34.186882338722455","male",NA,NA,"HE_059","LONG BEACH",NA,"CAPERADD","UVC"
"2020-12-11","http://fin.caperadd.com/encounters/encounter.jsp?number=5b92f1f9-2b0a-4ed6-9d83-8dd8210a4346","HAPLOBLEPHARUS EDWARDSII","ANIMALIA","CHORDATA","CHONDRICHTHYES","CARCHARHINIFORMES","SCYLIOORHINIDAE","Haploblepharus","edwardsii","2020","11","26","2020","11","26","14:25","LONG BEACH","18.428682265344683","-34.18674627618421",NA,NA,NA,"HE_058","LONG BEACH",NA,"CAPERADD","UVC"
"2020-12-11","http://fin.caperadd.com/encounters/encounter.jsp?number=76836027-8f0c-4bba-b0d9-cec53f445f7b","HAPLOBLEPHARUS EDWARDSII","ANIMALIA","CHORDATA","CHONDRICHTHYES","CARCHARHINIFORMES","SCYLIOORHINIDAE","Haploblepharus","edwardsii","2020","11","26","2020","11","26","14:38","LONG BEACH","18.427869815179697","-34.18835730274483",NA,NA,NA,"HE_061","LONG BEACH",NA,"CAPERADD","UVC"
"2020-12-11","http://fin.caperadd.com/encounters/encounter.jsp?number=79273a48-5283-49b7-a846-96de0dba39d4","HAPLOBLEPHARUS EDWARDSII","ANIMALIA","CHORDATA","CHONDRICHTHYES","CARCHARHINIFORMES","SCYLIOORHINIDAE","Haploblepharus","edwardsii","2020","11","26","2020","11","26","14:45","LONG BEACH","18.4276756394283","-34.18817913078058",NA,NA,NA,"HE_062","LONG BEACH",NA,"CAPERADD","UVC"
"2020-12-11","http://fin.caperadd.com/encounters/encounter.jsp?number=b0365b48-285b-414a-8492-984c0fe14f84","HAPLOBLEPHARUS PICTUS","ANIMALIA","CHORDATA","CHONDRICHTHYES","CARCHARHINIFORMES","SCYLIOORHINIDAE","Haploblepharus","pictus","2020","11","26","2020","11","26","14:12","LONG BEACH","18.428245544433608","-34.18841026641175",NA,NA,NA,"HP_020","LONG BEACH",NA,"CAPERADD","UVC"
"2020-12-11","http://fin.caperadd.com/encounters/encounter.jsp?number=d32b4d8c-cb10-43df-82b6-ec3c9ce2c3e3","PORODERMA AFRICANUM","ANIMALIA","CHORDATA","CHONDRICHTHYES","CARCHARHINIFORMES","SCYLIOORHINIDAE","Poroderma","africanum","2020","11","26","2020","11","26","14:36","LONG BEACH","18.428142599865097","-34.18817480834962",NA,NA,NA,"PA_008","LONG BEACH",NA,"CAPERADD","UVC"
"2020-12-17","http://fin.caperadd.com/encounters/encounter.jsp?number=40441a65-32c1-45d3-906c-4eb85b169448","HAPLOBLEPHARUS EDWARDSII","ANIMALIA","CHORDATA","CHONDRICHTHYES","CARCHARHINIFORMES","SCYLIOORHINIDAE","Haploblepharus","edwardsii","2020","11","25","2020","11","25","10:4","LONG BEACH","18.42935391675741","-34.186209714233875",NA,NA,NA,"HE_085","LONG BEACH",NA,"CAPERADD","UVC"
"2020-12-17","http://fin.caperadd.com/encounters/encounter.jsp?number=7846fa63-8454-4702-9b9e-c7528ec9a4f9","HAPLOBLEPHARUS PICTUS","ANIMALIA","CHORDATA","CHONDRICHTHYES","CARCHARHINIFORMES","SCYLIOORHINIDAE","Haploblepharus","pictus","2020","11","25","2020","11","25","9:59","LONG BEACH","18.42944785526822","-34.185685307824116",NA,NA,NA,"HP_034","LONG BEACH",NA,"CAPERADD","UVC"
"2020-12-17","http://fin.caperadd.com/encounters/encounter.jsp?number=7983f2a7-3e7c-4dca-b81f-4f2c004c77ce","HAPLOBLEPHARUS EDWARDSII","ANIMALIA","CHORDATA","CHONDRICHTHYES","CARCHARHINIFORMES","SCYLIOORHINIDAE","Haploblepharus","edwardsii","2020","11","25","2020","11","25","9:57","LONG BEACH","18.429421873684973","-34.186328920578596",NA,NA,NA,"HE_086","LONG BEACH",NA,"CAPERADD","UVC"
"2020-12-17","http://fin.caperadd.com/encounters/encounter.jsp?number=d6eb3301-e4a5-4d8d-a05b-da0de6bd0b7d","PORODERMA AFRICANUM","ANIMALIA","CHORDATA","CHONDRICHTHYES","CARCHARHINIFORMES","SCYLIOORHINIDAE","Poroderma","africanum","2020","11","22","2020","11","22","14:14","CAPE POINT","18.463806425728567","-34.30604607168435",NA,NA,NA,"PA_013",NA,NA,"CAPERADD","UVC"
"2020-12-14","http://fin.caperadd.com/encounters/encounter.jsp?number=7216c41a-02db-4776-8c79-54cb1a2afe8e","HAPLOBLEPHARUS EDWARDSII","ANIMALIA","CHORDATA","CHONDRICHTHYES","CARCHARHINIFORMES","SCYLIOORHINIDAE","Haploblepharus","edwardsii","2020","11","2","2020","11","2","18:30","MUIZENBERG BEACH","18.46951829948394","-34.10888265831841",NA,NA,NA,"HE_075",NA,NA,"CAPERADD","UVC"
"2020-12-14","http://fin.caperadd.com/encounters/encounter.jsp?number=f2a72a28-4b49-49f3-a8a9-99288c6149a9","HAPLOBLEPHARUS EDWARDSII","ANIMALIA","CHORDATA","CHONDRICHTHYES","CARCHARHINIFORMES","SCYLIOORHINIDAE","Haploblepharus","edwardsii","2020","10","25","2020","10","25","10:13","GLENCAIRN BEACH","18.432789601448274","-34.16234035212007",NA,"Swimming through the kelp - this individual came to rest a metre away from another individual.",NA,"HE_074",NA,NA,"CAPERADD","UVC"
"2020-12-14","http://fin.caperadd.com/encounters/encounter.jsp?number=1dd3f269-f88c-4448-8e62-54bfb63acddc","HAPLOBLEPHARUS PICTUS","ANIMALIA","CHORDATA","CHONDRICHTHYES","CARCHARHINIFORMES","SCYLIOORHINIDAE","Haploblepharus","pictus","2020","10","24","2020","10","24","14:2","MILLERS POINT","18.475479256189463","-34.23404052958355",NA,"We spotted to look at a small octopus exposed and hiding among the rocks - 1m away was this shy shark. I assume a hunt was unfortunately intercepted.",NA,"HP_025","MILLER'S POINT",NA,"CAPERADD","UVC"
"2020-12-14","http://fin.caperadd.com/encounters/encounter.jsp?number=4956b145-ed3a-471e-852f-04459de3907f","HAPLOBLEPHARUS EDWARDSII","ANIMALIA","CHORDATA","CHONDRICHTHYES","CARCHARHINIFORMES","SCYLIOORHINIDAE","Haploblepharus","edwardsii","2020","10","24","2020","10","24","11:5","FROGGY POND","18.459174465783445","-34.204831832742734",NA,NA,NA,"HE_073","A-FRAME",NA,"CAPERADD","UVC"
"2020-12-14","http://fin.caperadd.com/encounters/encounter.jsp?number=e60b01d7-ae19-475b-a2c7-aba05ca4aefa","HAPLOBLEPHARUS EDWARDSII","ANIMALIA","CHORDATA","CHONDRICHTHYES","CARCHARHINIFORMES","SCYLIOORHINIDAE","Haploblepharus","edwardsii","2020","10","24","2020","10","24","11:8","FROGGY POND","18.459384544117214","-34.204822667281405",NA,"A small individual that was approx. 20cm",NA,"HE_072","A-FRAME",NA,"CAPERADD","UVC"
"2020-11-09","http://fin.caperadd.com/encounters/encounter.jsp?number=613cfb40-b65e-4367-9eed-e88d6b94a307","HAPLOBLEPHARUS EDWARDSII","ANIMALIA","CHORDATA","CHONDRICHTHYES","CARCHARHINIFORMES","SCYLIOORHINIDAE","Haploblepharus","edwardsii","2020","10","18","2020","10","18","11:31","WINDMILL BEACH - RIGHT HAND-SIDE","18.457373452067642","-34.2012899914592","male","Believe that this shark was male as I think the clasps were exposed. However couldn't get a good picture as I was snorkelling.",NA,"HE_056","WINDMILL BEACH",NA,"CAPERADD","UVC"
"2020-10-22","http://fin.caperadd.com/encounters/encounter.jsp?number=ab26918b-9809-4d16-86d0-0d9de09014e7","HAPLOBLEPHARUS PICTUS","ANIMALIA","CHORDATA","CHONDRICHTHYES","CARCHARHINIFORMES","SCYLIOORHINIDAE","Haploblepharus","pictus","2020","10","17","2020","10","17","11:51","LONG BEACH","18.4281589","-34.1883333",NA,NA,NA,"HP_012","LONG BEACH",NA,"CAPERADD","UVC"
"2020-11-03","http://fin.caperadd.com/encounters/encounter.jsp?number=92be4fd0-43e3-4518-bee1-957d4681a119","HAPLOBLEPHARUS PICTUS","ANIMALIA","CHORDATA","CHONDRICHTHYES","CARCHARHINIFORMES","SCYLIOORHINIDAE","Haploblepharus","pictus","2020","10","13","2020","10","13","11:15","COSY BEACH","18.361693208352943","-33.981259715129504",NA,NA,NA,"HP_015",NA,NA,"CAPERADD","UVC"
"2020-11-03","http://fin.caperadd.com/encounters/encounter.jsp?number=c5a09c91-ecf2-4219-97ed-794278ee86bf","HAPLOBLEPHARUS PICTUS","ANIMALIA","CHORDATA","CHONDRICHTHYES","CARCHARHINIFORMES","SCYLIOORHINIDAE","Haploblepharus","pictus","2020","10","13","2020","10","13","11:9","COSY BEACH","18.361534526747366","-33.98135566606083",NA,NA,NA,"HP_014",NA,NA,"CAPERADD","UVC"
"2020-10-22","http://fin.caperadd.com/encounters/encounter.jsp?number=0ba068eb-f83c-409c-a8df-9373309ed6ad","HAPLOBLEPHARUS EDWARDSII","ANIMALIA","CHORDATA","CHONDRICHTHYES","CARCHARHINIFORMES","SCYLIOORHINIDAE","Haploblepharus","edwardsii","2020","10","12","2020","10","12","14:52","MILLER'S POINT","18.47614794060754","-34.23407517460081",NA,NA,NA,"HE_055","MILLER'S POINT",NA,"CAPERADD","UVC"
"2020-10-22","http://fin.caperadd.com/encounters/encounter.jsp?number=e43b8b4a-0ddb-44fa-ab14-ac704096b317","HAPLOBLEPHARUS EDWARDSII","ANIMALIA","CHORDATA","CHONDRICHTHYES","CARCHARHINIFORMES","SCYLIOORHINIDAE","Haploblepharus","edwardsii","2020","10","12","2020","10","12","14:54","MILLER'S POINT","18.47643086826896","-34.23438816263257",NA,NA,NA,"HE_054","MILLER'S POINT",NA,"CAPERADD","UVC"
"2020-10-09","http://fin.caperadd.com/encounters/encounter.jsp?number=9e53d9a9-1294-424c-b1f0-6e6272cea3b7","HAPLOBLEPHARUS EDWARDSII","ANIMALIA","CHORDATA","CHONDRICHTHYES","CARCHARHINIFORMES","SCYLIOORHINIDAE","Haploblepharus","edwardsii","2020","10","7","2020","10","7",NA,"LONG BEACH","18.42789","-34.188256",NA,NA,NA,"HE_045","LONG BEACH",NA,"CAPERADD","UVC"
"2020-10-09","http://fin.caperadd.com/encounters/encounter.jsp?number=a02e7b1c-a393-4800-b91c-ba08db361ad1","HAPLOBLEPHARUS EDWARDSII","ANIMALIA","CHORDATA","CHONDRICHTHYES","CARCHARHINIFORMES","SCYLIOORHINIDAE","Haploblepharus","edwardsii","2020","10","7","2020","10","7",NA,"LONG BEACH","18.42789","-34.188256",NA,NA,NA,"HE_053","LONG BEACH",NA,"CAPERADD","UVC"
"2020-10-09","http://fin.caperadd.com/encounters/encounter.jsp?number=12f0c463-a113-428a-9913-7200d507d509","HAPLOBLEPHARUS EDWARDSII","ANIMALIA","CHORDATA","CHONDRICHTHYES","CARCHARHINIFORMES","SCYLIOORHINIDAE","Haploblepharus","edwardsii","2020","10","6","2020","10","6","15:17","LONG BEACH","18.42789","-34.188256",NA,NA,NA,"HE_049","LONG BEACH",NA,"CAPERADD","UVC"
"2020-10-09","http://fin.caperadd.com/encounters/encounter.jsp?number=6004b5dc-6cde-432a-8e36-197263cba512","HAPLOBLEPHARUS EDWARDSII","ANIMALIA","CHORDATA","CHONDRICHTHYES","CARCHARHINIFORMES","SCYLIOORHINIDAE","Haploblepharus","edwardsii","2020","10","6","2020","10","6","15:15","LONG BEACH","18.42789","-34.188256",NA,NA,NA,"HE_051","LONG BEACH",NA,"CAPERADD","UVC"
"2020-10-09","http://fin.caperadd.com/encounters/encounter.jsp?number=68183934-3e43-45ee-adde-6b6b94cd471f","HAPLOBLEPHARUS EDWARDSII","ANIMALIA","CHORDATA","CHONDRICHTHYES","CARCHARHINIFORMES","SCYLIOORHINIDAE","Haploblepharus","edwardsii","2020","10","6","2020","10","6","15:16","LONG BEACH","18.42789","-34.188256",NA,NA,NA,"HE_052","LONG BEACH",NA,"CAPERADD","UVC"
"2020-10-09","http://fin.caperadd.com/encounters/encounter.jsp?number=78c00cab-bee0-43a9-83b8-d86e906913a6","HAPLOBLEPHARUS EDWARDSII","ANIMALIA","CHORDATA","CHONDRICHTHYES","CARCHARHINIFORMES","SCYLIOORHINIDAE","Haploblepharus","edwardsii","2020","10","6","2020","10","6","15:16","LONG BEACH","18.42789","-34.188256",NA,NA,NA,"HE_050","LONG BEACH",NA,"CAPERADD","UVC"
"2020-10-09","http://fin.caperadd.com/encounters/encounter.jsp?number=b6e4f907-26d5-45b7-b2bd-7185aa12798d","HAPLOBLEPHARUS EDWARDSII","ANIMALIA","CHORDATA","CHONDRICHTHYES","CARCHARHINIFORMES","SCYLIOORHINIDAE","Haploblepharus","edwardsii","2020","10","6","2020","10","6","14:33","LONG BEACH","18.42789","-34.188256",NA,NA,NA,"HE_045","LONG BEACH",NA,"CAPERADD","UVC"
"2020-10-09","http://fin.caperadd.com/encounters/encounter.jsp?number=6de663cc-0905-4274-927f-aa7a7d77e4f3","HAPLOBLEPHARUS EDWARDSII","ANIMALIA","CHORDATA","CHONDRICHTHYES","CARCHARHINIFORMES","SCYLIOORHINIDAE","Haploblepharus","edwardsii","2020","10","5","2020","10","5",NA,"LONG BEACH","18.42789","-34.188256",NA,NA,NA,"HE_045","LONG BEACH",NA,"CAPERADD","UVC"
"2020-10-22","http://fin.caperadd.com/encounters/encounter.jsp?number=b42cd52a-a450-4c88-8ed8-ea5a031d1173","HAPLOBLEPHARUS EDWARDSII","ANIMALIA","CHORDATA","CHONDRICHTHYES","CARCHARHINIFORMES","SCYLIOORHINIDAE","Haploblepharus","edwardsii","2020","10","5","2020","10","5",NA,"LONG BEACH","18.42789","-34.188256",NA,NA,NA,"HE_053","LONG BEACH",NA,"CAPERADD","UVC"
"2020-10-09","http://fin.caperadd.com/encounters/encounter.jsp?number=9b312cf3-b5bb-4d21-ab65-9b34667b790d","HAPLOBLEPHARUS FUSCUS","ANIMALIA","CHORDATA","CHONDRICHTHYES","CARCHARHINIFORMES","SCYLIOORHINIDAE","Haploblepharus","fuscus","2020","10","4","2020","10","4","14:28","JUSTIN'S CAVES, OUDEKRAAL","18.35740034354519","-33.98338681796226",NA,"Hope these photos are clear enough!",NA,"HP_007",NA,NA,"CAPERADD","UVC"
"2020-10-09","http://fin.caperadd.com/encounters/encounter.jsp?number=b51158b0-7241-4ff1-b2ac-8030aae5e6af","HAPLOBLEPHARUS EDWARDSII","ANIMALIA","CHORDATA","CHONDRICHTHYES","CARCHARHINIFORMES","SCYLIOORHINIDAE","Haploblepharus","edwardsii","2020","10","4","2020","10","4",NA,"WINDMILL BEACH","18.456684957450125","-34.20050135821134",NA,NA,NA,"HE_044","WINDMILL BEACH",NA,"CAPERADD","UVC"
"2020-11-09","http://fin.caperadd.com/encounters/encounter.jsp?number=f73cdddb-35c4-402f-a937-e4b2b8057ac8","HAPLOBLEPHARUS EDWARDSII","ANIMALIA","CHORDATA","CHONDRICHTHYES","CARCHARHINIFORMES","SCYLIOORHINIDAE","Haploblepharus","edwardsii","2020","10","4","2020","10","4","11:40","WINDMILL","18.457609231119683","-34.2013703152983",NA,NA,NA,"HE_043","WINDMILL BEACH",NA,"CAPERADD","UVC"
"2020-09-30","http://fin.caperadd.com/encounters/encounter.jsp?number=090bd9d0-ae68-4e4f-b629-99310657a930","HAPLOBLEPHARUS PICTUS","ANIMALIA","CHORDATA","CHONDRICHTHYES","CARCHARHINIFORMES","SCYLIOORHINIDAE","Haploblepharus","pictus","2020","9","27","2020","9","27","11:46","CLAN STUART WRECK","18.43068681050694","-34.171664757478375",NA,NA,NA,"HP_006",NA,NA,"CAPERADD","UVC"
"2020-09-30","http://fin.caperadd.com/encounters/encounter.jsp?number=7c7b906b-3840-4eb7-b51f-f0925888af31","HAPLOBLEPHARUS EDWARDSII","ANIMALIA","CHORDATA","CHONDRICHTHYES","CARCHARHINIFORMES","SCYLIOORHINIDAE","Haploblepharus","edwardsii","2020","9","27","2020","9","27","12:9","CLAN STUART WRECK","18.43070180252505","-34.171608640681846",NA,NA,NA,"HE_040",NA,NA,"CAPERADD","UVC"
"2020-09-30","http://fin.caperadd.com/encounters/encounter.jsp?number=a1b8e67d-0c3b-438c-9620-10d130001df9","HAPLOBLEPHARUS EDWARDSII","ANIMALIA","CHORDATA","CHONDRICHTHYES","CARCHARHINIFORMES","SCYLIOORHINIDAE","Haploblepharus","edwardsii","2020","9","27","2020","9","27","11:47","CLAN STUART WRECK","18.430670065517706","-34.17160802473375",NA,NA,NA,"HE_041",NA,NA,"CAPERADD","UVC"
"2020-09-30","http://fin.caperadd.com/encounters/encounter.jsp?number=a84c6a3f-ce09-45fa-b4c5-3f7daba30f5b","HAPLOBLEPHARUS EDWARDSII","ANIMALIA","CHORDATA","CHONDRICHTHYES","CARCHARHINIFORMES","SCYLIOORHINIDAE","Haploblepharus","edwardsii","2020","9","27","2020","9","27","11:48","CLAN STUART WRECK","18.43068487888676","-34.17164461767049",NA,NA,NA,"HE_042",NA,NA,"CAPERADD","UVC"
"2020-09-15","http://fin.caperadd.com/encounters/encounter.jsp?number=21423293-172a-4d75-ab5e-f7c1bca17886","PORODERMA AFRICANUM","ANIMALIA","CHORDATA","CHONDRICHTHYES","CARCHARHINIFORMES","SCYLIOORHINIDAE","Poroderma","africanum","2020","8","29","2020","8","29","14:51","CLAN STUART WRECK","18.430866460195187","-34.17211089524355",NA,"Hook in right corner of mouth",NA,"PA_005",NA,NA,"CAPERADD","UVC"
"2020-09-15","http://fin.caperadd.com/encounters/encounter.jsp?number=7fd62fe0-422e-4d13-8328-9617acca009c","HAPLOBLEPHARUS EDWARDSII","ANIMALIA","CHORDATA","CHONDRICHTHYES","CARCHARHINIFORMES","SCYLIOORHINIDAE","Haploblepharus","edwardsii","2020","8","29","2020","8","29","14:59","CLAN STUART WRECK","18.430728411532446","-34.17167078990597",NA,NA,NA,"HE_029",NA,NA,"CAPERADD","UVC"
"2020-09-15","http://fin.caperadd.com/encounters/encounter.jsp?number=e4af85d1-a7d5-466f-8119-eec18d61ade8","HAPLOBLEPHARUS EDWARDSII","ANIMALIA","CHORDATA","CHONDRICHTHYES","CARCHARHINIFORMES","SCYLIOORHINIDAE","Haploblepharus","edwardsii","2020","8","29","2020","8","29","14:59","CLAN STUART WRECK","18.430728411532446","-34.17167078990597",NA,NA,NA,"HE_028",NA,NA,"CAPERADD","UVC"
"2020-09-23","http://fin.caperadd.com/encounters/encounter.jsp?number=2e3b08d0-d795-4091-a754-b3209a809d38","HAPLOBLEPHARUS EDWARDSII","ANIMALIA","CHORDATA","CHONDRICHTHYES","CARCHARHINIFORMES","SCYLIOORHINIDAE","Haploblepharus","edwardsii","2020","8","22","2020","8","22","10:3","WINDMILL BEACH - RIGHT HAND-SIDE","18.457972659922937","-34.20125609136407",NA,NA,NA,"HE_035","WINDMILL BEACH",NA,"CAPERADD","UVC"
"2020-09-23","http://fin.caperadd.com/encounters/encounter.jsp?number=4e369ddc-cf0c-4345-ac35-95f225dd4885","HAPLOBLEPHARUS EDWARDSII","ANIMALIA","CHORDATA","CHONDRICHTHYES","CARCHARHINIFORMES","SCYLIOORHINIDAE","Haploblepharus","edwardsii","2020","8","22","2020","8","22","10:3","WINDMILL BEACH - RIGHT HAND-SIDE","18.457972659922937","-34.20125609136407",NA,NA,NA,"HE_036","WINDMILL BEACH",NA,"CAPERADD","UVC"
"2020-09-15","http://fin.caperadd.com/encounters/encounter.jsp?number=48c8c396-4c0d-458e-85c3-4212ca8bb837","HAPLOBLEPHARUS EDWARDSII","ANIMALIA","CHORDATA","CHONDRICHTHYES","CARCHARHINIFORMES","SCYLIOORHINIDAE","Haploblepharus","edwardsii","2020","3","20","2020","3","20","11:28",NA,"18.462538294946622","-34.20779866015713",NA,NA,NA,"HE_033","A-FRAME",NA,"CAPERADD","UVC"
"2020-09-15","http://fin.caperadd.com/encounters/encounter.jsp?number=597d2814-76ef-4879-bee6-6e2bff96ea18","HAPLOBLEPHARUS EDWARDSII","ANIMALIA","CHORDATA","CHONDRICHTHYES","CARCHARHINIFORMES","SCYLIOORHINIDAE","Haploblepharus","edwardsii","2020","3","4","2020","3","4","11:42","LONG BEACH","18.427675","-34.188245",NA,"https://www.inaturalist.org/observations/39752935",NA,"HE_023","LONG BEACH",NA,"CAPERADD","UVC"
"2020-09-15","http://fin.caperadd.com/encounters/encounter.jsp?number=59caf0cc-abb6-4861-b655-aba6fa6fd463","HAPLOBLEPHARUS EDWARDSII","ANIMALIA","CHORDATA","CHONDRICHTHYES","CARCHARHINIFORMES","SCYLIOORHINIDAE","Haploblepharus","edwardsii","2020","3","4","2020","3","4","11:50","LONG BEACH","18.427675","-34.188245",NA,"https://www.inaturalist.org/observations/39752941",NA,"HE_004","LONG BEACH",NA,"CAPERADD","UVC"
"2020-09-15","http://fin.caperadd.com/encounters/encounter.jsp?number=5c01371b-c0de-41cf-9f15-0c36fdbd948f","HAPLOBLEPHARUS EDWARDSII","ANIMALIA","CHORDATA","CHONDRICHTHYES","CARCHARHINIFORMES","SCYLIOORHINIDAE","Haploblepharus","edwardsii","2020","3","4","2020","3","4","11:39","LONG BEACH","18.427675","-34.188245",NA,"https://www.inaturalist.org/observations/39752928",NA,"HE_021","LONG BEACH",NA,"CAPERADD","UVC"
"2020-09-15","http://fin.caperadd.com/encounters/encounter.jsp?number=6f3aa5c0-5acc-45d1-8c24-2bed08df2aaa","HAPLOBLEPHARUS EDWARDSII","ANIMALIA","CHORDATA","CHONDRICHTHYES","CARCHARHINIFORMES","SCYLIOORHINIDAE","Haploblepharus","edwardsii","2020","3","4","2020","3","4","11:36","LONG BEACH","18.427675","-34.188245",NA,"https://www.inaturalist.org/observations/39752927",NA,"HE_022","LONG BEACH",NA,"CAPERADD","UVC"
"2020-09-15","http://fin.caperadd.com/encounters/encounter.jsp?number=e1bbe972-edf2-4bef-8e9f-e1d19871502a","HAPLOBLEPHARUS EDWARDSII","ANIMALIA","CHORDATA","CHONDRICHTHYES","CARCHARHINIFORMES","SCYLIOORHINIDAE","Haploblepharus","edwardsii","2020","3","4","2020","3","4","14:4","LONG BEACH","18.427289768118396","-34.18818502804255",NA,"https://www.inaturalist.org/observations/39752959",NA,"HE_002","LONG BEACH",NA,"CAPERADD","UVC"
"2020-09-15","http://fin.caperadd.com/encounters/encounter.jsp?number=2198a016-b6c0-4ee9-b431-43ab763bce6a","HAPLOBLEPHARUS EDWARDSII","ANIMALIA","CHORDATA","CHONDRICHTHYES","CARCHARHINIFORMES","SCYLIOORHINIDAE","Haploblepharus","edwardsii","2020","2","26","2020","2","26","11:30","LONG BEACH","18.427692","-34.188288",NA,"https://www.inaturalist.org/observations/39751641",NA,"HE_019","LONG BEACH",NA,"CAPERADD","UVC"
"2020-09-15","http://fin.caperadd.com/encounters/encounter.jsp?number=8cd728e3-fff6-4d96-a71d-ec9ef557178d","PORODERMA AFRICANUM","ANIMALIA","CHORDATA","CHONDRICHTHYES","CARCHARHINIFORMES","SCYLIOORHINIDAE","Poroderma","africanum","2020","2","26","2020","2","26","11:30","LONG BEACH","18.427692","-34.188288",NA,NA,NA,"PA_004","LONG BEACH",NA,"CAPERADD","UVC"
"2020-09-15","http://fin.caperadd.com/encounters/encounter.jsp?number=cf004cb9-60ab-4f35-907f-3aef49e7e111","HAPLOBLEPHARUS EDWARDSII","ANIMALIA","CHORDATA","CHONDRICHTHYES","CARCHARHINIFORMES","SCYLIOORHINIDAE","Haploblepharus","edwardsii","2020","2","26","2020","2","26","11:34","LONG BEACH","18.427692","-34.188288",NA,"https://www.inaturalist.org/observations/39751647",NA,"HE_020","LONG BEACH",NA,"CAPERADD","UVC"
"2020-09-15","http://fin.caperadd.com/encounters/encounter.jsp?number=bb5687aa-317a-4f1a-ba35-214109b8c958","HAPLOBLEPHARUS EDWARDSII","ANIMALIA","CHORDATA","CHONDRICHTHYES","CARCHARHINIFORMES","SCYLIOORHINIDAE","Haploblepharus","edwardsii","2020","1","2","2020","1","2","13:43","LONG BEACH","18.42765775498833","-34.188146289305294",NA,"https://www.inaturalist.org/observations/37395114",NA,"HE_001","LONG BEACH",NA,"CAPERADD","UVC"
"2020-09-15","http://fin.caperadd.com/encounters/encounter.jsp?number=25d34612-f6e6-44b6-a8d1-0a5e38106068","HAPLOBLEPHARUS EDWARDSII","ANIMALIA","CHORDATA","CHONDRICHTHYES","CARCHARHINIFORMES","SCYLIOORHINIDAE","Haploblepharus","edwardsii","2019","12","17","2019","12","17","11:45","LONG BEACH","18.427911","-34.188274",NA,"https://www.inaturalist.org/observations/37394651",NA,"HE_018","LONG BEACH",NA,"CAPERADD","UVC"
"2020-09-15","http://fin.caperadd.com/encounters/encounter.jsp?number=5485f6ed-28b9-4853-8584-3ae0f765c340","HAPLOBLEPHARUS EDWARDSII","ANIMALIA","CHORDATA","CHONDRICHTHYES","CARCHARHINIFORMES","SCYLIOORHINIDAE","Haploblepharus","edwardsii","2019","12","17","2019","12","17","11:47","LONG BEACH","18.427911","-34.188274",NA,"https://www.inaturalist.org/observations/37394652",NA,"HE_018","LONG BEACH",NA,"CAPERADD","UVC"
"2020-09-15","http://fin.caperadd.com/encounters/encounter.jsp?number=04b00208-caef-49aa-a3d2-ce1b5b5791e3","HAPLOBLEPHARUS PICTUS","ANIMALIA","CHORDATA","CHONDRICHTHYES","CARCHARHINIFORMES","SCYLIOORHINIDAE","Haploblepharus","pictus","2019","7","14","2019","7","14","16:15","CLAN STUART WRECK","18.430648647352104","-34.17162876752656",NA,NA,NA,"HP_001",NA,NA,"CAPERADD","UVC"
"2020-09-15","http://fin.caperadd.com/encounters/encounter.jsp?number=09a70cc4-0e82-4f5a-809b-6d831047f217","HAPLOBLEPHARUS EDWARDSII","ANIMALIA","CHORDATA","CHONDRICHTHYES","CARCHARHINIFORMES","SCYLIOORHINIDAE","Haploblepharus","edwardsii","2019","6","2","2019","6","2","12:36","CLAN STUART WRECK","18.430677143886157","-34.1716147177465",NA,NA,NA,"HE_026",NA,NA,"CAPERADD","UVC"
"2020-09-15","http://fin.caperadd.com/encounters/encounter.jsp?number=7454468c-ce40-4da5-a6ee-4a89455db642","HAPLOBLEPHARUS EDWARDSII","ANIMALIA","CHORDATA","CHONDRICHTHYES","CARCHARHINIFORMES","SCYLIOORHINIDAE","Haploblepharus","edwardsii","2019","4","29","2019","4","29","15:1","SEAFORTH BEACH","18.447347","-34.193447",NA,"https://www.inaturalist.org/observations/23993927",NA,"HE_017","SEAFORTH BEACH",NA,"CAPERADD","UVC"
"2020-09-15","http://fin.caperadd.com/encounters/encounter.jsp?number=0bd1ae4e-7673-4a1e-bedb-ba4474d26a9d","PORODERMA AFRICANUM","ANIMALIA","CHORDATA","CHONDRICHTHYES","CARCHARHINIFORMES","SCYLIOORHINIDAE","Poroderma","africanum","2019","4","14","2019","4","14","14:1","MILLER'S POINT","18.470873","-34.226281",NA,"https://www.inaturalist.org/observations/22988421",NA,"PA_001","MILLER'S POINT",NA,"CAPERADD","UVC"
"2020-09-15","http://fin.caperadd.com/encounters/encounter.jsp?number=1167cb8e-e4ed-42a9-a35c-9438ec6ba636","HAPLOBLEPHARUS EDWARDSII","ANIMALIA","CHORDATA","CHONDRICHTHYES","CARCHARHINIFORMES","SCYLIOORHINIDAE","Haploblepharus","edwardsii","2018","4","29","2018","4","29","9:38","TIVOLI PINNACLES","18.46275","-34.181533",NA,"https://www.inaturalist.org/observations/12492147",NA,"HE_009",NA,NA,"CAPERADD","UVC"
"2020-09-15","http://fin.caperadd.com/encounters/encounter.jsp?number=686cb4dc-2bc0-4a5c-a21f-2813f2d76a80","HAPLOBLEPHARUS EDWARDSII","ANIMALIA","CHORDATA","CHONDRICHTHYES","CARCHARHINIFORMES","SCYLIOORHINIDAE","Haploblepharus","edwardsii","2018","4","29","2018","4","29","10:1","OMEGA REEF","18.47412","-34.21426",NA,"https://www.inaturalist.org/observations/15040786",NA,"HE_014",NA,NA,"CAPERADD","UVC"
"2020-09-15","http://fin.caperadd.com/encounters/encounter.jsp?number=c87f3c72-747d-478d-a6fb-0e7853f7231c","HAPLOBLEPHARUS EDWARDSII","ANIMALIA","CHORDATA","CHONDRICHTHYES","CARCHARHINIFORMES","SCYLIOORHINIDAE","Haploblepharus","edwardsii","2018","4","29","2018","4","29","12:38","MAIDSTONE ANCHOR REEF","18.46","-34.192917",NA,"https://www.inaturalist.org/observations/12493757",NA,"HE_010",NA,NA,"CAPERADD","UVC"
"2020-09-15","http://fin.caperadd.com/encounters/encounter.jsp?number=2dfd4153-c310-4c8e-a775-d1fd8cfaeaed","HAPLOBLEPHARUS EDWARDSII","ANIMALIA","CHORDATA","CHONDRICHTHYES","CARCHARHINIFORMES","SCYLIOORHINIDAE","Haploblepharus","edwardsii","2018","4","28","2018","4","28","11:40","WONDERS REEF","18.461667","-34.188267",NA,"https://www.inaturalist.org/observations/12102583",NA,"HE_008",NA,NA,"CAPERADD","UVC"
"2020-09-15","http://fin.caperadd.com/encounters/encounter.jsp?number=56d01248-d973-4aae-9ba8-8abd06b45cab","HAPLOBLEPHARUS EDWARDSII","ANIMALIA","CHORDATA","CHONDRICHTHYES","CARCHARHINIFORMES","SCYLIOORHINIDAE","Haploblepharus","edwardsii","2018","4","28","2018","4","28","13:19","OUTER PHOTOGRAPHER'S REEF","18.46497","-34.1963",NA,"https://www.inaturalist.org/observations/13650001",NA,"HE_012",NA,NA,"CAPERADD","UVC"
"2020-09-15","http://fin.caperadd.com/encounters/encounter.jsp?number=67e94860-d621-4701-8e5d-89db446e72c0","HAPLOBLEPHARUS EDWARDSII","ANIMALIA","CHORDATA","CHONDRICHTHYES","CARCHARHINIFORMES","SCYLIOORHINIDAE","Haploblepharus","edwardsii","2018","4","28","2018","4","28","13:19","OUTER PHOTOGRAPHER'S REEF","18.46497","-34.1963",NA,"https://www.inaturalist.org/observations/13650001",NA,"HE_011",NA,NA,"CAPERADD","UVC"
"2020-09-15","http://fin.caperadd.com/encounters/encounter.jsp?number=6e01b1d5-387c-4f37-9afd-c25bb185e1a5","HAPLOBLEPHARUS EDWARDSII","ANIMALIA","CHORDATA","CHONDRICHTHYES","CARCHARHINIFORMES","SCYLIOORHINIDAE","Haploblepharus","edwardsii","2018","4","28","2018","4","28","11:34","WONDERS REEF","18.461667","-34.188267",NA,"https://www.inaturalist.org/observations/16623083",NA,"HE_016",NA,NA,"CAPERADD","UVC"
"2020-09-15","http://fin.caperadd.com/encounters/encounter.jsp?number=e4dce5ff-4c85-4ae2-8a16-defbefe9a574","HAPLOBLEPHARUS EDWARDSII","ANIMALIA","CHORDATA","CHONDRICHTHYES","CARCHARHINIFORMES","SCYLIOORHINIDAE","Haploblepharus","edwardsii","2018","4","28","2018","4","28","9:41","OMEGA REEF","18.47412","-34.21426",NA,"https://www.inaturalist.org/observations/15040775",NA,"HE_013",NA,NA,"CAPERADD","UVC"
"2020-09-15","http://fin.caperadd.com/encounters/encounter.jsp?number=fcb26aa2-8089-45f0-ba2c-0be4c105d5c6","HAPLOBLEPHARUS EDWARDSII","ANIMALIA","CHORDATA","CHONDRICHTHYES","CARCHARHINIFORMES","SCYLIOORHINIDAE","Haploblepharus","edwardsii","2018","4","28","2018","4","28","13:15","LONG BEACH","18.42598","-34.18732",NA,"https://www.inaturalist.org/observations/16517795",NA,"HE_015","LONG BEACH",NA,"CAPERADD","UVC"
"2020-09-15","http://fin.caperadd.com/encounters/encounter.jsp?number=0a5d9a2a-3bac-4af0-a161-da5cf565cafe","HAPLOBLEPHARUS EDWARDSII","ANIMALIA","CHORDATA","CHONDRICHTHYES","CARCHARHINIFORMES","SCYLIOORHINIDAE","Haploblepharus","edwardsii","2018","4","20","2018","4","20","13:25","LONG BEACH","18.42772","-34.187814",NA,"https://www.inaturalist.org/observations/11358890",NA,"HE_007","LONG BEACH",NA,"CAPERADD","UVC"
"2020-09-15","http://fin.caperadd.com/encounters/encounter.jsp?number=b18d8563-e0b5-401c-9e85-4310e325686f","HAPLOBLEPHARUS EDWARDSII","ANIMALIA","CHORDATA","CHONDRICHTHYES","CARCHARHINIFORMES","SCYLIOORHINIDAE","Haploblepharus","edwardsii","2018","4","4","2018","4","4","13:25","LONG BEACH","18.42772","-34.187814","male","https://www.inaturalist.org/observations/11358888",NA,"HE_006","LONG BEACH",NA,"CAPERADD","UVC"
"2020-09-15","http://fin.caperadd.com/encounters/encounter.jsp?number=092cc5e1-a559-4a0e-875a-e58e8b5c2935","PORODERMA AFRICANUM","ANIMALIA","CHORDATA","CHONDRICHTHYES","CARCHARHINIFORMES","SCYLIOORHINIDAE","Poroderma","africanum","2018","3","24","2018","3","24","12:27","WINDMILL BEACH","18.457273","-34.200992",NA,"https://www.inaturalist.org/observations/10448099",NA,"PA_003","WINDMILL BEACH",NA,"CAPERADD","UVC"
"2020-09-15","http://fin.caperadd.com/encounters/encounter.jsp?number=64846382-676e-4d4d-aa57-014d5fd25921","HAPLOBLEPHARUS EDWARDSII","ANIMALIA","CHORDATA","CHONDRICHTHYES","CARCHARHINIFORMES","SCYLIOORHINIDAE","Haploblepharus","edwardsii","2018","2","6","2018","2","6","10:6","A-FRAME","18.462353","-34.20798",NA,"https://www.inaturalist.org/observations/10256854",NA,"HE_005","A-FRAME",NA,"CAPERADD","UVC"
"2020-09-30","http://fin.caperadd.com/encounters/encounter.jsp?number=609bcc27-9f46-4926-a56f-2b2364501ec2","PORODERMA AFRICANUM","ANIMALIA","CHORDATA","CHONDRICHTHYES","CARCHARHINIFORMES","SCYLIOORHINIDAE","Poroderma","africanum","2018","1","12","2018","1","12","12:42","WINDMILL BEACH","18.45667","-34.201",NA,"https://www.inaturalist.org/observations/9701475",NA,"PA_006","WINDMILL BEACH",NA,"CAPERADD","UVC"
"2020-12-28","http://fin.caperadd.com/encounters/encounter.jsp?number=f69c2cde-6359-414d-9ab9-5efcf111d634","HAPLOBLEPHARUS EDWARDSII","ANIMALIA","CHORDATA","CHONDRICHTHYES","CARCHARHINIFORMES","SCYLIOORHINIDAE","Haploblepharus","edwardsii","2020","12","27","2020","12","27","11:3","LONG BEACH","18.42716285362652","-34.187937332528804","male",NA,NA,NA,"LONG BEACH",NA,"CAPERADD","UVC"
"2020-12-28","http://fin.caperadd.com/encounters/encounter.jsp?number=f7df694a-c4b1-41a3-9712-d66083c2065c","HAPLOBLEPHARUS EDWARDSII","ANIMALIA","CHORDATA","CHONDRICHTHYES","CARCHARHINIFORMES","SCYLIOORHINIDAE","Haploblepharus","edwardsii","2020","12","27","2020","12","27","11:3","LONG BEACH","18.42716285362652","-34.187937332528804",NA,NA,NA,NA,"LONG BEACH",NA,"CAPERADD","UVC"
"2020-12-24","http://fin.caperadd.com/encounters/encounter.jsp?number=09303f21-d35b-4dbb-9993-3ffebb8511ab","PORODERMA AFRICANUM","ANIMALIA","CHORDATA","CHONDRICHTHYES","CARCHARHINIFORMES","SCYLIOORHINIDAE","Poroderma","africanum","2020","12","23","2020","12","23","11:12","LONG BEACH","18.427549618838615","-34.18813215082933",NA,NA,NA,NA,"LONG BEACH",NA,"CAPERADD","UVC"
"2020-12-24","http://fin.caperadd.com/encounters/encounter.jsp?number=1e98dd9d-c1c4-43a5-b02a-0b47eee6e092","PORODERMA AFRICANUM","ANIMALIA","CHORDATA","CHONDRICHTHYES","CARCHARHINIFORMES","SCYLIOORHINIDAE","Poroderma","africanum","2020","12","23","2020","12","23","11:12","LONG BEACH","18.427549618838615","-34.18813215082933",NA,NA,NA,NA,"LONG BEACH",NA,"CAPERADD","UVC"
"2020-12-24","http://fin.caperadd.com/encounters/encounter.jsp?number=6287ea98-360a-4731-9dc4-bcde127fbe08","PORODERMA PANTHERINUM","ANIMALIA","CHORDATA","CHONDRICHTHYES","CARCHARHINIFORMES","SCYLIOORHINIDAE","Poroderma","pantherinum","2020","12","23","2020","12","23","11:2","LONG BEACH","18.427160475598704","-34.18793341361511",NA,NA,NA,NA,"LONG BEACH",NA,"CAPERADD","UVC"
"2020-12-24","http://fin.caperadd.com/encounters/encounter.jsp?number=76d88c3c-107d-40d6-9c06-21db3e0adf4e","PORODERMA AFRICANUM","ANIMALIA","CHORDATA","CHONDRICHTHYES","CARCHARHINIFORMES","SCYLIOORHINIDAE","Poroderma","africanum","2020","12","23","2020","12","23","11:44","LONG BEACH","18.427392491274137","-34.187969914323354",NA,NA,NA,NA,"LONG BEACH",NA,"CAPERADD","UVC"
"2020-12-24","http://fin.caperadd.com/encounters/encounter.jsp?number=976fed24-d780-4f45-b7a5-2bfe54bef4fe","PORODERMA AFRICANUM","ANIMALIA","CHORDATA","CHONDRICHTHYES","CARCHARHINIFORMES","SCYLIOORHINIDAE","Poroderma","africanum","2020","12","23","2020","12","23","11:12","LONG BEACH","18.427626463257965","-34.188104862128306",NA,NA,NA,NA,"LONG BEACH",NA,"CAPERADD","UVC"
"2020-12-24","http://fin.caperadd.com/encounters/encounter.jsp?number=c7df1c43-2e2c-4fff-83d1-6b71d04a1918","HAPLOBLEPHARUS PICTUS","ANIMALIA","CHORDATA","CHONDRICHTHYES","CARCHARHINIFORMES","SCYLIOORHINIDAE","Haploblepharus","pictus","2020","12","23","2020","12","23","11:3","LONG BEACH","18.4271480311669","-34.18795378561255",NA,NA,NA,NA,"LONG BEACH",NA,"CAPERADD","UVC"
"2020-12-24","http://fin.caperadd.com/encounters/encounter.jsp?number=db855e32-1a80-441f-98b8-c66f41cae815","PORODERMA AFRICANUM","ANIMALIA","CHORDATA","CHONDRICHTHYES","CARCHARHINIFORMES","SCYLIOORHINIDAE","Poroderma","africanum","2020","12","23","2020","12","23","11:12","LONG BEACH","18.427626463257965","-34.188104862128306",NA,NA,NA,NA,"LONG BEACH",NA,"CAPERADD","UVC"
"2020-12-21","http://fin.caperadd.com/encounters/encounter.jsp?number=24d3b8ab-2c4f-4721-aff0-dc3ae8f1acec","PORODERMA AFRICANUM","ANIMALIA","CHORDATA","CHONDRICHTHYES","CARCHARHINIFORMES","SCYLIOORHINIDAE","Poroderma","africanum","2020","12","20","2020","12","20","11:15","LONG BEACH","18.427443475982592","-34.18792774843978",NA,NA,NA,NA,"LONG BEACH",NA,"CAPERADD","UVC"
"2020-12-21","http://fin.caperadd.com/encounters/encounter.jsp?number=4c3740dd-fd10-4260-8c84-6e7dd5cd1109","PORODERMA AFRICANUM","ANIMALIA","CHORDATA","CHONDRICHTHYES","CARCHARHINIFORMES","SCYLIOORHINIDAE","Poroderma","africanum","2020","12","20","2020","12","20","11:15","LONG BEACH","18.427443475982592","-34.18792774843978",NA,NA,NA,NA,"LONG BEACH",NA,"CAPERADD","UVC"
"2020-12-21","http://fin.caperadd.com/encounters/encounter.jsp?number=d77501c6-0386-4b74-a0de-909f7601f639","HAPLOBLEPHARUS PICTUS","ANIMALIA","CHORDATA","CHONDRICHTHYES","CARCHARHINIFORMES","SCYLIOORHINIDAE","Haploblepharus","pictus","2020","12","20","2020","12","20","11:8","LONG BEACH","18.427174263700444","-34.18790875584645","male",NA,NA,NA,"LONG BEACH",NA,"CAPERADD","UVC"
"2020-12-19","http://fin.caperadd.com/encounters/encounter.jsp?number=0053daf0-1e90-4721-9f65-3ef7df0f7ee6","PORODERMA AFRICANUM","ANIMALIA","CHORDATA","CHONDRICHTHYES","CARCHARHINIFORMES","SCYLIOORHINIDAE","Poroderma","africanum","2020","12","19","2020","12","19","10:53","LONG BEACH","18.427403610365143","-34.18796887499299",NA,NA,NA,NA,"LONG BEACH",NA,"CAPERADD","UVC"
"2020-12-19","http://fin.caperadd.com/encounters/encounter.jsp?number=1acf4ea4-f07e-49ab-8ab9-1ee62dce4af1","PORODERMA AFRICANUM","ANIMALIA","CHORDATA","CHONDRICHTHYES","CARCHARHINIFORMES","SCYLIOORHINIDAE","Poroderma","africanum","2020","12","19","2020","12","19","10:53","LONG BEACH","18.427403610365143","-34.18796887499299",NA,NA,NA,NA,"LONG BEACH",NA,"CAPERADD","UVC"
"2020-12-20","http://fin.caperadd.com/encounters/encounter.jsp?number=21097cdf-a333-421d-bd27-c114bace2826","PORODERMA AFRICANUM","ANIMALIA","CHORDATA","CHONDRICHTHYES","CARCHARHINIFORMES","SCYLIOORHINIDAE","Poroderma","africanum","2020","12","19","2020","12","19","11:4","LONG BEACH","18.427607782351703","-34.18816038007848",NA,NA,NA,NA,"LONG BEACH",NA,"CAPERADD","UVC"
"2020-12-19","http://fin.caperadd.com/encounters/encounter.jsp?number=6783322c-aafa-4bff-9aca-3fc20a035dfe","PORODERMA AFRICANUM","ANIMALIA","CHORDATA","CHONDRICHTHYES","CARCHARHINIFORMES","SCYLIOORHINIDAE","Poroderma","africanum","2020","12","19","2020","12","19","10:53","LONG BEACH","18.42749642891567","-34.18820480544747",NA,NA,NA,NA,"LONG BEACH",NA,"CAPERADD","UVC"
"2020-12-19","http://fin.caperadd.com/encounters/encounter.jsp?number=73d972c7-99c0-4860-8a1b-61d00577f7d0","PORODERMA AFRICANUM","ANIMALIA","CHORDATA","CHONDRICHTHYES","CARCHARHINIFORMES","SCYLIOORHINIDAE","Poroderma","africanum","2020","12","19","2020","12","19","10:53","LONG BEACH","18.42749642891567","-34.18820480544747",NA,NA,NA,NA,"LONG BEACH",NA,"CAPERADD","UVC"
"2020-12-19","http://fin.caperadd.com/encounters/encounter.jsp?number=8163aef7-58b7-4a7a-90a5-7ba90224baec","PORODERMA AFRICANUM","ANIMALIA","CHORDATA","CHONDRICHTHYES","CARCHARHINIFORMES","SCYLIOORHINIDAE","Poroderma","africanum","2020","12","19","2020","12","19","10:56","LONG BEACH","18.427492531490287","-34.18811955169704",NA,NA,NA,NA,"LONG BEACH",NA,"CAPERADD","UVC"
"2020-12-19","http://fin.caperadd.com/encounters/encounter.jsp?number=8d57239e-9fdb-450d-8da4-e099102db11e","PORODERMA AFRICANUM","ANIMALIA","CHORDATA","CHONDRICHTHYES","CARCHARHINIFORMES","SCYLIOORHINIDAE","Poroderma","africanum","2020","12","19","2020","12","19","10:55","LONG BEACH","18.42751327040951","-34.188143142761724",NA,NA,NA,NA,"LONG BEACH",NA,"CAPERADD","UVC"
"2020-12-19","http://fin.caperadd.com/encounters/encounter.jsp?number=8f55bb45-f486-4792-9477-5aaa6b77f259","PORODERMA AFRICANUM","ANIMALIA","CHORDATA","CHONDRICHTHYES","CARCHARHINIFORMES","SCYLIOORHINIDAE","Poroderma","africanum","2020","12","19","2020","12","19","10:53","LONG BEACH","18.42749642891567","-34.18820480544747",NA,NA,NA,NA,"LONG BEACH",NA,"CAPERADD","UVC"
"2020-12-19","http://fin.caperadd.com/encounters/encounter.jsp?number=9fda144b-3b05-473d-93a1-4e22cfb7513e","PORODERMA AFRICANUM","ANIMALIA","CHORDATA","CHONDRICHTHYES","CARCHARHINIFORMES","SCYLIOORHINIDAE","Poroderma","africanum","2020","12","19","2020","12","19","10:53","LONG BEACH","18.42745531413329","-34.18800198464069",NA,NA,NA,NA,"LONG BEACH",NA,"CAPERADD","UVC"
"2020-12-19","http://fin.caperadd.com/encounters/encounter.jsp?number=d531f559-c0db-4755-9e05-7e917ec84afd","PORODERMA AFRICANUM","ANIMALIA","CHORDATA","CHONDRICHTHYES","CARCHARHINIFORMES","SCYLIOORHINIDAE","Poroderma","africanum","2020","12","19","2020","12","19","10:53","LONG BEACH","18.42749642891567","-34.18820480544747",NA,NA,NA,NA,"LONG BEACH",NA,"CAPERADD","UVC"
"2020-12-18","http://fin.caperadd.com/encounters/encounter.jsp?number=0dabe630-9fd7-4020-a862-d63dbc441205","PORODERMA AFRICANUM","ANIMALIA","CHORDATA","CHONDRICHTHYES","CARCHARHINIFORMES","SCYLIOORHINIDAE","Poroderma","africanum","2020","12","18","2020","12","18","11:19","LONG BEACH","18.42741859583473","-34.18804257869298",NA,NA,NA,NA,"LONG BEACH",NA,"CAPERADD","UVC"
"2020-12-18","http://fin.caperadd.com/encounters/encounter.jsp?number=56356d40-0e3d-405b-924c-4666deb9ad24","PORODERMA AFRICANUM","ANIMALIA","CHORDATA","CHONDRICHTHYES","CARCHARHINIFORMES","SCYLIOORHINIDAE","Poroderma","africanum","2020","12","18","2020","12","18","11:24","LONG BEACH","18.427717517204268","-34.18799815626508",NA,NA,NA,NA,"LONG BEACH",NA,"CAPERADD","UVC"
"2020-12-18","http://fin.caperadd.com/encounters/encounter.jsp?number=a440d757-8a86-43a4-bdfa-89a14dd5b1b9","PORODERMA AFRICANUM","ANIMALIA","CHORDATA","CHONDRICHTHYES","CARCHARHINIFORMES","SCYLIOORHINIDAE","Poroderma","africanum","2020","12","18","2020","12","18","11:24","LONG BEACH","18.427717517204268","-34.18799815626508",NA,NA,NA,NA,"LONG BEACH",NA,"CAPERADD","UVC"
"2020-12-17","http://fin.caperadd.com/encounters/encounter.jsp?number=f9a5cd39-cce4-44bf-90f4-4d6c5548cc5c","PORODERMA AFRICANUM","ANIMALIA","CHORDATA","CHONDRICHTHYES","CARCHARHINIFORMES","SCYLIOORHINIDAE","Poroderma","africanum","2020","12","12","2020","12","12","11:17","LONG BEACH","18.427776783540864","-34.188402305839844",NA,NA,NA,NA,"LONG BEACH",NA,"CAPERADD","UVC"
"2020-09-23","http://fin.caperadd.com/encounters/encounter.jsp?number=282a3c27-6cf1-4c68-a7a6-3b6d93878545","HAPLOBLEPHARUS EDWARDSII","ANIMALIA","CHORDATA","CHONDRICHTHYES","CARCHARHINIFORMES","SCYLIOORHINIDAE","Haploblepharus","edwardsii","2020","9","4","2020","9","4","15:6","WINDMILL BEACH - NUDIBRANCH TOWERS","18.458126175449067","-34.20035546992434",NA,NA,NA,NA,"WINDMILL BEACH",NA,"CAPERADD","UVC"
"2020-09-15","http://fin.caperadd.com/encounters/encounter.jsp?number=9f5efdd0-8838-411c-afc9-6f90512c4af1","HAPLOBLEPHARUS EDWARDSII","ANIMALIA","CHORDATA","CHONDRICHTHYES","CARCHARHINIFORMES","SCYLIOORHINIDAE","Haploblepharus","edwardsii","2020","8","29","2020","8","29","14:59","CLAN STUART WRECK","18.430728411532446","-34.17167078990597",NA,NA,NA,NA,NA,NA,"CAPERADD","UVC"
"2020-09-15","http://fin.caperadd.com/encounters/encounter.jsp?number=806e2c57-6bb8-44f4-b81a-f08ce5acc3a1","HAPLOBLEPHARUS EDWARDSII","ANIMALIA","CHORDATA","CHONDRICHTHYES","CARCHARHINIFORMES","SCYLIOORHINIDAE","Haploblepharus","edwardsii","2020","3","4","2020","3","4","11:36","LONG BEACH","18.427675","-34.188245",NA,NA,NA,NA,"LONG BEACH",NA,"CAPERADD","UVC"
"2021-01-21","http://fin.caperadd.com/encounters/encounter.jsp?number=525b2a2b-40da-4120-b6ac-d718de072fdd","PORODERMA PANTHERINUM","ANIMALIA","CHORDATA","CHONDRICHTHYES","CARCHARHINIFORMES","SCYLIOORHINIDAE","Poroderma","pantherinum","2021","1","16","2021","1","16","15:40","ROCKY REEF ON THE LEFT OF THE KELP FOREST AT WINDMILL","18.45667","-34.201",NA,"It's the first time I've seen one of these sharks! Such a beautiful creature! I know they're not common so I got excited and took a lot of photos to make sure your software would read it properly!",NA,"PP_009","WINDMILL BEACH",NA,"CAPERADD","UVC"
"2021-01-21","http://fin.caperadd.com/encounters/encounter.jsp?number=f65ecd96-5b8a-483f-8677-6162dfb2a2c6","HAPLOBLEPHARUS PICTUS","ANIMALIA","CHORDATA","CHONDRICHTHYES","CARCHARHINIFORMES","SCYLIOORHINIDAE","Haploblepharus","pictus","2021","1","16","2021","1","16","15:46","AT THE BACK OF WINDMILL","18.45667","-34.201",NA,"I know this might not be a good enough photo for the software, but I couldn't get above it since it was hiding under some kelp",NA,"HP_051","WINDMILL BEACH",NA,"CAPERADD","UVC"
"2020-12-17","http://fin.caperadd.com/encounters/encounter.jsp?number=44e67476-98d8-4233-a19f-50e647307630","HAPLOBLEPHARUS PICTUS","ANIMALIA","CHORDATA","CHONDRICHTHYES","CARCHARHINIFORMES","SCYLIOORHINIDAE","Haploblepharus","pictus","2020","12","12","2020","12","12","11:35","LONG BEACH","18.42717141300049","-34.18794321096873",NA,NA,NA,"HP_036","LONG BEACH",NA,"CAPERADD","UVC"
"2020-12-17","http://fin.caperadd.com/encounters/encounter.jsp?number=45b5032b-9099-466a-a333-aa6b3c250d65","HAPLOBLEPHARUS EDWARDSII","ANIMALIA","CHORDATA","CHONDRICHTHYES","CARCHARHINIFORMES","SCYLIOORHINIDAE","Haploblepharus","edwardsii","2020","12","12","2020","12","12","11:51","LONG BEACH","18.42717141300049","-34.18794321096873",NA,NA,NA,"HE_087","LONG BEACH",NA,"CAPERADD","UVC"
"2020-12-17","http://fin.caperadd.com/encounters/encounter.jsp?number=45c8a9b7-0c12-4366-a0fe-056a8db34cda","HAPLOBLEPHARUS EDWARDSII","ANIMALIA","CHORDATA","CHONDRICHTHYES","CARCHARHINIFORMES","SCYLIOORHINIDAE","Haploblepharus","edwardsii","2020","12","12","2020","12","12","11:23","LONG BEACH","18.42717141300049","-34.18794321096873",NA,NA,NA,"HE_090","LONG BEACH",NA,"CAPERADD","UVC"
"2020-12-17","http://fin.caperadd.com/encounters/encounter.jsp?number=65b22008-f753-4738-adf6-f1c9e8d19dcd","HAPLOBLEPHARUS PICTUS","ANIMALIA","CHORDATA","CHONDRICHTHYES","CARCHARHINIFORMES","SCYLIOORHINIDAE","Haploblepharus","pictus","2020","12","12","2020","12","12","11:50","LONG BEACH","18.42717141300049","-34.18794321096873","male",NA,NA,"HP_035","LONG BEACH",NA,"CAPERADD","UVC"
"2020-12-17","http://fin.caperadd.com/encounters/encounter.jsp?number=aea73871-df91-418d-b3ae-108c09a2e058","PORODERMA PANTHERINUM","ANIMALIA","CHORDATA","CHONDRICHTHYES","CARCHARHINIFORMES","SCYLIOORHINIDAE","Poroderma","pantherinum","2020","12","12","2020","12","12","11:23","LONG BEACH","18.42717141300049","-34.18794321096873",NA,NA,NA,"PP_005","LONG BEACH",NA,"CAPERADD","UVC"
"2020-12-17","http://fin.caperadd.com/encounters/encounter.jsp?number=fde0fbfe-38c2-4ccf-8304-c906c1f68f91","HAPLOBLEPHARUS PICTUS","ANIMALIA","CHORDATA","CHONDRICHTHYES","CARCHARHINIFORMES","SCYLIOORHINIDAE","Haploblepharus","pictus","2020","12","12","2020","12","12","11:40","LONG BEACH","18.42717141300049","-34.18794321096873",NA,NA,NA,"HP_037","LONG BEACH",NA,"CAPERADD","UVC"
"2020-12-17","http://fin.caperadd.com/encounters/encounter.jsp?number=b7e30c22-e76a-4365-b49c-46401a9b3ac5","HAPLOBLEPHARUS EDWARDSII","ANIMALIA","CHORDATA","CHONDRICHTHYES","CARCHARHINIFORMES","SCYLIOORHINIDAE","Haploblepharus","edwardsii","2020","12","1","2020","12","1","15:14","A-FRAME","18.462353","-34.20798",NA,NA,NA,"HE_081","A-FRAME",NA,"CAPERADD","UVC"
"2020-12-11","http://fin.caperadd.com/encounters/encounter.jsp?number=2b70daf1-1531-4a9d-9250-768021481937","HAPLOBLEPHARUS EDWARDSII","ANIMALIA","CHORDATA","CHONDRICHTHYES","CARCHARHINIFORMES","SCYLIOORHINIDAE","Haploblepharus","edwardsii","2020","11","26","2020","11","26","14:24","LONG BEACH","18.42717141300049","-34.18794321096873",NA,NA,NA,"HE_058","LONG BEACH",NA,"CAPERADD","UVC"
"2020-12-11","http://fin.caperadd.com/encounters/encounter.jsp?number=5a27ef62-fc5c-4507-be52-9cf022816041","HAPLOBLEPHARUS PICTUS","ANIMALIA","CHORDATA","CHONDRICHTHYES","CARCHARHINIFORMES","SCYLIOORHINIDAE","Haploblepharus","pictus","2020","11","26","2020","11","26","14:28","LONG BEACH","18.42717141300049","-34.18794321096873",NA,NA,NA,"HP_018","LONG BEACH",NA,"CAPERADD","UVC"
"2020-12-11","http://fin.caperadd.com/encounters/encounter.jsp?number=6158fa5e-5dd8-4577-99a1-0b46dd88925d","HAPLOBLEPHARUS PICTUS","ANIMALIA","CHORDATA","CHONDRICHTHYES","CARCHARHINIFORMES","SCYLIOORHINIDAE","Haploblepharus","pictus","2020","11","26","2020","11","26","14:13","LONG BEACH","18.42717141300049","-34.18794321096873",NA,NA,NA,"HP_016","LONG BEACH",NA,"CAPERADD","UVC"
"2020-12-14","http://fin.caperadd.com/encounters/encounter.jsp?number=c413f007-b760-41bc-a85d-d31856f9f556","HAPLOBLEPHARUS EDWARDSII","ANIMALIA","CHORDATA","CHONDRICHTHYES","CARCHARHINIFORMES","SCYLIOORHINIDAE","Haploblepharus","edwardsii","2020","11","26","2020","11","26",NA,"LONG BEACH","18.42717141300049","-34.18794321096873",NA,NA,NA,"HE_076","LONG BEACH",NA,"CAPERADD","UVC"
"2020-12-17","http://fin.caperadd.com/encounters/encounter.jsp?number=3afc785f-a8f7-414f-8a97-77c9c41214ac","PORODERMA AFRICANUM","ANIMALIA","CHORDATA","CHONDRICHTHYES","CARCHARHINIFORMES","SCYLIOORHINIDAE","Poroderma","africanum","2020","11","22","2020","11","22",NA,"LONG BEACH","18.42717141300049","-34.18794321096873",NA,NA,NA,"PA_014","LONG BEACH",NA,"CAPERADD","UVC"
"2020-12-17","http://fin.caperadd.com/encounters/encounter.jsp?number=4d136dec-89c6-4818-a18c-737c59b51c24","PORODERMA AFRICANUM","ANIMALIA","CHORDATA","CHONDRICHTHYES","CARCHARHINIFORMES","SCYLIOORHINIDAE","Poroderma","africanum","2020","11","22","2020","11","22",NA,"LONG BEACH","18.42717141300049","-34.18794321096873",NA,NA,NA,"PA_017","LONG BEACH",NA,"CAPERADD","UVC"
"2020-12-17","http://fin.caperadd.com/encounters/encounter.jsp?number=63efe2f1-3d41-443d-8383-4fe5e9a629e2","PORODERMA AFRICANUM","ANIMALIA","CHORDATA","CHONDRICHTHYES","CARCHARHINIFORMES","SCYLIOORHINIDAE","Poroderma","africanum","2020","11","22","2020","11","22",NA,"LONG BEACH","18.42717141300049","-34.18794321096873",NA,NA,NA,"PA_015","LONG BEACH",NA,"CAPERADD","UVC"
"2020-12-17","http://fin.caperadd.com/encounters/encounter.jsp?number=c257ed30-c702-432d-86bc-33dcdfb10d7f","PORODERMA AFRICANUM","ANIMALIA","CHORDATA","CHONDRICHTHYES","CARCHARHINIFORMES","SCYLIOORHINIDAE","Poroderma","africanum","2020","11","22","2020","11","22",NA,"LONG BEACH","18.42717141300049","-34.18794321096873",NA,NA,NA,"PA_016","LONG BEACH",NA,"CAPERADD","UVC"
"2020-12-11","http://fin.caperadd.com/encounters/encounter.jsp?number=08953055-aa0a-47cf-8cc2-6a0aecb3a71a","PORODERMA PANTHERINUM","ANIMALIA","CHORDATA","CHONDRICHTHYES","CARCHARHINIFORMES","SCYLIOORHINIDAE","Poroderma","pantherinum","2020","11","15","2020","11","15","11:23","LONG BEACH","18.42717141300049","-34.18794321096873",NA,NA,NA,"PP_002","LONG BEACH",NA,"CAPERADD","UVC"
"2020-12-11","http://fin.caperadd.com/encounters/encounter.jsp?number=4c656c02-c761-4b17-a6f5-496ed7ab6b13","PORODERMA PANTHERINUM","ANIMALIA","CHORDATA","CHONDRICHTHYES","CARCHARHINIFORMES","SCYLIOORHINIDAE","Poroderma","pantherinum","2020","11","15","2020","11","15","11:23","LONG BEACH","18.42717141300049","-34.18794321096873",NA,NA,NA,"PP_003","LONG BEACH",NA,"CAPERADD","UVC"
"2020-12-11","http://fin.caperadd.com/encounters/encounter.jsp?number=57bce580-7005-44ff-af0c-5e3157876f7f","PORODERMA AFRICANUM","ANIMALIA","CHORDATA","CHONDRICHTHYES","CARCHARHINIFORMES","SCYLIOORHINIDAE","Poroderma","africanum","2020","11","15","2020","11","15","11:27","LONG BEACH","18.42717141300049","-34.18794321096873",NA,NA,NA,"PA_011","LONG BEACH",NA,"CAPERADD","UVC"
"2020-12-11","http://fin.caperadd.com/encounters/encounter.jsp?number=8e76401a-c299-4b93-a499-11483d6b1158","PORODERMA PANTHERINUM","ANIMALIA","CHORDATA","CHONDRICHTHYES","CARCHARHINIFORMES","SCYLIOORHINIDAE","Poroderma","pantherinum","2020","11","15","2020","11","15","11:29","LONG BEACH","18.42717141300049","-34.18794321096873",NA,NA,NA,"PP_001","LONG BEACH",NA,"CAPERADD","UVC"
"2020-12-11","http://fin.caperadd.com/encounters/encounter.jsp?number=b2b34350-2d3a-4dab-9755-05f4c5019b60","PORODERMA PANTHERINUM","ANIMALIA","CHORDATA","CHONDRICHTHYES","CARCHARHINIFORMES","SCYLIOORHINIDAE","Poroderma","pantherinum","2020","11","15","2020","11","15","11:23","LONG BEACH","18.42717141300049","-34.18794321096873",NA,NA,NA,"PP_004","LONG BEACH",NA,"CAPERADD","UVC"
"2020-12-11","http://fin.caperadd.com/encounters/encounter.jsp?number=0539da3d-71ee-42b7-ba69-a6c0ad94a437","HAPLOBLEPHARUS EDWARDSII","ANIMALIA","CHORDATA","CHONDRICHTHYES","CARCHARHINIFORMES","SCYLIOORHINIDAE","Haploblepharus","edwardsii","2020","11","8","2020","11","8","11:14","WINDMILL BEACH","18.45667","-34.201",NA,NA,NA,"HE_065","WINDMILL BEACH",NA,"CAPERADD","UVC"
"2020-12-11","http://fin.caperadd.com/encounters/encounter.jsp?number=6449bc66-561c-4afc-98e9-5f1375b2cf59","HAPLOBLEPHARUS EDWARDSII","ANIMALIA","CHORDATA","CHONDRICHTHYES","CARCHARHINIFORMES","SCYLIOORHINIDAE","Haploblepharus","edwardsii","2020","11","8","2020","11","8",NA,"WINDMILL BEACH","18.45667","-34.201",NA,NA,NA,"HE_064","WINDMILL BEACH",NA,"CAPERADD","UVC"
"2020-12-11","http://fin.caperadd.com/encounters/encounter.jsp?number=6607aa19-289a-4dd8-ace1-ffff56be47f0","HAPLOBLEPHARUS EDWARDSII","ANIMALIA","CHORDATA","CHONDRICHTHYES","CARCHARHINIFORMES","SCYLIOORHINIDAE","Haploblepharus","edwardsii","2020","11","8","2020","11","8",NA,"WINDMILL BEACH","18.45667","-34.201",NA,NA,NA,"HE_056","WINDMILL BEACH",NA,"CAPERADD","UVC"
"2020-12-11","http://fin.caperadd.com/encounters/encounter.jsp?number=7637e892-0d6e-4eec-8eee-f9d8a0f30f79","HAPLOBLEPHARUS EDWARDSII","ANIMALIA","CHORDATA","CHONDRICHTHYES","CARCHARHINIFORMES","SCYLIOORHINIDAE","Haploblepharus","edwardsii","2020","11","8","2020","11","8",NA,"WINDMILL BEACH","18.45667","-34.201",NA,NA,NA,"HE_067","WINDMILL BEACH",NA,"CAPERADD","UVC"
"2020-12-11","http://fin.caperadd.com/encounters/encounter.jsp?number=9f40846d-9dbd-4786-9f9c-e024e06cf2db","PORODERMA AFRICANUM","ANIMALIA","CHORDATA","CHONDRICHTHYES","CARCHARHINIFORMES","SCYLIOORHINIDAE","Poroderma","africanum","2020","11","8","2020","11","8",NA,"WINDMILL BEACH","18.45667","-34.201",NA,NA,NA,"PA_009","WINDMILL BEACH",NA,"CAPERADD","UVC"
"2020-12-11","http://fin.caperadd.com/encounters/encounter.jsp?number=be30185b-57d8-4611-ae74-4a3b06234acb","HAPLOBLEPHARUS EDWARDSII","ANIMALIA","CHORDATA","CHONDRICHTHYES","CARCHARHINIFORMES","SCYLIOORHINIDAE","Haploblepharus","edwardsii","2020","11","8","2020","11","8",NA,"WINDMILL BEACH","18.45667","-34.201",NA,NA,NA,"HE_066","WINDMILL BEACH",NA,"CAPERADD","UVC"
"2020-12-11","http://fin.caperadd.com/encounters/encounter.jsp?number=c83014d2-892d-4aee-821f-7e11e54b0fcb","HAPLOBLEPHARUS EDWARDSII","ANIMALIA","CHORDATA","CHONDRICHTHYES","CARCHARHINIFORMES","SCYLIOORHINIDAE","Haploblepharus","edwardsii","2020","11","8","2020","11","8",NA,"WINDMILL BEACH","18.45667","-34.201",NA,NA,NA,"HE_065","WINDMILL BEACH",NA,"CAPERADD","UVC"
"2020-12-11","http://fin.caperadd.com/encounters/encounter.jsp?number=e41c647e-8cf2-46e2-a785-71508c3bb8e7","PORODERMA AFRICANUM","ANIMALIA","CHORDATA","CHONDRICHTHYES","CARCHARHINIFORMES","SCYLIOORHINIDAE","Poroderma","africanum","2020","11","8","2020","11","8",NA,"WINDMILL BEACH","18.45667","-34.201",NA,NA,NA,"PA_010","WINDMILL BEACH",NA,"CAPERADD","UVC"
"2020-12-11","http://fin.caperadd.com/encounters/encounter.jsp?number=f91b3dfd-e71e-4744-9905-624c3d2c0a7b","HAPLOBLEPHARUS EDWARDSII","ANIMALIA","CHORDATA","CHONDRICHTHYES","CARCHARHINIFORMES","SCYLIOORHINIDAE","Haploblepharus","edwardsii","2020","11","8","2020","11","8",NA,"WINDMILL BEACH","18.45667","-34.201",NA,NA,NA,"HE_063","WINDMILL BEACH",NA,"CAPERADD","UVC"
"2020-12-17","http://fin.caperadd.com/encounters/encounter.jsp?number=8703b00a-1299-4fc1-b4a2-a8f23edc3a2e","HAPLOBLEPHARUS EDWARDSII","ANIMALIA","CHORDATA","CHONDRICHTHYES","CARCHARHINIFORMES","SCYLIOORHINIDAE","Haploblepharus","edwardsii","2020","10","24","2020","10","24","11:55","LONG BEACH","18.42717141300049","-34.18794321096873",NA,NA,NA,"HE_084","LONG BEACH",NA,"CAPERADD","UVC"
"2020-12-17","http://fin.caperadd.com/encounters/encounter.jsp?number=f41fd887-cdc2-44eb-994d-924de0be99d8","HAPLOBLEPHARUS PICTUS","ANIMALIA","CHORDATA","CHONDRICHTHYES","CARCHARHINIFORMES","SCYLIOORHINIDAE","Haploblepharus","pictus","2020","10","24","2020","10","24","11:36","LONG BEACH","18.42717141300049","-34.18794321096873",NA,NA,NA,"HP_033","LONG BEACH",NA,"CAPERADD","UVC"
"2020-10-22","http://fin.caperadd.com/encounters/encounter.jsp?number=eb6ea337-9938-47cd-a0f7-f06f2a4717b5","HAPLOBLEPHARUS EDWARDSII","ANIMALIA","CHORDATA","CHONDRICHTHYES","CARCHARHINIFORMES","SCYLIOORHINIDAE","Haploblepharus","edwardsii","2020","10","18","2020","10","18","9:0","WINDMILL BEACH","18.45667","-34.201",NA,NA,NA,"HE_057","WINDMILL BEACH",NA,"CAPERADD","UVC"
"2020-12-24","http://fin.caperadd.com/encounters/encounter.jsp?number=02a4cfbb-89f2-4134-84f2-60991d3b27b4","HAPLOBLEPHARUS PICTUS","ANIMALIA","CHORDATA","CHONDRICHTHYES","CARCHARHINIFORMES","SCYLIOORHINIDAE","Haploblepharus","pictus","2020","10","17","2020","10","17","11:48","LONG BEACH","18.42717141300049","-34.18794321096873","male",NA,NA,"HP_023","LONG BEACH",NA,"CAPERADD","UVC"
"2020-12-11","http://fin.caperadd.com/encounters/encounter.jsp?number=0e0b814a-cb89-45f7-b68a-5fe24fa07ded","HAPLOBLEPHARUS PICTUS","ANIMALIA","CHORDATA","CHONDRICHTHYES","CARCHARHINIFORMES","SCYLIOORHINIDAE","Haploblepharus","pictus","2020","10","17","2020","10","17","11:58","LONG BEACH","18.42717141300049","-34.18794321096873",NA,NA,NA,"HP_022","LONG BEACH",NA,"CAPERADD","UVC"
"2020-12-11","http://fin.caperadd.com/encounters/encounter.jsp?number=19858a01-55e4-4168-b15d-28d637b6c516","HAPLOBLEPHARUS PICTUS","ANIMALIA","CHORDATA","CHONDRICHTHYES","CARCHARHINIFORMES","SCYLIOORHINIDAE","Haploblepharus","pictus","2020","10","17","2020","10","17","11:37","LONG BEACH","18.42717141300049","-34.18794321096873",NA,NA,NA,"HP_012","LONG BEACH",NA,"CAPERADD","UVC"
"2020-12-11","http://fin.caperadd.com/encounters/encounter.jsp?number=2a3d5b7b-7df2-48c7-aafc-2b219fabbcbc","HAPLOBLEPHARUS EDWARDSII","ANIMALIA","CHORDATA","CHONDRICHTHYES","CARCHARHINIFORMES","SCYLIOORHINIDAE","Haploblepharus","edwardsii","2020","10","17","2020","10","17","11:38","LONG BEACH","18.42717141300049","-34.18794321096873",NA,NA,NA,"HE_070","LONG BEACH",NA,"CAPERADD","UVC"
"2020-12-11","http://fin.caperadd.com/encounters/encounter.jsp?number=41ed933c-6f99-48b9-a702-23c520209e63","HAPLOBLEPHARUS EDWARDSII","ANIMALIA","CHORDATA","CHONDRICHTHYES","CARCHARHINIFORMES","SCYLIOORHINIDAE","Haploblepharus","edwardsii","2020","10","17","2020","10","17","11:22","LONG BEACH","18.42717141300049","-34.18794321096873",NA,NA,NA,"HE_068","LONG BEACH",NA,"CAPERADD","UVC"
"2020-10-22","http://fin.caperadd.com/encounters/encounter.jsp?number=61cd46fb-d254-42fa-936e-e810ec955f4e","HAPLOBLEPHARUS PICTUS","ANIMALIA","CHORDATA","CHONDRICHTHYES","CARCHARHINIFORMES","SCYLIOORHINIDAE","Haploblepharus","pictus","2020","10","17","2020","10","17","11:17","LONG BEACH","18.42717141300049","-34.18794321096873",NA,NA,NA,"HP_013","LONG BEACH",NA,"CAPERADD","UVC"
"2020-12-11","http://fin.caperadd.com/encounters/encounter.jsp?number=78e26f77-2578-4100-b6b0-ad96415016d3","HAPLOBLEPHARUS EDWARDSII","ANIMALIA","CHORDATA","CHONDRICHTHYES","CARCHARHINIFORMES","SCYLIOORHINIDAE","Haploblepharus","edwardsii","2020","10","17","2020","10","17","11:24","LONG BEACH","18.42717141300049","-34.18794321096873",NA,NA,NA,"HE_053","LONG BEACH",NA,"CAPERADD","UVC"
"2020-12-11","http://fin.caperadd.com/encounters/encounter.jsp?number=afc07541-ac85-4fc7-95a6-26c908b85dd2","HAPLOBLEPHARUS EDWARDSII","ANIMALIA","CHORDATA","CHONDRICHTHYES","CARCHARHINIFORMES","SCYLIOORHINIDAE","Haploblepharus","edwardsii","2020","10","17","2020","10","17","11:29","LONG BEACH","18.42717141300049","-34.18794321096873",NA,NA,NA,"HE_069","LONG BEACH",NA,"CAPERADD","UVC"
"2020-12-11","http://fin.caperadd.com/encounters/encounter.jsp?number=bd5f2bf6-e071-45bc-9d02-2db634f15ce9","HAPLOBLEPHARUS EDWARDSII","ANIMALIA","CHORDATA","CHONDRICHTHYES","CARCHARHINIFORMES","SCYLIOORHINIDAE","Haploblepharus","edwardsii","2020","10","17","2020","10","17","12:1","LONG BEACH","18.42717141300049","-34.18794321096873",NA,NA,NA,"HE_071","LONG BEACH",NA,"CAPERADD","UVC"
"2020-10-22","http://fin.caperadd.com/encounters/encounter.jsp?number=1a3432b3-7f53-4fed-92bd-a36823bb4b7e","HAPLOBLEPHARUS EDWARDSII","ANIMALIA","CHORDATA","CHONDRICHTHYES","CARCHARHINIFORMES","SCYLIOORHINIDAE","Haploblepharus","edwardsii","2020","10","8","2020","10","8","11:27","LONG BEACH","18.42717141300049","-34.18794321096873",NA,NA,NA,"HE_053","LONG BEACH",NA,"CAPERADD","UVC"
"2020-10-22","http://fin.caperadd.com/encounters/encounter.jsp?number=4f95750f-32b5-4478-add1-77f4b32aab48","PORODERMA AFRICANUM","ANIMALIA","CHORDATA","CHONDRICHTHYES","CARCHARHINIFORMES","SCYLIOORHINIDAE","Poroderma","africanum","2020","10","8","2020","10","8","11:22","LONG BEACH","18.42717141300049","-34.18794321096873",NA,NA,NA,"PA_007","LONG BEACH",NA,"CAPERADD","UVC"
"2020-10-22","http://fin.caperadd.com/encounters/encounter.jsp?number=6123ce28-8e80-4940-b4e0-adbe8c42b9b2","HAPLOBLEPHARUS PICTUS","ANIMALIA","CHORDATA","CHONDRICHTHYES","CARCHARHINIFORMES","SCYLIOORHINIDAE","Haploblepharus","pictus","2020","10","8","2020","10","8","11:11","LONG BEACH","18.42717141300049","-34.18794321096873",NA,NA,NA,"HP_011","LONG BEACH",NA,"CAPERADD","UVC"
"2020-10-09","http://fin.caperadd.com/encounters/encounter.jsp?number=25d4eb38-bc15-4933-b810-6d80088d828d","HAPLOBLEPHARUS PICTUS","ANIMALIA","CHORDATA","CHONDRICHTHYES","CARCHARHINIFORMES","SCYLIOORHINIDAE","Haploblepharus","pictus","2020","10","7","2020","10","7",NA,"LONG BEACH","18.42717141300049","-34.18794321096873",NA,NA,NA,"HP_010","LONG BEACH",NA,"CAPERADD","UVC"
"2020-10-09","http://fin.caperadd.com/encounters/encounter.jsp?number=3b3936b8-577c-45af-b26d-01df464dbac6","HAPLOBLEPHARUS EDWARDSII","ANIMALIA","CHORDATA","CHONDRICHTHYES","CARCHARHINIFORMES","SCYLIOORHINIDAE","Haploblepharus","edwardsii","2020","10","6","2020","10","6","14:38","LONG BEACH","18.42717141300049","-34.18794321096873",NA,NA,NA,"HE_048","LONG BEACH",NA,"CAPERADD","UVC"
"2020-10-09","http://fin.caperadd.com/encounters/encounter.jsp?number=4fd281d9-b204-4127-9a9e-c9af7c416d27","HAPLOBLEPHARUS PICTUS","ANIMALIA","CHORDATA","CHONDRICHTHYES","CARCHARHINIFORMES","SCYLIOORHINIDAE","Haploblepharus","pictus","2020","10","5","2020","10","5",NA,"LONG BEACH","18.42717141300049","-34.18794321096873",NA,NA,NA,"HP_008","LONG BEACH",NA,"CAPERADD","UVC"
"2020-10-09","http://fin.caperadd.com/encounters/encounter.jsp?number=d893218f-e651-4e79-bcda-6defb57f8674","HAPLOBLEPHARUS EDWARDSII","ANIMALIA","CHORDATA","CHONDRICHTHYES","CARCHARHINIFORMES","SCYLIOORHINIDAE","Haploblepharus","edwardsii","2020","10","5","2020","10","5",NA,"LONG BEACH","18.42717141300049","-34.18794321096873",NA,NA,NA,"HE_046","LONG BEACH",NA,"CAPERADD","UVC"
"2020-10-09","http://fin.caperadd.com/encounters/encounter.jsp?number=f5ae1941-5a2b-4152-8c9b-6df36ae35306","HAPLOBLEPHARUS PICTUS","ANIMALIA","CHORDATA","CHONDRICHTHYES","CARCHARHINIFORMES","SCYLIOORHINIDAE","Haploblepharus","pictus","2020","10","5","2020","10","5",NA,"LONG BEACH","18.42717141300049","-34.18794321096873",NA,NA,NA,"HP_009","LONG BEACH",NA,"CAPERADD","UVC"
"2020-09-16","http://fin.caperadd.com/encounters/encounter.jsp?number=03f51d80-f775-4efa-bde0-e0e11e5b6e7e","HAPLOBLEPHARUS PICTUS","ANIMALIA","CHORDATA","CHONDRICHTHYES","CARCHARHINIFORMES","SCYLIOORHINIDAE","Haploblepharus","pictus","2020","9","13","2020","9","13","6:30","MILLER'S POINT","18.475479256189463","-34.23404052958355",NA,NA,NA,"HP_004","MILLER'S POINT",NA,"CAPERADD","UVC"
"2020-09-15","http://fin.caperadd.com/encounters/encounter.jsp?number=07671e59-3cbc-4098-9565-1046aee17a91","HAPLOBLEPHARUS EDWARDSII","ANIMALIA","CHORDATA","CHONDRICHTHYES","CARCHARHINIFORMES","SCYLIOORHINIDAE","Haploblepharus","edwardsii","2020","9","2","2020","9","2",NA,"LONG BEACH SIMOSNTOWN","18.42717141300049","-34.18794321096873",NA,"Open water dives with my student.",NA,"HE_034","LONG BEACH",NA,"CAPERADD","UVC"
"2020-09-23","http://fin.caperadd.com/encounters/encounter.jsp?number=9bb31731-2731-4f3d-be82-b6333a992d2b","HAPLOBLEPHARUS EDWARDSII","ANIMALIA","CHORDATA","CHONDRICHTHYES","CARCHARHINIFORMES","SCYLIOORHINIDAE","Haploblepharus","edwardsii","2020","8","1","2020","8","1","13:0","A-FRAME","18.462353","-34.20798",NA,NA,NA,"HE_039","A-FRAME",NA,"CAPERADD","UVC"
"2020-09-23","http://fin.caperadd.com/encounters/encounter.jsp?number=c4ef5393-ee53-43c7-9ccf-51044b827e7a","HAPLOBLEPHARUS EDWARDSII","ANIMALIA","CHORDATA","CHONDRICHTHYES","CARCHARHINIFORMES","SCYLIOORHINIDAE","Haploblepharus","edwardsii","2020","7","25","2020","7","25","11:40","IN OPEN SAND AREA PAST WINDMILL BEACH","18.45667","-34.201",NA,NA,NA,"HE_038","WINDMILL BEACH",NA,"CAPERADD","UVC"
"2020-09-23","http://fin.caperadd.com/encounters/encounter.jsp?number=f2f1719e-5386-487f-9002-b14755c8be6e","HAPLOBLEPHARUS EDWARDSII","ANIMALIA","CHORDATA","CHONDRICHTHYES","CARCHARHINIFORMES","SCYLIOORHINIDAE","Haploblepharus","edwardsii","2020","7","25","2020","7","25","11:40","IN OPEN SAND AREA PAST WINDMILL BEACH","18.45667","-34.201",NA,"I can try send some better quality colour graded photos if these aren't good enough. Let me know!",NA,"HE_037","WINDMILL BEACH",NA,"CAPERADD","UVC"
"2020-09-15","http://fin.caperadd.com/encounters/encounter.jsp?number=b204cb37-68c1-4a93-876b-3c88b11f0c1d","HAPLOBLEPHARUS EDWARDSII","ANIMALIA","CHORDATA","CHONDRICHTHYES","CARCHARHINIFORMES","SCYLIOORHINIDAE","Haploblepharus","edwardsii","2020","7","21","2020","7","21","13:56",NA,"18.462353","-34.20798",NA,NA,NA,"HE_030","A-FRAME",NA,"CAPERADD","UVC"
"2020-09-15","http://fin.caperadd.com/encounters/encounter.jsp?number=f5ea8c9e-7509-4d53-83e5-4f81dad6b0c9","HAPLOBLEPHARUS EDWARDSII","ANIMALIA","CHORDATA","CHONDRICHTHYES","CARCHARHINIFORMES","SCYLIOORHINIDAE","Haploblepharus","edwardsii","2020","7","21","2020","7","21","14:0",NA,"18.462353","-34.20798",NA,NA,NA,"HE_032","A-FRAME",NA,"CAPERADD","UVC"
"2020-09-15","http://fin.caperadd.com/encounters/encounter.jsp?number=ae06f939-defa-49ea-90a4-65a0406dbbaa","HAPLOBLEPHARUS EDWARDSII","ANIMALIA","CHORDATA","CHONDRICHTHYES","CARCHARHINIFORMES","SCYLIOORHINIDAE","Haploblepharus","edwardsii","2020","7","12","2020","7","12","10:58",NA,"18.42717141300049","-34.18794321096873","male",NA,NA,"HE_031","LONG BEACH",NA,"CAPERADD","UVC"
"2020-09-15","http://fin.caperadd.com/encounters/encounter.jsp?number=b95beb5b-781b-4a10-8d4c-1c742043b4f8","HAPLOBLEPHARUS PICTUS","ANIMALIA","CHORDATA","CHONDRICHTHYES","CARCHARHINIFORMES","SCYLIOORHINIDAE","Haploblepharus","pictus","2020","7","3","2020","7","3","17:18",NA,"18.45667","-34.201",NA,NA,NA,"HP_003","WINDMILL BEACH",NA,"CAPERADD","UVC"
"2020-09-15","http://fin.caperadd.com/encounters/encounter.jsp?number=9b9d1286-82a6-42fe-809c-49f2cf2c0568","HAPLOBLEPHARUS PICTUS","ANIMALIA","CHORDATA","CHONDRICHTHYES","CARCHARHINIFORMES","SCYLIOORHINIDAE","Haploblepharus","pictus","2019","7","12","2019","7","12","10:49",NA,"18.45667","-34.201",NA,NA,NA,"HP_002","WINDMILL BEACH",NA,"CAPERADD","UVC"
"2020-09-15","http://fin.caperadd.com/encounters/encounter.jsp?number=8fa7aa41-30d1-4b83-a55e-76cc4a7cfbd2","HAPLOBLEPHARUS EDWARDSII","ANIMALIA","CHORDATA","CHONDRICHTHYES","CARCHARHINIFORMES","SCYLIOORHINIDAE","Haploblepharus","edwardsii","2019","7","11","2019","7","11","19:45",NA,"18.462353","-34.20798",NA,NA,NA,"HE_025","A-FRAME",NA,"CAPERADD","UVC"
"2020-09-15","http://fin.caperadd.com/encounters/encounter.jsp?number=c9762db7-7997-4ecc-a731-7edaecaaa9dd","HAPLOBLEPHARUS EDWARDSII","ANIMALIA","CHORDATA","CHONDRICHTHYES","CARCHARHINIFORMES","SCYLIOORHINIDAE","Haploblepharus","edwardsii","2019","5","10","2019","5","10","15:13",NA,"18.45667","-34.201",NA,NA,NA,"HE_027","WINDMILL BEACH",NA,"CAPERADD","UVC"
"2020-12-17","http://fin.caperadd.com/encounters/encounter.jsp?number=02759298-dfaa-41ed-bbae-8934d0bc5057","PORODERMA AFRICANUM","ANIMALIA","CHORDATA","CHONDRICHTHYES","CARCHARHINIFORMES","SCYLIOORHINIDAE","Poroderma","africanum","2020","11","22","2020","11","22",NA,"LONG BEACH","18.42717141300049","-34.18794321096873",NA,NA,NA,NA,"LONG BEACH",NA,"CAPERADD","UVC"
"2020-12-17","http://fin.caperadd.com/encounters/encounter.jsp?number=7e21d641-c07b-4946-821d-91613783dd0a","PORODERMA AFRICANUM","ANIMALIA","CHORDATA","CHONDRICHTHYES","CARCHARHINIFORMES","SCYLIOORHINIDAE","Poroderma","africanum","2020","11","22","2020","11","22",NA,"LONG BEACH","18.42717141300049","-34.18794321096873",NA,NA,NA,NA,"LONG BEACH",NA,"CAPERADD","UVC"
"2020-12-17","http://fin.caperadd.com/encounters/encounter.jsp?number=b1a98bb4-11ab-49e1-a698-eeb825875ac7","PORODERMA AFRICANUM","ANIMALIA","CHORDATA","CHONDRICHTHYES","CARCHARHINIFORMES","SCYLIOORHINIDAE","Poroderma","africanum","2020","11","22","2020","11","22",NA,"LONG BEACH","18.42717141300049","-34.18794321096873",NA,NA,NA,NA,"LONG BEACH",NA,"CAPERADD","UVC"
"2020-12-17","http://fin.caperadd.com/encounters/encounter.jsp?number=22b4b3c3-fc4b-487d-bba8-d4bf261ec9c6","PORODERMA AFRICANUM","ANIMALIA","CHORDATA","CHONDRICHTHYES","CARCHARHINIFORMES","SCYLIOORHINIDAE","Poroderma","africanum","2020","10","24","2020","10","24","11:40","LONG BEACH","18.42717141300049","-34.18794321096873",NA,NA,NA,NA,"LONG BEACH",NA,"CAPERADD","UVC"
"2020-12-17","http://fin.caperadd.com/encounters/encounter.jsp?number=fdb787ce-fe16-483e-bc6f-19f5328710a6","PORODERMA AFRICANUM","ANIMALIA","CHORDATA","CHONDRICHTHYES","CARCHARHINIFORMES","SCYLIOORHINIDAE","Poroderma","africanum","2020","10","24","2020","10","24","12:1","LONG BEACH","18.42717141300049","-34.18794321096873",NA,NA,NA,NA,"LONG BEACH",NA,"CAPERADD","UVC"
"2020-10-22","http://fin.caperadd.com/encounters/encounter.jsp?number=c4f22a3a-3110-4713-9d55-06d53ae99d87","HAPLOBLEPHARUS EDWARDSII","ANIMALIA","CHORDATA","CHONDRICHTHYES","CARCHARHINIFORMES","SCYLIOORHINIDAE","Haploblepharus","edwardsii","2020","10","8","2020","10","8","11:27","LONG BEACH","18.42717141300049","-34.18794321096873",NA,NA,NA,NA,"LONG BEACH",NA,"CAPERADD","UVC"
