"DATE","LOCATION","ZONE...3","ZONE...4","TIME IN","TIME OUT","TOTAL SURVEY TIME","SPOT TIME","LATITUDE","LONGITUDE","DATATYPE","SPECIES_COMMON","SPECIES_SCIENTIFIC","OTHER SPECIES OF NOTE","SEX","TAGGED","NOTES","PICTURE","VIDEO","ADDITIONALNOTES","SHARKLIFE","DATA ENTRY BY:","CREW MEMBERS","DAY","MONTH","YEAR","OWNER"
"11.09.2018","GOTHAM","SDRZ","Shallow","0.4291666666666667",NA,NA,"0.43124999999999997",-27.4923099,32.70276686,"UVC","BULL SHARK","CARCHARHINUS LEUCAS","0","U","U","They hung around us for 7min : Final drift coordinates are:  -27.4923099  	32.70276686","S30","R38 GoPro",NA,NA,NA,NA,11,9,2018,"SHARKLIFE"
"18.09.2020","RAGGIE REEF","IOWZ","Shallow","0.38611111111111113","0.40277777777777773",24,"0.39305555555555555",27.91505,32.59825,"UVC","BLACKTIP SHARK","CARCHARHINUS AMBLYRHYCHOS",NA,"u","u",NA,"G0030677",NA,NA,"3","Sam","Grant, Dennis, Max,Sam",18,9,2020,"SHARKLIFE"
"18.09.2020","RAGGIE REEF","IOWZ","Shallow","0.38611111111111113","0.40277777777777773",24,"0.40138888888888885",27.91571,32.5981,"UVC","BLACKTIP SHARK","CARCHARHINUS AMBLYRHYCHOS",NA,"u","u",NA,"G0040688",NA,NA,"3","Sam","Grant, Dennis, Max,Sam",18,9,2020,"SHARKLIFE"
"18.09.2020","RAGGIE REEF","IOWZ","Shallow","0.38611111111111113","0.40277777777777773",24,"0.40208333333333335",27.91575,32.59808,"UVC","BLACKTIP SHARK","CARCHARHINUS AMBLYRHYCHOS",NA,"u","u",NA,"G0050695",NA,NA,"3","Sam","Grant, Dennis, Max,Sam",18,9,2020,"SHARKLIFE"
"18.09.2020","RAGGIE REEF","IOWZ","Shallow","0.38611111111111113","0.40277777777777773",24,"0.40208333333333335",27.91575,32.59808,"UVC","BLACKTIP SHARK","CARCHARHINUS AMBLYRHYCHOS",NA,"u","u",NA,"G0050695",NA,NA,"3","Sam","Grant, Dennis, Max,Sam",18,9,2020,"SHARKLIFE"
"07.10.2020","STRINGER","SDRZ","Shallow","0.37638888888888888","0.3923611111111111",23,"0.38611111111111113",27.53085,32.682067,"UVC","LEOPARD WHIPTAIL RAY","HIMANTURA UNDULATA","baracuda","U","U","0","07.10.2020_2M (11)","0","0","4","Sam","Grant, Dennis, Max,Sam,Jess",7,10,2020,"SHARKLIFE"
"21.11.2020","SANCTUARY","IOWZ","Shallow","0.29444444444444445","0.33194444444444443",54,"0.30208333333333331",27.91384,32.59793,"UVC-F","COMMON BLACKTIP","CARCHARHINUS LIMBATUS",NA,NA,NA,NA,"21.11.2020_RR_ Blacktip",NA,"very large, almost the same size as the raggies","2","Sam","Grant, Max, Jess, Sam, Dennis",21,11,2020,"SHARKLIFE"
"07.09.2018","GOTHAM","SDRZ","Shallow","0.44166666666666665",NA,NA,"0.44305555555555554",-27.499113,32.698677,"UVC","BULL SHARK","CARCHARHINUS LEUCAS","0","U","U",NA,NA,"R30 360",NA,NA,NA,NA,7,9,2018,"SHARKLIFE"
"07.09.2018","GOTHAM","SDRZ","Shallow",NA,NA,NA,NA,-27.499113,32.698677,"UVC","BULL SHARK","CARCHARHINUS LEUCAS","0","U","U",NA,NA,"R30 360",NA,NA,NA,NA,7,9,2018,"SHARKLIFE"
"11.09.2018","GOTHAM","SDRZ","Shallow",NA,NA,NA,NA,-27.499113,32.698677,"UVC","BULL SHARK","CARCHARHINUS LEUCAS","0","U","U",NA,NA,"R38 GoPro",NA,NA,NA,NA,11,9,2018,"SHARKLIFE"
"23.05.2019","GOTHAM","SDRZ","Shallow",NA,NA,NA,"0.45347222222222222",-27.499113,32.698677,"UVC","BULL SHARK","CARCHARHINUS LEUCAS","0","U","U","always circles upcurrent and with the light behind it",NA,"y",NA,NA,NA,NA,23,5,2019,"SHARKLIFE"
"18.06.2019","GOTHAM","SDRZ","Shallow","0.4291666666666667",NA,NA,"0.4375",-27.499113,32.698677,"UVC","BULL SHARK","CARCHARHINUS LEUCAS","0","U","N","entered the water for a group of wahoos, the bull was circling around for 5 min but didn't came any closer to the surface than 10 m",NA,NA,NA,NA,NA,NA,18,6,2019,"SHARKLIFE"
"18.06.2019","GOTHAM","SDRZ","Shallow","0.4291666666666667",NA,NA,"0.45833333333333331",-27.499113,32.698677,"UVC","BULL SHARK","CARCHARHINUS LEUCAS","0","F","old spaghetti tag beneath dorsal fin right","swimming in circles with 2 smaller bulls following; we only entered water briefly and watched from the boat most of the time","C0025","C0025",NA,NA,NA,NA,18,6,2019,"SHARKLIFE"
"18.06.2019","GOTHAM","SDRZ","Shallow","0.4291666666666667",NA,NA,"0.45833333333333331",-27.499113,32.698677,"UVC","BULL SHARK","CARCHARHINUS LEUCAS","0","U","N","swimming in circles following the big female; we only entered water briefly and watched from the boat most of the time","C0042_4","C0039",NA,NA,NA,NA,18,6,2019,"SHARKLIFE"
"18.06.2019","GOTHAM","SDRZ","Shallow","0.4291666666666667",NA,NA,"0.45833333333333331",-27.499113,32.698677,"UVC","BULL SHARK","CARCHARHINUS LEUCAS","0","U","N","swimming in circles following the big female; we only entered water briefly and watched from the boat most of the time","C0038_1","C0039",NA,NA,NA,NA,18,6,2019,"SHARKLIFE"
"25.06.2019","GOTHAM","SDRZ","Shallow","0.4375",NA,NA,"0.44027777777777777",-27.499113,32.698677,"UVC","BULL SHARK","CARCHARHINUS LEUCAS","0","U","N","swimming below flasher",NA,NA,NA,NA,NA,NA,25,6,2019,"SHARKLIFE"
"26.06.2019","GOTHAM","SDRZ","Shallow","0.45833333333333331",NA,NA,"0.46180555555555558",-27.499113,32.698677,"UVC","BULL SHARK","CARCHARHINUS LEUCAS","0","U","N","swimming below flasher",NA,NA,NA,NA,NA,NA,26,6,2019,"SHARKLIFE"
"26.06.2019","GOTHAM","SDRZ","Shallow","0.45833333333333331",NA,NA,"0.46597222222222223",-27.499113,32.698677,"UVC","BULL SHARK","CARCHARHINUS LEUCAS","0","U","N","swimming below flasher",NA,"G0255237",NA,NA,NA,NA,26,6,2019,"SHARKLIFE"
"29.06.2019","GOTHAM","SDRZ","Shallow","0.49652777777777773",NA,NA,"0.5",-27.499113,32.698677,"UVC","BULL SHARK","CARCHARHINUS LEUCAS","0","U","N","swimming beneath freediver boye weight",NA,NA,NA,NA,NA,NA,29,6,2019,"SHARKLIFE"
"29.06.2019","TWO MILE","SDRZ","Shallow","0.45833333333333331",NA,NA,"0.47222222222222227",-27.514023,32.685593,"UVC","BULL SHARK","CARCHARHINUS LEUCAS","0","U","N","swimming on bottom away from freedivers",NA,NA,NA,NA,NA,NA,29,6,2019,"SHARKLIFE"
"08.09.2019","GOTHAM","SDRZ","Shallow","U","U",NA,"U",-27.499113,32.698677,"UVC","BULL SHARK","CARCHARHINUS LEUCAS","0","F","N","only flasher cams, stayed the whole time",NA,NA,NA,"0",NA,"Greg, Grant, 4xWorkshop Students",8,9,2019,"SHARKLIFE"
"10.09.2019","GOTHAM","SDRZ","Shallow","0.43263888888888885","0.44097222222222227",NA,"0.43611111111111112",-27.499113,32.698677,"UVC","BULL SHARK","CARCHARHINUS LEUCAS","0","F","N","came in calm to the flasher, stayed for 5 minutes","G037497","10.09.2019",NA,"0",NA,"Miriam, Greg, Grant, 2xWorkshop students",10,9,2019,"SHARKLIFE"
"10.11.2019","GOTHAM","SDRZ","Shallow","0.40763888888888888","0.41875000000000001",NA,"0.40902777777777777",-27.499113,32.698677,"UVC","BULL SHARK","CARCHARHINUS LEUCAS","0","U","N","U","see flash cam","GOPR9726",NA,"5",NA,"Miriam,Greg,Grant,Brooke,2xWorkshop students",10,11,2019,"SHARKLIFE"
"10.11.2019","GOTHAM","SDRZ","Shallow","0.40763888888888888","0.41875000000000001",NA,"0.40902777777777777",-27.499113,32.698677,"UVC","BULL SHARK","CARCHARHINUS LEUCAS","0","U","N","U","see flash cam","GOPR9726",NA,"5",NA,"Miriam,Greg,Grant,Brooke,2xWorkshop students",10,11,2019,"SHARKLIFE"
"10.11.2019","GOTHAM","SDRZ","Shallow","0.40763888888888888","0.41875000000000001",NA,"0.40833333333333338",-27.499113,32.698677,"UVC","SILVERTIP","CARCHARHINUS ALBIMARGINATUS","0","U","N","leatherback surprised us when silvertip was around","see flash cam","GOPR9726",NA,"5",NA,"Miriam,Greg,Grant,Brooke,2xWorkshop students",10,11,2019,"SHARKLIFE"
"17.11.2019","GOTHAM","SDRZ","Shallow","0.4201388888888889","0.42708333333333331",NA,"0.42083333333333334",-27.499113,32.698677,"UVC","BULL SHARK","CARCHARHINUS LEUCAS","0","F","N","stayed for entire duration","GOO20339",NA,NA,"3",NA,"Grant, Ayunde, Emma, Brooke",17,11,2019,"SHARKLIFE"
"21.11.2019","GOTHAM","SDRZ","Shallow","0.3923611111111111","0.39999999999999997",NA,"0.39513888888888887",-27.499113,32.698677,"UVC","2 BULL SHARKS","CARCHARHINUS LEUCAS","0","U","U","calm but left quickly","GOO11296",NA,NA,"5",NA,"Grant, Emma, Brooke, 3 x workshop students",21,11,2019,"SHARKLIFE"
"22.11.2019","RAGGIE REEF","IOWZ","Shallow","0.36319444444444443","0.39166666666666666",NA,"0.37847222222222227",-27.91505,32.59825,"UVC","RAGGIES + 3 BLACKTIP SHARKS","CARCHARIAS TAURUS","0","U","U","inquisitive but skittish",NA,NA,NA,"4",NA,"Grant, Candice, Ayunde, Emma, Brooke",22,11,2019,"SHARKLIFE"
"22.11.2020","RAGGIE REEF","IOWZ","Shallow","0.3923611111111111","0.42708333333333331",NA,NA,-27.91505,32.59825,"UVC-S","RAGGIE SHARKS","CARCHARIAS TAURUS","0","ns","ns",NA,NA,NA,NA,"4",NA,"Grant, Candice, Ayunde, Emma, Brooke",22,11,2020,"SHARKLIFE"
"26.11.2019","RAGGIE REEF","IOWZ","Shallow","0.32500000000000001","0.37152777777777773",NA,NA,-27.91505,32.59825,"UVC","RAGGIE SHARKS + 3 BLACKTIPS","CARCHARIAS TAURUS","0",NA,"U",NA,NA,NA,NA,"3",NA,"Grant, Candice, Ayunde, Eben, Emma, Brooke",26,11,2019,"SHARKLIFE"
"26.11.2019","RAGGIE REEF","IOWZ","Shallow","0.3888888888888889","0.41666666666666669",NA,NA,-27.91505,32.59825,"UVC-F","RAGGIE SHARKS + 1 BLACKTIP","CARCHARIAS TAURUS","0",NA,"U",NA,NA,NA,NA,"5",NA,"Grant, Candice, Ayunde, Eben, Emma, Brooke",26,11,2019,"SHARKLIFE"
"02.12.2019","QUARTER MILE","IOCPLZN","Shallow","0.32291666666666669","0.3520833333333333",NA,"0.3263888888888889",-27.534618,32.683308,"UVC-F","2 RAGGIES","CARCHARIAS TAURUS","0","F","no","skittish, easily disturbed",NA,NA,NA,"1",NA,"Grant, Ayunde, Emma",2,12,2019,"SHARKLIFE"
"02.12.2019","QUARTER MILE","IOCPLZN","Shallow","0.32291666666666669","0.3520833333333333",NA,"0.33402777777777781",-27.534618,32.683308,"UVC-F","RAGGED-TOOTH SHARK","CARCHARIAS TAURUS","0","F","no","still but easily disturbed","GOO18836-47",NA,NA,"2",NA,"Grant, Ayunde, Emma",2,12,2019,"SHARKLIFE"
"02.12.2019","QUARTER MILE","IOCPLZN","Shallow","0.32291666666666669","0.3520833333333333",NA,"0.34722222222222227",-27.534618,32.683308,"UVC-F","RAGGED-TOOTH SHARK","CARCHARIAS TAURUS","0","F","no","still but easily disturbed","IMG_9714-9720",NA,NA,"2",NA,"Grant, Ayunde, Emma",2,12,2019,"SHARKLIFE"
"31.12.2019","QUARTER MILE","IOCPLZN","Shallow","0.47916666666666669","0.49791666666666662",27,NA,-27.534618,32.683308,"UVC-F","OCELLATED EAGLE RAY","AETOBATUS OCELLATUS","ns","F","N",NA,"GOPR8337 (1)","GOPR8337_OER","raggies, grant scubered to retrieve RUV?","3",NA,"Grant, Candice, Greg, Miriam, Emma, Paige, David",31,12,2019,"SHARKLIFE"
"31.12.2019","QUARTER MILE","IOCPLZN","Shallow","0.47916666666666669","0.49791666666666662",27,NA,-27.534618,32.683308,"UVC-F","OCELLATED EAGLE RAY","AETOBATUS OCELLATUS","ns","u","N",NA,NA,"GOPR4899","raggies, grant scubered to retrieve RUV?","3",NA,"Grant, Candice, Greg, Miriam, Emma, Paige, David",31,12,2019,"SHARKLIFE"
"31.12.2019","QUARTER MILE","IOCPLZN","Shallow","0.47916666666666669","0.49791666666666662",27,NA,-27.534618,32.683308,"UVC-F","OCELLATED EAGLE RAY","AETOBATUS OCELLATUS","ns","u","N",NA,NA,"GOPR4899","raggies, grant scubered to retrieve RUV?","3",NA,"Grant, Candice, Greg, Miriam, Emma, Paige, David",31,12,2019,"SHARKLIFE"
"31.12.2019","QUARTER MILE","IOCPLZN","Shallow","0.47916666666666669","0.49791666666666662",27,NA,-27.534618,32.683308,"UVC-F","OCELLATED EAGLE RAY","AETOBATUS OCELLATUS","ns","u","N",NA,NA,"GOPR4899","raggies, grant scubered to retrieve RUV?","3",NA,"Grant, Candice, Greg, Miriam, Emma, Paige, David",31,12,2019,"SHARKLIFE"
"31.12.2019","RAGGIE REEF","IOWZ","Shallow","0.31944444444444448","0.39930555555555558",115,NA,-27.91505,32.59825,"UVC-F","OCELLATED EAGLE RAY","AETOBATUS OCELLATUS","ns","M","N",NA,"GH017111 (1)","GH017111","plenty of raggies, mediocre vis","6",NA,"Grant, Candice, Greg, Miriam, Emma, Paige, David",31,12,2019,"SHARKLIFE"
"31.12.2019","RAGGIE REEF","IOWZ","Shallow","0.31944444444444448","0.39930555555555558",115,NA,-27.91505,32.59825,"UVC-F","BLACKTIP SHARK","CARCHARHINUS LIMBATUS","2 pickhandle barracuda","F","N",NA,"G0338274 (2)","-","plenty of raggies, mediocre vis","6",NA,"Grant, Candice, Greg, Miriam, Emma, Paige, David",31,12,2019,"SHARKLIFE"
"02.01.2020","QUARTER MILE","IOCPLZN","Shallow","0.38541666666666669","0.45833333333333331",105,NA,-27.534618,32.683308,"UVC-F","OCELLATED EAGLE RAY","AETOBATUS OCELLATUS","brindle bass?","U","U",NA,"-","GOPR8614_OER","approx. 45 raggies, grant scubered to retrieve RUV","6",NA,"Grant, Greg, Miriam, Emma, Brooke, Paige, David",2,1,2020,"SHARKLIFE"
"02.01.2020","QUARTER MILE","IOCPLZN","Shallow","0.38541666666666669","0.45833333333333331",105,NA,-27.534618,32.683308,"UVC-F","DRAGON RAY","PATEOBATIS JENKINSII","2 pickhandle barracudas","F","N","stationary until second one came, then began swimming in circles close to the bottom","GOPR8782 (1)","GOPR8782","approx. 45 raggies, grant scubered to retrieve RUV","6",NA,"Grant, Greg, Miriam, Emma, Brooke, Paige, David",2,1,2020,"SHARKLIFE"
"02.01.2020","QUARTER MILE","IOCPLZN","Shallow","0.38541666666666669","0.45833333333333331",105,NA,-27.534618,32.683308,"UVC-F","DRAGON RAY","PATEOBATIS JENKINSII","ns","F","N","swam over to the other one, began to swim in circles close to the bottom","GOPR8782 (1)","GOPR8782","approx. 45 raggies, grant scubered to retrieve RUV","6",NA,"Grant, Greg, Miriam, Emma, Brooke, Paige, David",2,1,2020,"SHARKLIFE"
"03.01.2020","QUARTER MILE","IOCPLZN","Shallow","0.35416666666666669","0.42708333333333331",105,NA,-27.534618,32.683308,"UVC-F","NS","NS","ns","ns","ns","ns","ns","ns","approx. 45 raggies, grant scubered to retrieve RUV","6",NA,"Grant, Greg, Miriam, Emma, Brooke, Paige, David",3,1,2020,"SHARKLIFE"
"04.01.2020","QUARTER MILE","IOCPLZN","Shallow","0.35416666666666669","0.40625",75,NA,-27.534618,32.683308,"UVC-F","LEOPARD RAY","HIMANTURA LEOPARDA","ns","M","N",NA,"GOPR9981 (1)","GOPR9981","approx. 40 raggies","6",NA,"Grant, Greg, Miriam, Emma, Brooke, Paige, David",4,1,2020,"SHARKLIFE"
"04.01.2020","QUARTER MILE","IOCPLZN","Shallow","0.35416666666666669","0.40625",75,NA,-27.534618,32.683308,"UVC-F","HONEYCOMB RAY","HIMANTURA UNDULATA","ns","F","N","possibly a juvenile","GOPR9982 (1)","GOPR9982","approx. 40 raggies","6",NA,"Grant, Greg, Miriam, Emma, Brooke, Paige, David",4,1,2020,"SHARKLIFE"
"04.01.2020","QUARTER MILE","IOCPLZN","Shallow","0.35416666666666669","0.40625",75,NA,-27.534618,32.683308,"UVC-F","OCELLATED EAGLE RAY","AETOBATUS OCELLATUS","ns","F","N",NA,"GOPR9983 (1)","GOPR9983","approx. 40 raggies","6",NA,"Grant, Greg, Miriam, Emma, Brooke, Paige, David",4,1,2020,"SHARKLIFE"
"04.01.2020","QUARTER MILE","IOCPLZN","Shallow","0.35416666666666669","0.40625",75,NA,-27.534618,32.683308,"UVC-F","HONEYCOMB RAY","HIMANTURA UNDULATA","ns","F","N","likely the same one","GOPR9997 (1)","GOPR9997","approx. 40 raggies","6",NA,"Grant, Greg, Miriam, Emma, Brooke, Paige, David",4,1,2020,"SHARKLIFE"
"04.01.2020","QUARTER MILE","IOCPLZN","Shallow","0.35416666666666669","0.40625",75,NA,-27.534618,32.683308,"UVC-F","HONEYCOMB RAY","HIMANTURA UNDULATA","ns","F","N","likely the same one","GOPR0025 (1)","GOPR0025","approx. 40 raggies","6",NA,"Grant, Greg, Miriam, Emma, Brooke, Paige, David",4,1,2020,"SHARKLIFE"
"06.01.2020","QUARTER MILE","IOCPLZN","Shallow","0.375","0.39583333333333331",30,NA,-27.534618,32.683308,"UVC-F","DRAGON RAY","PATEOBATIS JENKINSII","ns","M","N","strong current","G0016439 (1)","-","no raggies, grant scubered, all rays seen by grant whilst on scuber","3",NA,"Grant, Ayanda, Miriam, Emma",6,1,2020,"SHARKLIFE"
"06.01.2020","QUARTER MILE","IOCPLZN","Shallow","0.375","0.39583333333333331",30,NA,-27.534618,32.683308,"UVC-F","DRAGON RAY","PATEOBATIS JENKINSII","ns","M","N","strong current","G0026447 (1)","-","no raggies, grant scubered, all rays seen by grant whilst on scuber","3",NA,"Grant, Ayanda, Miriam, Emma",6,1,2020,"SHARKLIFE"
"06.01.2020","QUARTER MILE","IOCPLZN","Shallow","0.375","0.39583333333333298",30,NA,-27.534618,32.683308,"UVC-F","DRAGON RAY","PATEOBATIS JENKINSII","ns","F","N","strong current","G0026446 (1)","-","no raggies, grant scubered, all rays seen by grant whilst on scuber","3",NA,"Grant, Ayanda, Miriam, Emma",6,1,2020,"SHARKLIFE"
"06.01.2020","QUARTER MILE","IOCPLZN","Shallow","0.375","0.39583333333333298",30,NA,-27.534618,32.683308,"UVC-F","ROUND RIBBONTAIL RAY","TAENIURA MEYENI","ns","M","N","strong current","G0036458 (1)","-","no raggies, grant scubered, all rays seen by grant whilst on scuber","3",NA,"Grant, Ayanda, Miriam, Emma",6,1,2020,"SHARKLIFE"
"06.01.2020","QUARTER MILE","IOCPLZN","Shallow","0.375","0.39583333333333298",30,NA,-27.534618,32.683308,"UVC-F","DRAGON RAY","PATEOBATIS JENKINSII","ns","U","N","strong current","G0046466 (1)","-","no raggies, grant scubered, all rays seen by grant whilst on scuber","3",NA,"Grant, Ayanda, Miriam, Emma",6,1,2020,"SHARKLIFE"
"06.01.2020","QUARTER MILE","IOCPLZN","Shallow","0.375","0.39583333333333298",30,NA,-27.534618,32.683308,"UVC-F","DRAGON RAY","PATEOBATIS JENKINSII","ns","U","N","strong current","G0056475 (1)","-","no raggies, grant scubered, all rays seen by grant whilst on scuber","3",NA,"Grant, Ayanda, Miriam, Emma",6,1,2020,"SHARKLIFE"
"06.01.2020","QUARTER MILE","IOCPLZN","Shallow","0.375","0.39583333333333298",30,NA,-27.534618,32.683308,"UVC-F","DRAGON RAY","PATEOBATIS JENKINSII","ns","F","N","strong current","G0066480 (1)","-","no raggies, grant scubered, all rays seen by grant whilst on scuber","3",NA,"Grant, Ayanda, Miriam, Emma",6,1,2020,"SHARKLIFE"
"07.01.2020","QUARTER MILE","IOCPLZN","Shallow","0.31944444444444448","0.33333333333333331",20,NA,-27.534618,32.683308,"UVC-F","OCELLATED EAGLE RAY","AETOBATUS OCELLATUS","ns","U","U","just above the reef","-","-","only grant and katerina freediving","7",NA,"Grant, Ayanda, Katerina, Catherine, Zoe, Jess, Clinton, Chandre",7,1,2020,"SHARKLIFE"
"07.01.2020","QUARTER MILE","IOCPLZN","Shallow","0.31944444444444448","8:00?0",20,NA,-27.534618,32.683308,"UVC-F","OCELLATED EAGLE RAY","AETOBATUS OCELLATUS","ns","U","U","just above the reef","-","-","only grant and katerina freediving","7",NA,"Grant, Ayanda, Katerina, Catherine, Zoe, Jess, Clinton, Chandre",7,1,2020,"SHARKLIFE"
"07.01.2020","QUARTER MILE","IOCPLZN","Shallow","0.31944444444444398","8:00?0",20,NA,-27.534618,32.683308,"UVC-F","OCELLATED EAGLE RAY","AETOBATUS OCELLATUS","ns","U","U","just above the reef","-","-","only grant and katerina freediving","7",NA,"Grant, Ayanda, Katerina, Catherine, Zoe, Jess, Clinton, Chandre",7,1,2020,"SHARKLIFE"
"07.01.2020","QUARTER MILE","IOCPLZN","Shallow","0.31944444444444398","8:00?0",20,NA,-27.534618,32.683308,"UVC-F","DRAGON RAY","PATEOBATIS JENKINSII","ns","U","U",NA,"-","-","only grant and katerina freediving","7",NA,"Grant, Ayanda, Katerina, Catherine, Zoe, Jess, Clinton, Chandre",7,1,2020,"SHARKLIFE"
"08.01.2020","QUARTER MILE","IOCPLZN","Shallow","0.31944444444444398","8:00?0",20,NA,-27.534618,32.683308,"UVC-F","WHITESPOTTED WEDGEFISH","RHYNCHOBATUS DJIDDENSIS","trevally","U","U",NA,"-","-","very strong current, bad vis but warm, raggies back approx. 5","6",NA,"Grant, Ayanda, Greg, Emma, Brooke, Robin, Katerina, Catherine",8,1,2020,"SHARKLIFE"
"08.01.2020","QUARTER MILE","IOCPLZN","Shallow","0.31944444444444398","8:00?0",20,NA,-27.534618,32.683308,"UVC-F","OCELLATED EAGLE RAY","AETOBATUS OCELLATUS","trevally","U","U","just above the reef","-","-","very strong current, bad vis but warm, raggies back approx. 6","6",NA,"Grant, Ayanda, Greg, Emma, Brooke, Robin, Katerina, Catherine",8,1,2020,"SHARKLIFE"
"08.01.2020","QUARTER MILE","IOCPLZN","Shallow","0.31944444444444398","8:00?0",20,NA,-27.534618,32.683308,"UVC-F","OCELLATED EAGLE RAY","AETOBATUS OCELLATUS","trevally","U","U","just above the reef","-","-","very strong current, bad vis but warm, raggies back approx. 7","6",NA,"Grant, Ayanda, Greg, Emma, Brooke, Robin, Katerina, Catherine",8,1,2020,"SHARKLIFE"
"09.01.2020","QUARTER MILE","IOCPLZN","Shallow","0.30555555555555552","0.31944444444444448",20,NA,-27.534618,32.683308,"UVC-F","NS","NS","ns",NA,NA,NA,"-","-","10-12 raggies","7",NA,"Grant, Greg, Katerina, Catherine, Zoe, Jess, Clinton, Chandre",9,1,2020,"SHARKLIFE"
"10.01.2020","QUARTER MILE","IOCPLZN","Shallow","0.57638888888888895","0.59027777777777779",20,NA,-27.534618,32.683308,"UVC-F","NS","NS","ns","ns","ns","ns","ns","ns",NA,"3",NA,"Grant, Ayanda, Miriam, Emma, Brooke",10,1,2020,"SHARKLIFE"
"11.01.2020","QUARTER MILE","IOCPLZN","Shallow","0.61458333333333337","0.62152777777777779",10,NA,-27.534618,32.683308,"UVC-F","NS","NS","ns","ns","ns","ns","ns","ns",NA,"2",NA,"Grant, Ayanda, Miriam, Emma",11,1,2020,"SHARKLIFE"
"12.01.2020","QUARTER MILE","IOCPLZN","Shallow","0.33888888888888885","0.34166666666666662",4,NA,-27.534618,32.683308,"UVC-F","NS","NS","ns","ns","ns","ns","-","-",NA,"5",NA,"Grant, Ayanda, Emma, Robin, Clinton, Katerina, Chandre",12,1,2020,"SHARKLIFE"
"12.01.2020","QUARTER MILE","IOCPLZN","Shallow","0.3527777777777778","0.36249999999999999",14,NA,-27.534618,32.683308,"UVC-F","NS","NS","ns","ns","ns","ns","-","-","2 x raggies","5",NA,"Grant, Ayanda, Emma, Robin, Clinton, Katerina, Chandre",12,1,2020,"SHARKLIFE"
"12.01.2020","QUARTER MILE","IOCPLZN","Shallow","0.43472222222222223","0.43611111111111112",2,"ns",-27.534618,32.683308,"UVC-F","NS","NS","ns","ns","ns","ns","ns","ns","1 xraggie","1",NA,"Grant, Ayanda, Emma, Robin, Clinton, Katerina, Chandre",12,1,2020,"SHARKLIFE"
"13.01.2020","QUARTER MILE","IOCPLZN","Shallow","0.34027777777777773","0.42986111111111108",129,"0.4145833333333333",-27.534618,32.683308,"UVC-F","OCELLATED EAGLE RAY","AETOBATUS OCELLATUS","ns","F","N",NA,"G0080156","-","lots of raggies approx. 30","7",NA,"Grant, Ayanda, Greg, Brooke, Zoe, Jess, Katerina, Catherine",13,1,2020,"SHARKLIFE"
"14.01.2020","QUARTER MILE","IOCPLZN","Shallow","0.44097222222222227","0.49305555555555558",75,NA,-27.534618,32.683308,"UVC-F","WHITE TIP REEF SHARK","TRIAENODON OBESUS","ns","U","U",NA,"G0081159 (1)","-",NA,"7",NA,"Grant, Ayanda, Greg, Miriam, Katarina, Clinton, Robin, Chandre",14,1,2020,"SHARKLIFE"
"14.01.2020","QUARTER MILE","IOCPLZN","Shallow","0.44097222222222227","0.49305555555555558",75,NA,-27.534618,32.683308,"UVC-F","WHITE TIP REEF SHARK","TRIAENODON OBESUS","ns","U","U",NA,"-","-",NA,"7",NA,"Grant, Ayanda, Greg, Miriam, Katarina, Clinton, Robin, Chandre",14,1,2020,"SHARKLIFE"
"15.01.2020","QUARTER MILE","IOCPLZN","Shallow","0.34375","0.40486111111111112",78,NA,-27.534618,32.683308,"UVC-F","WHITE TIP REEF SHARK","TRIAENODON OBESUS","ns","U","U",NA,"-","-",NA,"6",NA,"Grant, Ayanda, Greg, Katerina, Catherine, Zoe, Jess",15,1,2020,"SHARKLIFE"
"16.01.2020","QUARTER MILE","IOCPLZN","Shallow","0.38055555555555554","0.4513888888888889",92,NA,-27.534618,32.683308,"UVC-F","WHITE TIP REEF SHARK","TRIAENODON OBESUS","ns","U","U",NA,"-","-",NA,"7",NA,"Grant, Ayanda, Greg, Katarina, Clinton, Robin, Brooke, Chandre",16,1,2020,"SHARKLIFE"
"16.01.2020","QUARTER MILE","IOCPLZN","Shallow","0.38055555555555554","0.4513888888888889",92,NA,-27.534618,32.683308,"UVC-F","WHITE TIP REEF SHARK","TRIAENODON OBESUS","ns","U","U",NA,"-","-",NA,"7",NA,"Grant, Ayanda, Greg, Katarina, Clinton, Robin, Brooke, Chandre",16,1,2020,"SHARKLIFE"
"16.01.2020","QUARTER MILE","IOCPLZN","Shallow","0.38055555555555554","0.4513888888888889",92,NA,-27.534618,32.683308,"UVC-F","WHITE TIP REEF SHARK","TRIAENODON OBESUS","ns","U","U",NA,"-","-",NA,"7",NA,"Grant, Ayanda, Greg, Katarina, Clinton, Robin, Brooke, Chandre",16,1,2020,"SHARKLIFE"
"17.01.2020","QUARTER MILE","IOCPLZN","Shallow","0.37847222222222227","0.45833333333333331",115,NA,-27.534618,32.683308,"UVC-F","OCELLATED EAGLE RAY","AETOBATUS OCELLATUS","ns","U","U",NA,"-","-",NA,"8",NA,"Greg, Grant, Ayanda, Zoe, Jess, Chandre, Robin",17,1,2020,"SHARKLIFE"
"17.01.2020","QUARTER MILE","IOCPLZN","Shallow","0.37847222222222227","0.45833333333333331",115,NA,-27.534618,32.683308,"UVC-F","RETICULATED WHIPRAY","HIMANTURA UARNAK","ns","M","N",NA,"G0011077-61281","GH011234",NA,"8",NA,"Greg, Grant, Ayanda, Zoe, Jess, Chandre, Robin",17,1,2020,"SHARKLIFE"
"18.01.2020","QUARTER MILE","IOCPLZN","Shallow","0.36805555555555558","0.41319444444444442",65,NA,-27.534618,32.683308,"UVC-F","WHITESPOTTED WEDGEFISH","RHYNCHOBATUS DJIDDENSIS","ns","F","N",NA,"G0021411-13","-",NA,"3",NA,"Grant, Ayanda, Miriam, Greg, Emma",18,1,2020,"SHARKLIFE"
"21.01.2020","SEVEN MILE","SDRZ","Shallow","0.50694444444444442","0.53819444444444442",45,"ns",-27.463802,32.710514,"UVC-S","NS","NS","ns","ns","ns","ns","ns","ns","raggies","2",NA,"Grant, Greg, Miriam, Emma, Robin, Brooke",21,1,2020,"SHARKLIFE"
"21.01.2020","QUARTER MILE","IOCPLZN","Shallow","0.50694444444444442","0.53819444444444442",45,NA,-27.534618,32.683308,"UVC-F","DRAGON RAY","PATEOBATIS JENKINSII","ns","F","N",NA,"G0131877 (2)","-","approx. 10 raggies on 7 mile (Jagan has additional photos)","3",NA,"Grant, Greg, Miriam, Emma, Robin, Brooke",21,1,2020,"SHARKLIFE"
"21.01.2020","QUARTER MILE","IOCPLZN","Shallow","0.50694444444444442","0.53819444444444442",45,NA,-27.534618,32.683308,"UVC-F","LEOPARD RAY","HIMANTURA LEOPARDA","ns","U","U",NA,"-","-","raggies but surgey and big swell, raggies moving quickly","3",NA,"Grant, Greg, Miriam, Emma, Robin, Brooke",21,1,2020,"SHARKLIFE"
"22.01.2020","SEVEN MILE","SDRZ","Shallow","0.4368055555555555","0.47430555555555554",54,NA,-27.463802,32.710514,"UVC-S","ROUND RIBBONTAIL RAY","TAENIURA MEYENI","ns","M","N",NA,"GH011726 (2)","GH011726",NA,"2",NA,"Grant, Miriam, Greg, Emma, Brooke, Robin",22,1,2020,"SHARKLIFE"
"23.01.2020","SEVEN MILE","SDRZ","Shallow",NA,NA,NA,NA,-27.463802,32.710514,"UVC-S","BLUE SPOTTED RIBBONTAIL RAY","TAENIURA LYMMA","ns","M","N",NA,"G0262795-802","-","5 dive boats earlier so did quarter mile first then went back, 6 raggies","2",NA,"Grant, Ayanda, Miriam, Greg, Brooke, Robin",23,1,2020,"SHARKLIFE"
"23.01.2020","EIGHT MILE","SDRZ","Shallow",NA,NA,NA,NA,-27.443054,32.712322,"UVC-F","ZEBRA SHARK","STEGOSTOMA FASCIATUM","ns","U","N",NA,"GOPR9516 1 (2)","GOPR9516","GPS mark 908","1",NA,"Grant, Ayanda, Miriam, Greg, Brooke, Robin",23,1,2020,"SHARKLIFE"
"23.01.2020","NINE MILE","SDRZ","Shallow",NA,NA,NA,NA,-27.435902,32.717228,"UVC-S","DRAGON RAY","PATEOBATIS JENKINSII","ns","F","U",NA,"G0032195-209","-","6 raggies","2",NA,"Grant, Ayanda, Miriam, Greg, Brooke, Robin",23,1,2020,"SHARKLIFE"
"23.01.2020","QUARTER MILE","IOCPLZN","Shallow","0.40972222222222227","0.4513888888888889",60,NA,-27.534618,32.683308,"UVC-F","JAVANESE COWNOSE  RAY (200)","RHINOPTERA JAVANICA","ns","U","U",NA,"G0132557-60","GH012562","approx. 15 raggies","3",NA,"Grant, Ayanda, Miriam, Greg, Brooke, Robin",23,1,2020,"SHARKLIFE"
"24.01.2020","QUARTER MILE","IOCPLZN","Shallow","0.49305555555555558","0.54166666666666663",70,"0.49652777777777773",-27.534618,32.683308,"UVC-F","WHITE TIP REEF SHARK","TRIAENODON OBESUS","ns","M","N",NA,"GOPR2626 (1)","GOPR2626",NA,"3",NA,"Grant, Miriam, Greg, Emma, Brooke, Robin",24,1,2020,"SHARKLIFE"
"24.01.2020","RAGGIE REEF","IOWZ","Shallow","0.3263888888888889","0.39583333333333331",100,"0.3263888888888889",-27.91505,32.59825,"UVC-F","WHITE TIP REEF SHARK","TRIAENODON OBESUS","lots of kingfish","M","N",NA,"GOPR0561 (2)","GOPR0561",NA,"5",NA,"Grant, Miriam, Greg, Emma, Brooke, Robin",24,1,2020,"SHARKLIFE"
"24.01.2020","RAGGIE REEF","IOWZ","Shallow","0.3263888888888889","0.39583333333333331",100,"0.34375",-27.91505,32.59825,"UVC-F","BLACKTIP SHARK","CARCHARHINUS LIMBATUS","lots of kingfish","U","N",NA,"-","GOPR2483, GOPR2488",NA,"5",NA,"Grant, Miriam, Greg, Emma, Brooke, Robin",24,1,2020,"SHARKLIFE"
"24.01.2020","RAGGIE REEF","IOWZ","Shallow","0.3263888888888889","0.39583333333333331",100,"0.35416666666666669",-27.91505,32.59825,"UVC-F","OCELLATED EAGLE RAY","AETOBATUS OCELLATUS","lots of kingfish","M","N",NA,"GOPR2487 (3-4)","GOPR2487",NA,"5",NA,"Grant, Miriam, Greg, Emma, Brooke, Robin",24,1,2020,"SHARKLIFE"
"24.01.2020","RAGGIE REEF","IOWZ","Shallow","0.3263888888888889","0.39583333333333331",100,"0.35416666666666669",-27.91505,32.59825,"UVC-F","OCELLATED EAGLE RAY","AETOBATUS OCELLATUS","lots of kingfish","M","N",NA,"GOPR2487 (3-4)","GOPR2487",NA,"5",NA,"Grant, Miriam, Greg, Emma, Brooke, Robin",24,1,2020,"SHARKLIFE"
"24.01.2020","RAGGIE REEF","IOWZ","Shallow","0.3263888888888889","0.39583333333333331",100,"0.35416666666666669",-27.91505,32.59825,"UVC-F","OCELLATED EAGLE RAY","AETOBATUS OCELLATUS","lots of kingfish","M","N",NA,"GOPR2487 (3-4)","GOPR2487",NA,"5",NA,"Grant, Miriam, Greg, Emma, Brooke, Robin",24,1,2020,"SHARKLIFE"
"25.01.2020","QUARTER MILE","IOCPLZN","Shallow","0.3611111111111111","0.39583333333333331",50,"0.37291666666666662",-27.534618,32.683308,"UVC-F","OCELLATED EAGLE RAY","AETOBATUS OCELLATUS","Indo-Pac bottlenose dolphin","F","N",NA,"G0182789-93","-",NA,"4",NA,"Grant, Miriam, Greg, Emma, Robin",25,1,2020,"SHARKLIFE"
"25.01.2020","QUARTER MILE","IOCPLZN","Shallow","0.3611111111111111","0.39583333333333331",50,"0.3840277777777778",-27.534618,32.683308,"UVC-F","HONEYCOMB RAY","HIMANTURA UNDULATA","two large potato bass","F","N",NA,"G0252963-77","-",NA,"4",NA,"Grant, Miriam, Greg, Emma, Robin",25,1,2020,"SHARKLIFE"
"28.01.2020","QUARTER MILE","IOCPLZN","Shallow","0.34027777777777773","0.40277777777777773",90,"0.34375",-27.534618,32.683308,"UVC-F","OCELLATED EAGLE RAY","AETOBATUS OCELLATUS","ns","U","U",NA,"-","-","Grant put RUV down on scuba","5",NA,"Grant, Ayanda, Greg, Miriam, Emma, Brooke, Robin",28,1,2020,"SHARKLIFE"
"28.01.2020","QUARTER MILE","IOCPLZN","Shallow","0.34027777777777773","0.40277777777777773",90,"0.34513888888888888",-27.534618,32.683308,"UVC-F","JAVANESE COWNOSE RAY","RHINOPTERA JAVANICA","ns","U","U",NA,"-","-","Grant put RUV down on scuba","5",NA,"Grant, Ayanda, Greg, Miriam, Emma, Brooke, Robin",28,1,2020,"SHARKLIFE"
"28.01.2020","QUARTER MILE","IOCPLZN","Shallow","0.34027777777777773","0.40277777777777773",90,"0.35625000000000001",-27.534618,32.683308,"UVC-F","OCELLATED EAGLE RAY","AETOBATUS OCELLATUS","ns","M","N",NA,"G0031181-3, G0041190-4","-","Grant put RUV down on scuba","5",NA,"Grant, Ayanda, Greg, Miriam, Emma, Brooke, Robin",28,1,2020,"SHARKLIFE"
"28.01.2020","QUARTER MILE","IOCPLZN","Shallow","0.34027777777777773","0.40277777777777773",90,"0.3611111111111111",-27.534618,32.683308,"UVC-F","OCELLATED EAGLE RAY","AETOBATUS OCELLATUS","ns","U","N",NA,"GOPR3199 (1-2)","GOPR3199","Grant put RUV down on scuba","5",NA,"Grant, Ayanda, Greg, Miriam, Emma, Brooke, Robin",28,1,2020,"SHARKLIFE"
"28.01.2020","QUARTER MILE","IOCPLZN","Shallow","0.34027777777777773","0.40277777777777773",90,"0.3611111111111111",-27.534618,32.683308,"UVC-F","OCELLATED EAGLE RAY","AETOBATUS OCELLATUS","ns","U","N",NA,"GOPR3199 (1-2)","GOPR3199","Grant put RUV down on scuba","5",NA,"Grant, Ayanda, Greg, Miriam, Emma, Brooke, Robin",28,1,2020,"SHARKLIFE"
"29.01.2020","QUARTER MILE","IOCPLZN","Shallow",NA,NA,NA,NA,-27.534618,32.683308,"UVC-F","OCELLATED EAGLE RAY","AETOBATUS OCELLATUS","ns","U","U",NA,"-","-",NA,"2",NA,"Grant, Ayanda, Candice",29,1,2020,"SHARKLIFE"
"30.01.2020","QUARTER MILE","IOCPLZN","Shallow","08:40:00, 9:45","9:25, 10:35:00",95,"0.37847222222222227",-27.534618,32.683308,"UVC-F","OCELLATED EAGLE RAY","AETOBATUS OCELLATUS","2 dolphins","U","U",NA,"G0125894-913","-","back t o beach to get RUV battery, two swims 8:40-9:25, 9:45-10:35","3",NA,"Grant, Ayanda, Miriam, Emma, Robin",30,1,2020,"SHARKLIFE"
"30.01.2020","QUARTER MILE","IOCPLZN","Shallow","08:40:00, 9:45","9:25, 10:35:00",95,"0.38055555555555554",-27.534618,32.683308,"UVC-F","OCELLATED EAGLE RAY","AETOBATUS OCELLATUS","2 dolphins","M","U","circling around the raggies","GH015938 (1-3)","GH015938","back t o beach to get RUV battery, two swims 8:40-9:25, 9:45-10:35","3",NA,"Grant, Ayanda, Miriam, Emma, Robin",30,1,2020,"SHARKLIFE"
"30.01.2020","QUARTER MILE","IOCPLZN","Shallow","08:40:00, 9:45","9:25, 10:35:00",95,"0.38680555555555557",-27.534618,32.683308,"UVC-F","DRAGON RAY","PATEOBATIS JENKINSII","2 dolphins","F","N",NA,"GOPR3317 (1-4)","GOPR3317","back t o beach to get RUV battery, two swims 8:40-9:25, 9:45-10:35","3",NA,"Grant, Ayanda, Miriam, Emma, Robin",30,1,2020,"SHARKLIFE"
"31.01.2020","NINE MILE","SDRZ","Shallow",NA,NA,NA,NA,-27.435902,32.717228,"UVC-S","ROUND RIBBONTAIL RAY","TAENIURA MEYENI","ns","M","N",NA,"G0046577-88","-",NA,NA,NA,NA,31,1,2020,"SHARKLIFE"
"02.02.2020","NINE MILE","SDRZ","Shallow",NA,NA,NA,NA,-27.435902,32.717228,"UVC-S","FEATHERTAIL STINGRAY","PASTINACHUS SEPHEN",NA,"U","N",NA,"G0060149-59","GH017426-7",NA,"7",NA,"Grant, Greg, Miriam, Robin, Chris, Tiago, Erin, Carla",2,2,2020,"SHARKLIFE"
"02.02.2020","QUARTER MILE","IOCPLZN","Shallow",NA,NA,NA,NA,-27.534618,32.683308,"UVC-F","DRAGON RAY","PATEOBATIS JENKINSII",NA,"F","N",NA,"G0180449-51","-",NA,"7",NA,"Grant, Greg, Miriam, Robin, Chris, Tiago, Erin, Carla",2,2,2020,"SHARKLIFE"
"03.02.2020","QUARTER MILE","IOCPLZN","Shallow","0.33333333333333331","0.3923611111111111",85,"0.33680555555555558",-27.534618,32.683308,"UVC-F","OCELLATED EAGLE RAY","AETOBATUS OCELLATUS",NA,NA,NA,NA,NA,NA,NA,"7",NA,"Grant, Ayanda, Emma, Robin, Erin, Chris, Tiago, Carla",3,2,2020,"SHARKLIFE"
"03.02.2020","QUARTER MILE","IOCPLZN","Shallow","0.33333333333333331","0.3923611111111111",85,"0.34027777777777773",-27.534618,32.683308,"UVC-F","OCELLATED EAGLE RAY","AETOBATUS OCELLATUS","6 pickhandle barracuda",NA,"N",NA,NA,NA,NA,"7",NA,"Grant, Ayanda, Emma, Robin, Erin, Chris, Tiago, Carla",3,2,2020,"SHARKLIFE"
"04.02.2020","QUARTER MILE","IOCPLZN","Shallow","0.32847222222222222","0.4069444444444445",113,"0.33333333333333331",-27.534618,32.683308,"UVC-F","WHITETIP REEF SHARK","TRIAENODON OBESUS",NA,"F","N",NA,"GOPR3475 (1-4)","GOPR3475","Grant and Greg swopped, Grant mainly scuba","6",NA,"Grant, Greg, Emma, Robin, Tiago, Erin, Carla",4,2,2020,"SHARKLIFE"
"04.02.2020","QUARTER MILE","IOCPLZN","Shallow","0.32847222222222222","0.4069444444444445",113,"0.3756944444444445",-27.534618,32.683308,"UVC-F","MARBLED ELECTRIC RAY","TORPEDO SINUSPERSICI",NA,"F","N","Grant put his arm down on it whilst taking the RUV out","GOPR3489 (1-3)","GOPR3489","Grant and Greg swopped, Grant mainly scuba","6",NA,"Grant, Greg, Emma, Robin, Tiago, Erin, Carla",4,2,2020,"SHARKLIFE"
"04.02.2020","QUARTER MILE","IOCPLZN","Shallow","0.32847222222222222","0.4069444444444445",113,"0.38125000000000003",-27.534618,32.683308,"UVC-F","OCELLATED EAGLE RAY","AETOBATUS OCELLATUS",NA,"F","N",NA,"G0121372-82","GOPR3494","Grant and Greg swopped, Grant mainly scuba","6",NA,"Grant, Greg, Emma, Robin, Tiago, Erin, Carla",4,2,2020,"SHARKLIFE"
"04.02.2020","QUARTER MILE","IOCPLZN","Shallow","0.32847222222222222","0.4069444444444445",113,"0.38125000000000003",-27.534618,32.683308,"UVC-F","WHITESPOTTED WEDGEFISH","RHYNCHOBATUS DJIDDENSIS",NA,"U","U",NA,"-","-","Grant and Greg swopped, Grant mainly scuba","6",NA,"Grant, Greg, Emma, Robin, Tiago, Erin, Carla",4,2,2020,"SHARKLIFE"
"06.02.2020","QUARTER MILE","IOCPLZN","Shallow","0.45","0.5",72,NA,-27.534618,32.683308,"UVC-F","RETICULATED WHIPRAY","HIMANTURA UARNAK",NA,NA,NA,NA,NA,NA,"Grant on scuba to get RUV","4",NA,"Grant, Ayanda, Greg, Miriam, Emma, Chris",6,2,2020,"SHARKLIFE"
"07.02.2020","QUARTER MILE","IOCPLZN","Shallow",NA,NA,NA,NA,-27.534618,32.683308,"UVC-F","OCELLATED EAGLE RAY","AETOBATUS OCELLATUS",NA,NA,NA,NA,"-","-","Grant put RUV down on scuba","5",NA,"Grant, Ayanda, Greg, Robin, Erin, Carla, Chria, Tiago",7,2,2020,"SHARKLIFE"
"07.02.2020","QUARTER MILE","IOCPLZN","Shallow",NA,NA,NA,NA,-27.534618,32.683308,"UVC-F","OCELLATED EAGLE RAY","AETOBATUS OCELLATUS",NA,NA,NA,NA,NA,NA,"Grant put RUV down on scuba","5",NA,"Grant, Ayanda, Greg, Robin, Erin, Carla, Chria, Tiago",7,2,2020,"SHARKLIFE"
"07.02.2020","QUARTER MILE","IOCPLZN","Shallow",NA,NA,NA,NA,-27.534618,32.683308,"UVC-F","OCELLATED EAGLE RAY","AETOBATUS OCELLATUS",NA,NA,NA,NA,NA,NA,"Grant put RUV down on scuba","5",NA,"Grant, Ayanda, Greg, Robin, Erin, Carla, Chria, Tiago",7,2,2020,"SHARKLIFE"
"09.02.2020","QUARTER MILE","IOCPLZN","Shallow","0.42152777777777778","0.48472222222222222",91,NA,-27.534618,32.683308,"UVC-F","DRAGON RAY","PATEOBATIS JENKINSII",NA,"U","N",NA,"G0023546-52","-","Grant got in for RUV","7",NA,"Grant, Greg, Emma, Robin, Carla, Erin, Tiago",9,2,2020,"SHARKLIFE"
"09.02.2020","QUARTER MILE","IOCPLZN","Shallow","0.42152777777777778","0.48472222222222222",91,NA,-27.534618,32.683308,"UVC-F","DRAGON RAY","PATEOBATIS JENKINSII",NA,"F","N",NA,"GOPR3563_2","GOPR3563","Grant got in for RUV","7",NA,"Grant, Greg, Emma, Robin, Carla, Erin, Tiago",9,2,2020,"SHARKLIFE"
"09.02.2020","QUARTER MILE","IOCPLZN","Shallow","0.42152777777777778","0.48472222222222222",91,"0.46458333333333335",-27.534618,32.683308,"UVC-F","OCELLATED EAGLE RAY","AETOBATUS OCELLATUS",NA,"U","U",NA,"-","-","Grant got in for RUV","7",NA,"Grant, Greg, Emma, Robin, Carla, Erin, Tiago",9,2,2020,"SHARKLIFE"
"10.02.2020","QUARTER MILE","IOCPLZN","Shallow",NA,NA,NA,NA,-27.534618,32.683308,"UVC-F","OCELLATED EAGLE RAY","AETOBATUS OCELLATUS",NA,NA,NA,NA,NA,NA,"Grant got in for RUV","4",NA,"Grant, Miriam, Greg, Erin, Robin",10,2,2020,"SHARKLIFE"
"10.02.2020","QUARTER MILE","IOCPLZN","Shallow",NA,NA,NA,NA,-27.534618,32.683308,"UVC-F","BULL SHARK","CARCHARHINUS LEUCAS",NA,NA,NA,NA,NA,NA,"Grant got in for RUV","4",NA,"Grant, Miriam, Greg, Erin, Robin",10,2,2020,"SHARKLIFE"
"12.02.2020","TWO MILE","SDRZ","Shallow",NA,NA,NA,NA,-27.514023,32.685593,"UVC-F","BLUE SPOTTED RIBBONTAIL RAY","TAENIURA LYMMA",NA,NA,NA,NA,NA,NA,NA,NA,NA,NA,12,2,2020,"SHARKLIFE"
"12.02.2020","QUARTER MILE","IOCPLZN","Shallow",NA,NA,NA,NA,-27.534618,32.683308,"UVC-F","ROUND RIBBONTAIL RAY","TAENIURA MEYENI",NA,"M","N",NA,"GH019829_1 (1)","GH019829","Grant got in for RUV","7",NA,"Grant, Miriam, Greg, Carla, Tiago, Robin, Erin",12,2,2020,"SHARKLIFE"
"14.02.2020","QUARTER MILE","IOCPLZN","Shallow",NA,NA,NA,NA,-27.534618,32.683308,"UVC-F","FEATHERTAIL STINGRAY","PASTINACHUS SEPHEN",NA,"F","U",NA,"GH014246","GH014246","Grant got in for RUV","7",NA,"Grant, Miriam, Greg, Carla, Tiago, Robin, Erin",14,2,2020,"SHARKLIFE"
"14.02.2020","QUARTER MILE","IOCPLZN","Shallow",NA,NA,NA,NA,-27.534618,32.683308,"UVC-F","OCELLATED EAGLE RAY","AETOBATUS OCELLATUS",NA,"M","N",NA,"G0034365-97","GH014346","Grant got in for RUV","7",NA,"Grant, Miriam, Greg, Carla, Tiago, Robin, Erin",14,2,2020,"SHARKLIFE"
"15.02.2020","NINE MILE","SDRZ","Shallow",NA,NA,NA,NA,-27.435902,32.717228,"UVC-S","OCELLATED EAGLE RAY","AETOBATUS OCELLATUS",NA,NA,NA,NA,NA,NA,NA,NA,NA,NA,15,2,2020,"SHARKLIFE"
"15.02.2020","NINE MILE","SDRZ","Shallow",NA,NA,NA,NA,-27.435902,32.717228,"UVC-S","SHORT-HORNED DEVIL RAY","MOBULA KUHLII",NA,NA,NA,NA,NA,NA,NA,NA,NA,NA,15,2,2020,"SHARKLIFE"
"15.02.2020","QUARTER MILE","IOCPLZN","Shallow",NA,NA,NA,NA,-27.534618,32.683308,"UVC-F","OCELLATED EAGLE RAY","AETOBATUS OCELLATUS",NA,"U","U",NA,"G0104966-983","-",NA,NA,NA,NA,15,2,2020,"SHARKLIFE"
"15.02.2020","QUARTER MILE","IOCPLZN","Shallow",NA,NA,NA,NA,-27.534618,32.683308,"UVC-F","HONEYCOMB WHIPRAY","HIMANTURA UNDULATA",NA,"M","N",NA,"G0074804-11","-",NA,NA,NA,NA,15,2,2020,"SHARKLIFE"
"16.02.2020","QUARTER MILE","IOCPLZN","Shallow",NA,NA,NA,NA,-27.534618,32.683308,"UVC-F","HONEYCOMB WHIPRAY","HIMANTURA UNDULATA",NA,NA,NA,NA,"-","-",NA,NA,NA,NA,16,2,2020,"SHARKLIFE"
"16.02.2020","RAGGIE REEF","IOWZ","Shallow",NA,NA,NA,NA,-27.91505,32.59825,"UVC-F","BLACKTIP SHARK","CARCHARHINUS LIMBATUS",NA,NA,NA,NA,NA,NA,NA,NA,NA,NA,16,2,2020,"SHARKLIFE"
"16.02.2020","RAGGIE REEF","IOWZ","Shallow",NA,NA,NA,NA,-27.91505,32.59825,"UVC-F","BLACKTIP SHARK","CARCHARHINUS LIMBATUS",NA,NA,NA,NA,NA,NA,NA,NA,NA,NA,16,2,2020,"SHARKLIFE"
"16.02.2020","RAGGIE REEF","IOWZ","Shallow",NA,NA,NA,NA,-27.91505,32.59825,"UVC-F","OCELLATED EAGLE RAY","AETOBATUS OCELLATUS",NA,NA,NA,NA,NA,NA,NA,NA,NA,NA,16,2,2020,"SHARKLIFE"
"17.02.2020","QUARTER MILE","IOCPLZN","Shallow",NA,NA,NA,NA,-27.534618,32.683308,"UVC-F","LEOPARD WHIPRAY","HIMANTURA LEOPARDA",NA,NA,NA,NA,NA,NA,NA,NA,NA,"Grant, Dennis, Greg, Miriam, Robin, Tiago, Erin, Alessio",17,2,2020,"SHARKLIFE"
"17.02.2020","QUARTER MILE","IOCPLZN","Shallow",NA,NA,NA,NA,-27.534618,32.683308,"UVC-F","HONEYCOMB WHIPRAY","HIMANTURA UNDULATA",NA,NA,NA,NA,NA,NA,NA,NA,NA,"Grant, Dennis, Greg, Miriam, Robin, Tiago, Erin, Alessio",17,2,2020,"SHARKLIFE"
"17.02.2020","QUARTER MILE","IOCPLZN","Shallow",NA,NA,NA,NA,-27.534618,32.683308,"UVC-F","HONEYCOMB WHIPRAY","HIMANTURA UNDULATA",NA,NA,NA,NA,NA,NA,NA,NA,NA,"Grant, Dennis, Greg, Miriam, Robin, Tiago, Erin, Alessio",17,2,2020,"SHARKLIFE"
"17.02.2020","QUARTER MILE","IOCPLZN","Shallow",NA,NA,NA,NA,-27.534618,32.683308,"UVC-F","HONEYCOMB WHIPRAY","HIMANTURA UNDULATA",NA,NA,NA,NA,NA,NA,NA,NA,NA,"Grant, Dennis, Greg, Miriam, Robin, Tiago, Erin, Alessio",17,2,2020,"SHARKLIFE"
"17.02.2020","QUARTER MILE","IOCPLZN","Shallow",NA,NA,NA,NA,-27.534618,32.683308,"UVC-F","HONEYCOMB WHIPRAY","HIMANTURA UNDULATA",NA,NA,NA,NA,NA,NA,NA,NA,NA,"Grant, Dennis, Greg, Miriam, Robin, Tiago, Erin, Alessio",17,2,2020,"SHARKLIFE"
"17.02.2020","QUARTER MILE","IOCPLZN","Shallow",NA,NA,NA,NA,-27.534618,32.683308,"UVC-F","OCELLATED EAGLE RAY","AETOBATUS OCELLATUS",NA,NA,NA,NA,NA,NA,NA,NA,NA,"Grant, Dennis, Greg, Miriam, Robin, Tiago, Erin, Alessio",17,2,2020,"SHARKLIFE"
"17.02.2020","QUARTER MILE","IOCPLZN","Shallow",NA,NA,NA,NA,-27.534618,32.683308,"UVC-F","OCELLATED EAGLE RAY","AETOBATUS OCELLATUS",NA,NA,NA,NA,NA,NA,NA,NA,NA,"Grant, Dennis, Greg, Miriam, Robin, Tiago, Erin, Alessio",17,2,2020,"SHARKLIFE"
"18.02.2020","QUARTER MILE","IOCPLZN","Shallow",NA,NA,NA,NA,-27.534618,32.683308,"UVC-F","OCELLATED EAGLE RAY","AETOBATUS OCELLATUS",NA,NA,NA,NA,NA,NA,NA,NA,NA,"Grant, Greg, Miriam, Robin, Tiago, Alessio",18,2,2020,"SHARKLIFE"
"18.02.2020","QUARTER MILE","IOCPLZN","Shallow",NA,NA,NA,NA,-27.534618,32.683308,"UVC-F","HONEYCOMB WHIPRAY","HIMANTURA UNDULATA",NA,"U","N",NA,"-","GH013046",NA,NA,NA,"Grant, Greg, Miriam, Robin, Tiago, Alessio",18,2,2020,"SHARKLIFE"
"20.02.2020","SEVEN MILE","SDRZ","Shallow",NA,NA,NA,NA,-27.463802,32.710514,"UVC-F","BLUE SPOTTED RIBBONTAIL RAY","TAENIURA LYMMA",NA,NA,NA,NA,NA,NA,NA,NA,NA,"Grant, Dennis, Greg, Miriam, Tiago, Chris",20,2,2020,"SHARKLIFE"
"20.02.2020","GOTHAM","SDRZ","Shallow",NA,NA,NA,NA,-27.499113,32.698677,"UVC-F","BULL SHARK","CARCHARHINUS LEUCAS",NA,NA,NA,NA,NA,NA,NA,NA,NA,"Grant, Dennis, Greg, Miriam, Tiago, Chris",20,2,2020,"SHARKLIFE"
"20.02.2020","HOTSPOT","SDRZ","Shallow",NA,NA,NA,NA,-27.50952,32.69554,"UVC-F","GREY REEF SHARK","CARCHARHINUS AMBLYRHYCHOS",NA,NA,NA,NA,NA,NA,NA,NA,NA,"Grant, Dennis, Greg, Miriam, Tiago, Chris",20,2,2020,"SHARKLIFE"
"21.02.2020","QUARTER MILE","IOCPLZN","Shallow","0.38194444444444442","0.40277777777777773",30,"0.39444444444444443",-27.534618,32.683308,"UVC-F","MARBLED ELECTRIC RAY","TORPEDO SINUSPERSICI",NA,"F","N",NA,NA,"GH016235",NA,"5",NA,"Grant, Greg, Emma, Erin, Tiago, Robin",21,2,2020,"SHARKLIFE"
"22.02.2020","QUARTER MILE","IOCPLZN","Shallow","0.5","0.54166666666666663",60,"0.50069444444444444",-27.534618,32.683308,"UVC-F","ROUND RIBBONTAIL RAY","TAENIURA MEYENI","ns","M","N",NA,"G0011968-72","-",NA,"5",NA,"Grant, Miriam, Greg, Emma, Brooke, Robin",22,2,2020,"SHARKLIFE"
"22.02.2020","QUARTER MILE","IOCPLZN","Shallow","0.5","0.54166666666666663",60,NA,-27.534618,32.683308,"UVC-F","OCELLATED EAGLE RAY","AETOBATUS OCELLATUS","ns","U","U",NA,"-","-",NA,"5",NA,"Grant, Miriam, Greg, Emma, Brooke, Robin",22,2,2020,"SHARKLIFE"
"22.02.2020","QUARTER MILE","IOCPLZN","Shallow","0.5","0.54166666666666696",60,"0.50624999999999998",-27.534618,32.683308,"UVC-F","OCELLATED EAGLE RAY","AETOBATUS OCELLATUS","pickhandle barracuda","F","N",NA,"G0032063-7","-",NA,"5",NA,"Grant, Miriam, Greg, Emma, Brooke, Robin",22,2,2020,"SHARKLIFE"
"22.02.2020","QUARTER MILE","IOCPLZN","Shallow","0.5","0.54166666666666696",60,NA,-27.534618,32.683308,"UVC-F","WHITE TIP REEF SHARK","TRIAENODON OBESUS","ns","U","U",NA,"-","-",NA,"5",NA,"Grant, Miriam, Greg, Emma, Brooke, Robin",22,2,2020,"SHARKLIFE"
"22.02.2020","QUARTER MILE","IOCPLZN","Shallow",NA,NA,NA,NA,-27.534618,32.683308,"UVC-F","REEF MANTA RAY","MOBULA ALFREDI",NA,NA,NA,NA,NA,NA,"old freediving boat","1",NA,"Grant, Greg, 2 x freedive students",22,2,2020,"SHARKLIFE"
"25.02.2020","SEVEN MILE","SDRZ","Shallow",NA,NA,NA,NA,-27.463802,32.710514,"UVC-S","BLUE SPOTTED RIBBONTAIL RAY","TAENIURA LYMMA",NA,NA,NA,NA,NA,NA,NA,"2",NA,"Grant, Dennis, Miriam, Greg, Erin, Robin, Tiago",25,2,2020,"SHARKLIFE"
"25.02.2020","NINE MILE","SDRZ","Shallow",NA,NA,NA,NA,-27.435902,32.717228,"UVC-S","GREY REEF SHARK","CARCHARHINUS AMBLYRHYCHOS",NA,NA,NA,NA,NA,NA,NA,"2",NA,"Grant, Dennis, Miriam, Greg, Erin, Robin, Tiago",25,2,2020,"SHARKLIFE"
"01.03.2020","SEVEN MILE","SDRZ","Shallow",NA,NA,NA,NA,-27.463802,32.710514,"UVC-F","OCEANIC MANTA RAY","MOBULA BIROSTRIS",NA,"U","U","skittish",NA,NA,NA,"4",NA,"Grant, Greg, Miriam, Erin, Robin",1,3,2020,"SHARKLIFE"
"01.03.2020","QUARTER MILE","IOCPLZN","Shallow",NA,NA,NA,NA,-27.534618,32.683308,"UVC-F","OCELLATED EAGLE RAY","AETOBATUS OCELLATUS",NA,NA,NA,NA,NA,NA,NA,"4",NA,"Grant, Greg, Miriam, Erin, Robin",1,3,2020,"SHARKLIFE"
"01.03.2020","QUARTER MILE","IOCPLZN","Shallow",NA,NA,NA,NA,-27.534618,32.683308,"UVC-F","WHITESPOTTED WEDGEFISH","RHYNCHOBATUS DJIDDENSIS",NA,"M","N",NA,NA,NA,NA,"4",NA,"Grant, Greg, Miriam, Erin, Robin",1,3,2020,"SHARKLIFE"
"02.03.2020","QUARTER MILE","IOCPLZN","Shallow",NA,NA,NA,NA,-27.534618,32.683308,"UVC-F","OCELLATED EAGLE RAY","AETOBATUS OCELLATUS",NA,NA,NA,NA,NA,NA,NA,NA,NA,"Grant, Dennis, Miriam, Greg, Erin, Robin",2,3,2020,"SHARKLIFE"
"03.03.2020","QUARTER MILE","IOCPLZN","Shallow",NA,NA,NA,NA,-27.534618,32.683308,"UVC-F","WHITESPOTTED WEDGEFISH","RHYNCHOBATUS DJIDDENSIS",NA,NA,NA,NA,NA,NA,NA,NA,NA,"Grant, Dennis, Robin, Felix, Heather, Stephanie, Lydia, Nia",3,3,2020,"SHARKLIFE"
"05.03.2020","QUARTER MILE","IOCPLZN","Shallow",NA,NA,NA,NA,-27.534618,32.683308,"UVC-F","OCELLATED EAGLE RAY","AETOBATUS OCELLATUS",NA,NA,NA,NA,NA,NA,NA,NA,NA,"Grant, Dennis, Robin, Felix, Heather, Stephanie, Lydia, Nia",5,3,2020,"SHARKLIFE"
"06.03.2020","QUARTER MILE","IOCPLZN","Shallow",NA,NA,NA,NA,-27.534618,32.683308,"UVC-F","DRAGON WHIPRAY","PATEOBATIS JENKINSII",NA,"F","N",NA,"G0142656 (1)","-",NA,NA,NA,"Grant, Dennis, Erin, Felix, Heather, Stephanie, Lydia, Nia",6,3,2020,"SHARKLIFE"
"06.03.2020","QUARTER MILE","IOCPLZN","Shallow",NA,NA,NA,NA,-27.534618,32.683308,"UVC-F","HONEYCOMB WHIPRAY","HIMANTURA UNDULATA",NA,"F","N","settled again very quickly","G0162749-75","-",NA,NA,NA,"Grant, Dennis, Erin, Felix, Heather, Stephanie, Lydia, Nia",6,3,2020,"SHARKLIFE"
"06.03.2020","QUARTER MILE","IOCPLZN","Shallow",NA,NA,NA,NA,-27.534618,32.683308,"UVC-F","HONEYCOMB WHIPRAY","HIMANTURA UNDULATA",NA,"F","N",NA,"G0192923","-",NA,NA,NA,"Grant, Dennis, Erin, Felix, Heather, Stephanie, Lydia, Nia",6,3,2020,"SHARKLIFE"
"06.03.2020","QUARTER MILE","IOCPLZN","Shallow",NA,NA,NA,NA,-27.534618,32.683308,"UVC-F","HONEYCOMB WHIPRAY","HIMANTURA UNDULATA",NA,"F","N",NA,"G0202973","-",NA,NA,NA,"Grant, Dennis, Erin, Felix, Heather, Stephanie, Lydia, Nia",6,3,2020,"SHARKLIFE"
"06.03.2020","QUARTER MILE","IOCPLZN","Shallow",NA,NA,NA,NA,-27.534618,32.683308,"UVC-F","ROUND RIBBONTAIL RAY","TAENIURA MEYENI",NA,"M","N",NA,"G0102514, G0132606","-",NA,NA,NA,"Grant, Dennis, Erin, Felix, Heather, Stephanie, Lydia, Nia",6,3,2020,"SHARKLIFE"
"06.03.2020","QUARTER MILE","IOCPLZN","Shallow",NA,NA,NA,NA,-27.534618,32.683308,"UVC-F","RETICULATED WHIPRAY","HIMANTURA UARNAK",NA,"F","N",NA,"G0192911-G0202960","-",NA,NA,NA,"Grant, Dennis, Erin, Felix, Heather, Stephanie, Lydia, Nia",6,3,2020,"SHARKLIFE"
"06.03.2020","QUARTER MILE","IOCPLZN","Shallow",NA,NA,NA,NA,-27.534618,32.683308,"UVC-F","LEOPARD WHIPRAY","HIMANTURA LEOPARDA",NA,"F","N",NA,"G0192911-G0202960","-",NA,NA,NA,"Grant, Dennis, Erin, Felix, Heather, Stephanie, Lydia, Nia",6,3,2020,"SHARKLIFE"
"06.03.2020","QUARTER MILE","IOCPLZN","Shallow",NA,NA,NA,NA,-27.534618,32.683308,"UVC-F","GREY REEF SHARK","CARCHARHINUS AMBLYRHYCHOS",NA,"U","N",NA,"-","-",NA,NA,NA,"Grant, Dennis, Erin, Felix, Heather, Stephanie, Lydia, Nia",6,3,2020,"SHARKLIFE"
"06.03.2020","QUARTER MILE","IOCPLZN","Shallow",NA,NA,NA,NA,-27.534618,32.683308,"UVC-F","OCELLATED EAGLE RAY","AETOBATUS OCELLATUS",NA,"U","U",NA,"-","-",NA,NA,NA,"Grant, Dennis, Erin, Felix, Heather, Stephanie, Lydia, Nia",6,3,2020,"SHARKLIFE"
"08.03.2020","QUARTER MILE","IOCPLZN","Shallow",NA,NA,NA,NA,-27.534618,32.683308,"UVC-F","DRAGON RAY","PATEOBATIS JENKINSII",NA,NA,NA,NA,NA,NA,NA,NA,NA,"Grant, Dennis, Erin, Felix, Heather, Stephanie, Lydia, Nia",8,3,2020,"SHARKLIFE"
"08.03.2020","QUARTER MILE","IOCPLZN","Shallow",NA,NA,NA,NA,-27.534618,32.683308,"UVC-F","OCELLATED EAGLE RAY","AETOBATUS OCELLATUS",NA,NA,NA,NA,NA,NA,NA,NA,NA,"Grant, Dennis, Erin, Felix, Heather, Stephanie, Lydia, Nia",8,3,2020,"SHARKLIFE"
"08.03.2020","RAGGIE REEF","IOWZ","Shallow",NA,NA,NA,NA,-27.91505,32.59825,"UVC-F","WHITESPOTTED WEDGEFISH","RHYNCHOBATUS DJIDDENSIS",NA,NA,NA,NA,NA,NA,NA,NA,NA,"Grant, Dennis, Erin, Felix, Heather, Stephanie, Lydia, Nia",8,3,2020,"SHARKLIFE"
"08.03.2020","RAGGIE REEF","IOWZ","Shallow",NA,NA,NA,NA,-27.91505,32.59825,"UVC-F","BLACKTIP SHARK","CARCHARHINUS AMBLYRHYCHOS",NA,NA,NA,NA,NA,NA,NA,NA,NA,"Grant, Dennis, Erin, Felix, Heather, Stephanie, Lydia, Nia",8,3,2020,"SHARKLIFE"
"09.03.2020","SEVEN MILE","SDRZ","Shallow",NA,NA,NA,NA,-27.463802,32.710514,"UVC-S","REEF MANTA RAY","MOBULA ALFREDI","mola mola",NA,NA,NA,NA,NA,NA,NA,NA,"Grant, Ayanda, Robin, Felix, Stephanie, Lydia, Nia, Heather",9,3,2020,"SHARKLIFE"
"09.03.2020","QUARTER MILE","IOCPLZN","Shallow",NA,NA,NA,NA,-27.534618,32.683308,"UVC-F","DRAGON RAY","PATEOBATIS JENKINSII",NA,NA,NA,NA,NA,NA,NA,NA,NA,"Grant, Ayanda, Robin, Felix, Stephanie, Lydia, Nia, Heather",9,3,2020,"SHARKLIFE"
"10.03.2020","QUARTER MILE","IOCPLZN","Shallow",NA,NA,NA,NA,-27.534618,32.683308,"UVC-F","LEOPARD WHIPRAY","HIMANTURA LEOPARDA",NA,NA,NA,NA,NA,NA,NA,NA,NA,"Grant, Dennis, Erin, Felix, Heather, Stephanie, Lydia, Nia",10,3,2020,"SHARKLIFE"
"10.03.2020","QUARTER MILE","IOCPLZN","Shallow",NA,NA,NA,NA,-27.534618,32.683308,"UVC-F","EAGLE RAY","AETOBATUS OCELLATUS",NA,NA,NA,NA,NA,NA,NA,NA,NA,"Grant, Dennis, Erin, Felix, Heather, Stephanie, Lydia, Nia",10,3,2020,"SHARKLIFE"
"10.03.2020","QUARTER MILE","IOCPLZN","Shallow",NA,NA,NA,NA,-27.534618,32.683308,"UVC-F","EAGLE RAY","AETOBATUS OCELLATUS",NA,NA,NA,NA,NA,NA,NA,NA,NA,"Grant, Dennis, Erin, Felix, Heather, Stephanie, Lydia, Nia",10,3,2020,"SHARKLIFE"
"04.09.2020","QUARTER MILE","IOCPLZN","Shallow","0.50347222222222221","0.51388888888888895",15,"0",-27.534618,32.683308,"UVC","0","0","0","0","0","0","0","0",NA,"3","Sam","Grant, Dennis, Max,Sam",4,9,2020,"SHARKLIFE"
"04.09.2020","RAGGIE REEF","IOWZ","Shallow","0.39583333333333331","0.3979166666666667",3,"0",-27.91505,32.59825,"UVC","0","0","0","0","0","0","0","0","Horrible vis (3m)","3","Sam","Grant, Dennis, Max,Sam",4,9,2020,"SHARKLIFE"
"08.09.2020","TWO MILE","SDRZ","Shallow","0.41319444444444442","0.4465277777777778",48,"0",-27.514023,32.685593,"UVC","0","0","0","0","0","0","0","0","Horrible vis (5m)","4","Sam","Grant, Dennis, Max,Sam,Chris",8,9,2020,"SHARKLIFE"
"08.09.2020","QUARTER MILE","IOCPLZN","Shallow","0.45833333333333331","0.46111111111111108",4,"0",-27.534618,32.683308,"UVC","0","0","0","0","0","0","0","0","Horrible vis (3m)","2","Sam","Grant, Dennis, Max,Sam,Chris",8,9,2020,"SHARKLIFE"
"12.09.2020","RAGGIE REEF","IOWZ","Shallow","0.39930555555555558","0.40625",10,"0",-27.91505,32.59825,"UVC","0","0","0","0","0","0","0","0","Horrible vis (2m). Only 1 diver","1","Sam","Grant, Dennis, Max,Sam",12,9,2020,"SHARKLIFE"
"23.09.2020","QUARTER MILE","SDRZ","Shallow","0.40972222222222227","0.4201388888888889",15,"0",-27.534618,32.683308,"UVC","0","0","0","0","0","0","0","0","0","4","Sam","Grant, Dennis, Max,Sam,Chris",23,9,2020,"SHARKLIFE"
"07.10.2020","QUARTER MILE","SDRZ","Shallow","0.29444444444444445","0.30138888888888887",10,"0",-27.534618,32.683308,"UVC","0","0","0","U","U","0","0","0","0","4","Sam","Grant, Dennis, Max,Sam,Jess",7,10,2020,"SHARKLIFE"
"22.10.2020","RAGGIE REEF","IOWZ","Shallow","0.34722222222222227","0.36805555555555558",30,"0",-27.91505,32.59825,"UVC-F","0","0","0","0","0","0","0","0","0","4","Sam","Grant, Dennis, Max,Sam,Jess",22,10,2020,"SHARKLIFE"
"22.10.2020","RAGGIE REEF","IOWZ","Shallow","0.37847222222222227","0.39861111111111108",29,"0",-27.91505,32.59825,"UVC-S","0","0","0","0","0","0","0","0","0","2","Sam","Grant, Dennis, Max,Sam,Jess",22,10,2020,"SHARKLIFE"
"22.10.2020","QUARTER MILE","SDRZ","Shallow","0.48749999999999999","0.49722222222222223",14,"0",-27.534618,32.683308,"UVC-F","0","0","0","0","0","0","0","0","0","2","Sam","Grant, Dennis, Max,Sam,Jess",22,10,2020,"SHARKLIFE"
"27.10.2020","RAGGIE REEF","IOWZ","Shallow","0.34722222222222227","0.35833333333333334",16,"0",-27.91505,32.59825,"UVC-S","0","0","0","0","0","0","0","0",NA,"2","Sam","Grant, Dennis, Max,Sam,Jess",27,10,2020,"SHARKLIFE"
"03.11.2020","QUARTER MILE","SDRZ","Shallow",NA,NA,3,"0",-27.534618,32.683308,"UVC-F","0","0","0","0","0","0","0","0","0","1","Sam","Grant, Max,Jess, Sam",3,11,2020,"SHARKLIFE"
"05.11.2020","QUARTER MILE","SDRZ","Shallow","0.29097222222222224","0.29375000000000001",4,"0",-27.534618,32.683308,"UVC-F","0","0","0","0","0","0","0","0","0","1","Sam","Grant, Max,Jess, Sam",5,11,2020,"SHARKLIFE"
"05.11.2020","QUARTER MILE","SDRZ","Shallow","0.45277777777777778","0.46319444444444446",15,"0",-27.534618,32.683308,"UVC-F","0","0","0","0","0","0","0","0","0","2","Sam","Grant, Max,Jess, Sam",5,11,2020,"SHARKLIFE"
"06.11.2020","SANCTUARY","IOWZ","Shallow","0.42638888888888887","0.48055555555555557",78,NA,-27.91384,32.59793,"UVC-F","COMMON BLACKTIP","CARCHARHINUS LIMBATUS",NA,NA,NA,NA,NA,NA,NA,"4","Sam","Grant, Dennis, Max,Sam,Jess",6,11,2020,"SHARKLIFE"
"06.11.2020","SANCTUARY","IOWZ","Shallow","0.42638888888888898","0.48055555555555601",78,NA,-27.91384,32.59793,"UVC-F","DRAGON RAY","PATEOBATIS JENKINSII",NA,NA,NA,NA,NA,NA,NA,"4","Sam","Grant, Dennis, Max,Sam,Jess",6,11,2020,"SHARKLIFE"
"06.11.2020","SANCTUARY","IOWZ","Shallow","0.42638888888888898","0.48055555555555601",78,NA,-27.91384,32.59793,"UVC-F","DRAGON RAY","PATEOBATIS JENKINSII",NA,NA,NA,NA,NA,NA,NA,"4","Sam","Grant, Dennis, Max,Sam,Jess",6,11,2020,"SHARKLIFE"
"13.11.2020","SANCTUARY","IOWZ","Shallow","0.3125","0.32847222222222222",23,"0",-27.91384,32.59793,"UVC-F","0","0","0","0","0","0","0","0","0","4","Sam","Grant, Max, Jess, Sam, Dennis",13,11,2020,"SHARKLIFE"
"16.11.2020","QUARTER MILE","SDRZ",NA,"0.2902777777777778","0.2951388888888889",7,"0",-27.534618,32.683308,"UVC-F","0","0","0","0","0","0","0","0","0","1","Sam","Grant, Max, Jess, Sam",16,11,2020,"SHARKLIFE"
"16.11.2020","STRINGER","SDRZ",NA,"0.38680555555555557","0.3979166666666667",16,NA,-27.53085,32.682067,"UVC-F","HONEYCOMB WHIPRAY","HIMANTURA UNDULATA",NA,NA,NA,NA,NA,NA,NA,"2","Sam","Grant, Max, Jess, Sam",16,11,2020,"SHARKLIFE"
"17.11.2020","QUARTER MILE","SDRZ","Shallow","0.3979166666666667","0.40069444444444446",4,"0",-27.534618,32.683308,"UVC-F","0","0","0","0","0","0","0",NA,NA,"2","Sam","Grant, Max, Jess, Sam",17,11,2020,"SHARKLIFE"
"21.11.2020","QUARTER MILE","SDRZ","Shallow","0.41805555555555557","0.43888888888888888",30,"0.4201388888888889",-27.534618,32.683308,"UVC-F","WHITE SPOTTED WEDGEFISH","RHYNCHOBATUS DJIDDENSIS",NA,NA,NA,NA,"21.11.2020_QM_ Wedgefish",NA,NA,"2","sam","Grant, Max, Jess, Sam, Dennis",21,11,2020,"SHARKLIFE"
"26.11.2020","SANCTUARY","IOWZ","Shallow","0.37222222222222223","0.41944444444444445",68,NA,-27.91384,32.59793,"UVC-F","COMMON BLACKTIP","CARCHARHINUS LIMBATUS",NA,NA,NA,NA,"0","0","blcktips were rather small but were inquisitive about our fins","4","Sam","Grant, Max, Jess, Sam, Dennis",26,11,2020,"SHARKLIFE"
"26.11.2020","SANCTUARY","IOWZ","Shallow","0.37222222222222223","0.41944444444444445",68,NA,-27.91384,32.59793,"UVC-F","COMMON BLACKTIP","CARCHARHINUS LIMBATUS",NA,NA,NA,NA,"0","0","blcktips were rather small but were inquisitive about our fins","4","Sam","Grant, Max, Jess, Sam, Dennis",26,11,2020,"SHARKLIFE"
"19.12.2020","QUARTER MILE","SDRZ","Shallow",NA,NA,NA,"0.27847222222222223",-27.534618,32.683308,"UVC-F","OCCELATED EAGLE RAY","AETOBATUS OCELLATUS",NA,NA,NA,NA,"19.12.2020_QM (36)","0",NA,"3","Sam","Grant, Jess, Sam, Dennis",19,12,2020,"SHARKLIFE"
"19.12.2020","QUARTER MILE","SDRZ","Shallow",NA,NA,NA,"0.27847222222222223",-27.534618,32.683308,"UVC-F","OCCELATED EAGLE RAY","AETOBATUS OCELLATUS",NA,NA,NA,NA,"19.12.2020_QM (36)","0",NA,"3","Sam","Grant, Jess, Sam, Dennis",19,12,2020,"SHARKLIFE"
"20.12.2020","QUARTER MILE","SDRZ","Shallow",NA,NA,NA,NA,-27.534618,32.683308,"UVC-F","OCCELATED EAGLE RAY","AETOBATUS OCELLATUS",NA,NA,NA,NA,"20.12.2020_QM  (93)",NA,NA,NA,"Sam",NA,20,12,2020,"SHARKLIFE"
"21.12.2020","QUARTER MILE","SDRZ","Shallow",NA,NA,NA,NA,-27.534618,32.683308,"UVC-F","HONEYCOMB WHIPRAY","HIMANTURA UNDULATA",NA,NA,NA,NA,"21.12.2020_QM (172)",NA,NA,NA,"Sam",NA,21,12,2020,"SHARKLIFE"
"04.01.2021","SANCTUARY","IOWZ","Shallow","0.34652777777777777","0.39027777777777778",63,"0.35347222222222219",-27.91384,32.59793,"UVC-S","HONEYCOMB WHIPRAY","HIMANTURA UNDULATA",NA,NA,NA,NA,NA,NA,"vis of 6m, found at 13m","2","Sam","Grant, Jess, Sam, Dennis",4,1,2021,"SHARKLIFE"
"04.01.2021","SANCTUARY","IOWZ","Shallow","0.34652777777777777","0.39027777777777778",63,"0.35347222222222219",-27.91384,32.59793,"UVC-S","DRAGON RAY","PATEOBATIS JENKINSII",NA,NA,NA,NA,NA,NA,NA,NA,"Sam",NA,4,1,2021,"SHARKLIFE"
"09.01.2021","SANCTUARY","iowz",NA,"0.35625000000000001","0.4055555555555555",NA,NA,-27.91384,32.59793,"UVC-S","COMMON BLACKTIP","CARCHARHINUS LIMBATUS",NA,NA,NA,NA,NA,NA,NA,"2","Sam",NA,9,1,2021,"SHARKLIFE"
"09.01.2021","QUARTER MILE","SDRZ",NA,"0.47986111111111113","0.49722222222222223",NA,NA,-27.534618,32.683308,"UVC-S","DRAGON RAY","PATEOBATIS JENKINSII",NA,NA,NA,NA,NA,NA,NA,"2","Sam",NA,9,1,2021,"SHARKLIFE"
"12.01.2021","MELLOW YELLOW","SDRZ",NA,"0.36458333333333331","0.38472222222222219",29,"0.37013888888888885",-27.531616,32.686783,"UVC-S","DRAGON RAY","PATEOBATIS JENKINSII",NA,NA,NA,NA,"12.01.2021_Mellow yellow _Rays (22)",NA,NA,"4","Sam",NA,12,1,2021,"SHARKLIFE"
"12.01.2021","MELLOW YELLOW","SDRZ",NA,"0.36458333333333331","0.38472222222222219",29,"0.37083333333333335",-27.531616,32.686783,"UVC-S","DRAGON RAY","PATEOBATIS JENKINSII",NA,NA,NA,NA,"12.01.2021_Mellow yellow _Rays (52)",NA,NA,"4","Sam",NA,12,1,2021,"SHARKLIFE"
"12.01.2021","MELLOW YELLOW","SDRZ",NA,"0.36458333333333331","0.38472222222222202",29,"0.36944444444444446",-27.531616,32.686783,"UVC-S","HONEYCOMB WHIPRAY","HIMANTURA UNDULATA",NA,NA,NA,NA,"12.01.2021_Mellow yellow _Rays (17)",NA,NA,"4","Sam",NA,12,1,2021,"SHARKLIFE"
"14.01.2021","SANCTUARY","IOWZ",NA,"0.34097222222222223","0.39444444444444443",77,"0.37013888888888885",-27.91384,32.59793,"UVC-F","DRAGON RAY","PATEOBATIS JENKINSII",NA,NA,NA,NA,NA,NA,NA,"1","Sam",NA,14,1,2021,"SHARKLIFE"
"14.01.2021","QUARTER MILE","SDRZ",NA,"0.47013888888888888","0.48819444444444443",26,"0.47569444444444442",-27.534618,32.683308,"UVC-F","OCCELATED EAGLE RAY","AETOBATUS OCELLATUS",NA,NA,NA,NA,NA,NA,NA,"2","Sam",NA,14,1,2021,"SHARKLIFE"
"14.01.2021","QUARTER MILE","SDRZ",NA,"0.47013888888888888","0.48819444444444443",26,"0.47638888888888892",-27.534618,32.683308,"UVC-F","RETICULATED WHIPRAY","HIMANTURA UARNAK",NA,NA,NA,NA,NA,NA,NA,"2","Sam",NA,14,1,2021,"SHARKLIFE"
"15.01.2021","QUARTER MILE","SDRZ",NA,"0.32500000000000001","0.34027777777777773",12,"0.33402777777777781",-27.534618,32.683308,"UVC-F","DRAGON RAY","PATEOBATIS JENKINSII",NA,NA,NA,NA,"15.01.2021_ QM (316)",NA,"ALL found within 10m of one another","1","Sam",NA,15,1,2021,"SHARKLIFE"
"15.01.2021","QUARTER MILE","SDRZ",NA,"0.32500000000000001","0.34027777777777773",12,"0.3347222222222222",-27.534618,32.683308,"UVC-F","HONEYCOMB WHIPRAY","HIMANTURA UNDULATA",NA,NA,NA,NA,"15.01.2021_ QM (335)",NA,NA,"1","Sam",NA,15,1,2021,"SHARKLIFE"
"15.01.2021","QUARTER MILE","SDRZ",NA,"0.32500000000000001","0.34027777777777773",12,"0.3347222222222222",-27.534618,32.683308,"UVC-F","HONEYCOMB WHIPRAY","HIMANTURA UNDULATA",NA,NA,NA,NA,NA,NA,NA,"1","Sam",NA,15,1,2021,"SHARKLIFE"
"15.01.2021","QUARTER MILE","SDRZ",NA,"0.3444444444444445","0.35486111111111113",15,"0.3527777777777778",-27.534618,32.683308,"UVC-S","HONEYCOMB WHIPRAY","HIMANTURA UNDULATA",NA,NA,NA,NA,"15.01.2021_ QM (359)",NA,NA,"1","Sam",NA,15,1,2021,"SHARKLIFE"
"17.01.2021","QUARTER MILE","SDRZ","Shallow",NA,NA,NA,NA,-27.534618,32.683308,"UVC-F","OCCELATED EAGLE RAY","AETOBATUS OCELLATUS",NA,NA,NA,NA,NA,NA,NA,NA,NA,NA,17,1,2021,"SHARKLIFE"
"18.01.2021","QUARTER MILE","SDRZ","Shallow",NA,NA,NA,NA,-27.534618,32.683308,"UVC-S","DRAGON RAY","PATEOBATIS JENKINSII",NA,NA,NA,NA,"18.01.2021_QM (63)",NA,NA,"1","Sam",NA,18,1,2021,"SHARKLIFE"
"18.01.2021","QUARTER MILE","SDRZ","Shallow",NA,NA,NA,NA,-27.534618,32.683308,"UVC-S","DRAGON RAY","PATEOBATIS JENKINSII",NA,NA,NA,NA,"18.01.2021_QM (83)",NA,NA,"1","Sam",NA,18,1,2021,"SHARKLIFE"
"18.01.2021","QUARTER MILE","SDRZ","Shallow",NA,NA,NA,NA,-27.534618,32.683308,"UVC-S","OCCELATED EAGLE RAY","AETOBATUS OCELLATUS",NA,NA,NA,NA,"18.01.2021_QM (78)",NA,NA,"1","Sam",NA,18,1,2021,"SHARKLIFE"
"18.01.2021","QUARTER MILE","SDRZ","Shallow",NA,NA,NA,NA,-27.534618,32.683308,"UVC-S","OCCELATED EAGLE RAY","AETOBATUS OCELLATUS",NA,NA,NA,NA,"18.01.2021_QM (79)",NA,NA,"1","Sam",NA,18,1,2021,"SHARKLIFE"
"19.01.2021","QUARTER MILE","SDRZ","Shallow","0.40902777777777777","0.43055555555555558",31,"0.40902777777777777",-27.534618,32.683308,"UVC-F","DRAGON RAY","PATEOBATIS JENKINSII",NA,NA,NA,NA,"19.01.2021_QM (1)",NA,NA,"4","Sam",NA,19,1,2021,"SHARKLIFE"
"19.01.2021","QUARTER MILE","SDRZ","Shallow","0.40902777777777777","0.43055555555555558",31,"0.41041666666666665",-27.534618,32.683308,"UVC-F","WHITE SPOTTED WEDGE FISH","RHYNCHOBATUS DJIDDENSIS",NA,NA,NA,NA,"19.01.2021_QM (4)",NA,NA,"4","Sam",NA,19,1,2021,"SHARKLIFE"
"19.01.2021","QUARTER MILE","SDRZ","Shallow","0.40902777777777777","0.43055555555555602",31,"0.42708333333333331",-27.534618,32.683308,"UVC-F","WHITE SPOTTED WEDGEFISH","RHYNCHOBATUS DJIDDENSIS",NA,NA,NA,NA,"-",NA,NA,"4","Sam",NA,19,1,2021,"SHARKLIFE"
"20.01.2021","QUARTER MILE","SDRZ","Shallow","0.29652777777777778","0.36458333333333331",98,"0.30972222222222223",-27.534618,32.683308,"UVC-F","BULL SHARK","CARCHARHINUS LEUCAS",NA,NA,NA,NA,"20.01.2021_QM (27)",NA,"has fishing lure on the right hand side of her mouth","4","Sam",NA,20,1,2021,"SHARKLIFE"
"20.01.2021","QUARTER MILE","SDRZ","Shallow","0.29652777777777778","0.36458333333333331",98,"0.35625000000000001",-27.534618,32.683308,"UVC-F","OCCELATED EAGLE RAY","AETOBATUS OCELLATUS",NA,NA,NA,NA,"20.01.2021_QM (55)",NA,"freediving practice just off the reef.","4","Sam",NA,20,1,2021,"SHARKLIFE"
"20.01.2021","QUARTER MILE","SDRZ","Shallow","0.29652777777777778","0.36458333333333331",98,"0.35625000000000001",-27.534618,32.683308,"UVC-F","OCCELATED EAGLE RAY","AETOBATUS OCELLATUS",NA,NA,NA,NA,"20.01.2021_QM (54)",NA,"freediving practice just off the reef.","4","Sam",NA,20,1,2021,"SHARKLIFE"
"21.01.2021","QUARTER MILE","SDRZ","Shallow","0.28541666666666665","0.30902777777777779",34,"0.29722222222222222",-27.534618,32.683308,"UVC-F","BULL SHARK","CARCHARHINUS LEUCAS",NA,NA,NA,NA,"21.01.2021_QM (15)",NA,NA,"4","Sam",NA,21,1,2021,"SHARKLIFE"
"23.01.2021","SANCTUARY","IOWZ","Shallow",NA,NA,NA,NA,-27.91384,32.59793,"UVC-F","COMMON BLACKTIP","CARCHARHINUS LIMBATUS",NA,NA,NA,NA,NA,NA,NA,"4","Sam",NA,23,1,2021,"SHARKLIFE"
"23.01.2021","SANCTUARY","IOWZ","Shallow",NA,NA,NA,NA,-27.91384,32.59793,"UVC-F","DRAGON RAY","PATEOBATIS JENKINSII",NA,NA,NA,NA,NA,NA,NA,"4","Sam",NA,23,1,2021,"SHARKLIFE"
"23.01.2021","SANCTUARY","IOWZ","Shallow",NA,NA,NA,NA,-27.91384,32.59793,"UVC-F","OCCELATED EAGLE RAY","AETOBATUS OCELLATUS",NA,NA,NA,"10",NA,NA,NA,"4","Sam",NA,23,1,2021,"SHARKLIFE"
"23.01.2021","QUARTER MILE","SDRZ","Shallow",NA,NA,NA,NA,-27.534618,32.683308,"UVC-F","DRAGON RAY","PATEOBATIS JENKINSII",NA,NA,NA,NA,NA,NA,NA,"4","Sam",NA,23,1,2021,"SHARKLIFE"
"23.01.2021","QUARTER MILE","SDRZ","Shallow",NA,NA,NA,NA,-27.534618,32.683308,"UVC-F","DRAGON RAY","PATEOBATIS JENKINSII",NA,NA,NA,NA,NA,NA,NA,"4","Sam",NA,23,1,2021,"SHARKLIFE"
